<?xml version="1.0" encoding="ISO-8859-1"?>
<!DOCTYPE EQUIPMENT SYSTEM "file://localhost/vimacon/dtds/tc3_0/equipment.dtd">

<EQUIPMENT name="DataManager" id="1" text="20714" pingInterval="" configPath=".\bin\dataManager\config">
    <DRIVER_CONF>
        <dataManager>
            <sqlServer>localhost</sqlServer>
            <login>sa</login>
            <password>CBEICNFCCBEPCLEPDDENCLFCDKEIDGFCCMEP</password>
<!-- DB timeout in sec. - SQL command returns if timeout expires --><dbTimeout>500</dbTimeout>
            <AuditTrailVersion>1_2_0</AuditTrailVersion>
            <AuditCategoryVersion>1_1_0</AuditCategoryVersion>
            <ElectronicRecordVersion>1_1_0</ElectronicRecordVersion>
            <ArbitaryRecordVersion>1_0_0</ArbitaryRecordVersion>
            <ArbitraryRecordVersion>2_1_0</ArbitraryRecordVersion>
            <GFRecordVersion>1_0_0</GFRecordVersion>
            <FormatRecordVersion>1_1_0</FormatRecordVersion>
            <BatchRecordVersion>1_0_0</BatchRecordVersion>
<!-- Version of the PDA DB table data structure --><LotVersion>1_0_0</LotVersion>
            <Lot_ParameterVersion>1_0_0</Lot_ParameterVersion>
            <Machine_AllocationVersion>1_0_0</Machine_AllocationVersion>
            <NDCVersion>1_0_0</NDCVersion>
            <Analog_ValuesVersion>1_0_0</Analog_ValuesVersion>
            <Machine_ModeVersion>1_0_0</Machine_ModeVersion>
            <Loss_TimeVersion>1_1_0</Loss_TimeVersion>
            <CounterVersion>1_0_0</CounterVersion>
            <Machine_StateVersion>1_0_0</Machine_StateVersion>
            <Event_FaultVersion>1_0_0</Event_FaultVersion>
            <Event_AlarmVersion>1_0_0</Event_AlarmVersion>
            <Event_DowntimeVersion>1_0_0</Event_DowntimeVersion>
            <Event_ShiftVersion>1_0_0</Event_ShiftVersion>
            <Total_Operating_TimeVersion>1_0_0</Total_Operating_TimeVersion>
            <Packaging_RatioVersion>1_0_0</Packaging_RatioVersion>
            <Velocity_ChangeVersion>1_0_0</Velocity_ChangeVersion>
            <Machine_Loss_ShareVersion>1_0_0</Machine_Loss_ShareVersion>
            <Stop_HistoryVersion>1_0_0</Stop_HistoryVersion>
            <Stop_History_EventVersion>1_0_0</Stop_History_EventVersion>
            <Device_StatisticVersion>1_0_0</Device_StatisticVersion>
<!-- max. Audit Trail entries per export file --><maxEntriesPerExport>100000</maxEntriesPerExport>
<!-- data directories --><localDataDir>D:\Production_Data\Local_Data\</localDataDir>
            <backupDir>D:\Production_Data\Database_Backup\</backupDir>
            <ATExportDir>D:\Production_Data\AuditTrail_Export\</ATExportDir>
            <PDAExportDir>D:\Production_Data\PDA_Export\</PDAExportDir>
<!-- number of weeks the batches export data will be stored on the production system --><keepWeeksPDA>4</keepWeeksPDA>
<!-- number of weeks the Audit Trail export data will be stored on the production system --><keepWeeks>2</keepWeeks>
<!-- full DB backup period in days --><fullBackupPeriod>3</fullBackupPeriod>
<!-- differential DB backup period in hours --><diffBackupPeriod>1</diffBackupPeriod>
<!-- Audit Trail data export period in days --><exportPeriod>7</exportPeriod>
<!-- number of backup sets to use --><numBackupSets>5</numBackupSets>
<!-- host name of the PC to which error messages are sent during automatic backup/export --><errorMsgHost>localhost</errorMsgHost>
<!-- last date/time a backup/export was executed successfully --><lastFullATDBBackup/>
            <lastDiffATDBBackup/>
            <lastFullMasterBackup/>
            <lastAuditTrailExport/>
            <lastFullPDADBBackup/>
            <lastDiffPDADBBackup/>
            <lastPDAExport/>
<!-- if the DB size [MBytes] is greater than this value a warning is generated --><warningThreshold>256</warningThreshold>
<!-- if the PDA DB size [MBytes] is greater than this value a warning is generated --><waringThresholdPDA>256</waringThresholdPDA>
            <warningThresholdPDA>256</warningThresholdPDA>
            <lastDeleteOutsideLot/>
            <exportAfterSynch>false</exportAfterSynch>
        </dataManager>
        <taskScheduler>
            <AppPath>C:\pm2004\bin\DataManager</AppPath>
            <AppName>DataManager.exe</AppName>
            <AppParameter>/a</AppParameter>
        </taskScheduler>
        <touchControlBackup>
            <TCDir>C:\pm2004\</TCDir>
            <TCExportDir>D:\Production_Data\TouchControl_Backup</TCExportDir>
            <FormatExport>False</FormatExport>
<!-- not used --><FormatExportDir>D:\Production_Data\FormatData_Backup</FormatExportDir>
        </touchControlBackup>
    </DRIVER_CONF>
</EQUIPMENT>
