<?xml version="1.0" encoding="ISO-8859-1"?>
<!DOCTYPE PAGES SYSTEM "file://localhost/vimacon/dtds/tc2_8/pages.dtd">

<PAGES>
    <PAGE name="PinholeFormningFoil" text="8310" help="0" menu="" cmt="PinholeFormingFoil" rightVisible="-1" icon="" stationUse="1" type="3">
        <VISLET name="FF_PinHole_SWI_VisioScan_SimulationMode" showSymbol="0" x="" y=""/>
        <VISLET name="FF_PinHole_CON_SetPointSensitivity" showSymbol="0" x="0" y="20"/>
        <VISLET name="FF_PinHole_CON_ActualSensitivity" showSymbol="0" x="0" y="30"/>
        <VISLET name="FF_PinHole_GRP_MSR_PinHole" showSymbol="0" x="" y=""/>
        <VISLET name="FF_PinHole_SET_PIN_HOLE_DETECTION" showSymbol="0" x="" y=""/>
        <VISLET name="FF_PinHole_SET_LightMask" showSymbol="0" x="" y=""/>
    </PAGE>
</PAGES>
