<?xml version="1.0" encoding="UTF-8"?>

<!DOCTYPE TEXTS SYSTEM "file://localhost/vimacon/dtds/tc2_8/texts.dtd">

<TEXTS>
    <TEXT id="16454" sym="" lang="de" country="DEU">Automatische Auslogzeit</TEXT>
    <TEXT id="16590" sym="" lang="de" country="DEU">Min.</TEXT>
    <TEXT id="20442" sym="" lang="de" country="DEU">Keine Default - Formatdaten vom FDS</TEXT>
    <TEXT id="23385" sym="" lang="de" country="DEU">Notfallbetrieb: Login nur mit lokalem Benutzer möglich.</TEXT>
    <TEXT id="22416" sym="" lang="de" country="DEU">Zugangsserver</TEXT>
    <TEXT id="16360" sym="" lang="de" country="DEU">Audit Trail-Einträge werden nicht durchgeführt</TEXT>
    <TEXT id="16361" sym="" lang="de" country="DEU">ACS</TEXT>
</TEXTS>

