<?xml version="1.0" encoding="UTF-8"?>
<!DOCTYPE TEXTS SYSTEM "file://localhost/vimacon/dtds/tc2_8/texts.dtd">

<TEXTS>
    <TEXT id="9303" sym="" lang="de" country="">Bereit.</TEXT>
    <TEXT id="9310" sym="" lang="de" country="">Authentifizierungsstatus: Kein Eintrag</TEXT>
    <TEXT id="9318" sym="" lang="de" country="">Das Benutzerkonto ist gesperrt. Kontaktieren Sie den Systemadministrator.</TEXT>
    <TEXT id="9389" sym="" lang="de" country="">Kennwort</TEXT>
    <TEXT id="9353" sym="" lang="de" country="">Tagen ab.</TEXT>
    <TEXT id="9317" sym="" lang="de" country="">Das Kennwort muss geändert werden vor der Anmeldung am System. Drücken Sie OK zur Änderung des Kennwortes.</TEXT>
    <TEXT id="9327" sym="" lang="de" country="">Keine Antwort vom Audit Trail Server. Nur berechtigte Personen können sich am System anmelden.</TEXT>
    <TEXT id="9344" sym="" lang="de" country="">Die Reset Nachricht wird periodisch an den ACS gesendet.</TEXT>
    <TEXT id="9390" sym="" lang="de" country="">Altes Kennwort</TEXT>
    <TEXT id="9339" sym="" lang="de" country="">Das neue Kennwort und die Kennwortbestätigung müssen identisch sein.</TEXT>
    <TEXT id="9352" sym="" lang="de" country="">Ihr Kennwort läuft in</TEXT>
    <TEXT id="9365" sym="" lang="de" country="">Das Kennwort darf für diesen Benutzer nicht geändert werden.</TEXT>
    <TEXT id="9359" sym="" lang="de" country="">*** Kennwortänderung fehlgeschlagen ***</TEXT>
    <TEXT id="9391" sym="" lang="de" country="">Neues Kennwort</TEXT>
    <TEXT id="9340" sym="" lang="de" country="">Warten bis Kennwortänderung erfolgreich...</TEXT>
    <TEXT id="9388" sym="" lang="de" country="">Benutzername</TEXT>
    <TEXT id="9309" sym="" lang="de" country="">*** Authentifizierung fehlgeschlagen ***</TEXT>
    <TEXT id="9324" sym="" lang="de" country="">Fehler beim Lesen des Benutzername.</TEXT>
    <TEXT id="9385" sym="" lang="de" country="">Entf</TEXT>
    <TEXT id="9314" sym="" lang="de" country="">Benutzer ist zur Anmeldung an diesem Computer nicht berechtigt.</TEXT>
    <TEXT id="9329" sym="" lang="de" country="">ACS Konfigurationsfehler: Der ACC ist falsch konfiguriert.</TEXT>
    <TEXT id="9393" sym="" lang="de" country="">Anmelden</TEXT>
    <TEXT id="9321" sym="" lang="de" country="">Das Benutzerkonto ist abgelaufen.</TEXT>
    <TEXT id="9343" sym="" lang="de" country="">Das alte und das neue Kennwort sind identisch. Geben Sie bitte ein neues Kennwort ein.</TEXT>
    <TEXT id="9354" sym="" lang="de" country="">Alter Zustand:</TEXT>
    <TEXT id="9328" sym="" lang="de" country="">Keine Verbindung zum Windows Active Directory.</TEXT>
    <TEXT id="9355" sym="" lang="de" country="">Ausgelöstes Ereignis:</TEXT>
    <TEXT id="9384" sym="" lang="de" country="">Einfg</TEXT>
    <TEXT id="9323" sym="" lang="de" country="">Fehler bei der Impersonalisierung des Benutzers.</TEXT>
    <TEXT id="9300" sym="" lang="de" country="">Warten auf Reset Nachricht vom ACS...</TEXT>
    <TEXT id="9394" sym="" lang="de" country="">Abmelden</TEXT>
    <TEXT id="9325" sym="" lang="de" country="">Der Benutzer ist zur Anmeldung an dieser Anwendung nicht berechtigt. Der Benutzer besitzt nicht die notwendige Applikationsgruppe.</TEXT>
    <TEXT id="9382" sym="" lang="de" country="">Strg</TEXT>
    <TEXT id="9361" sym="" lang="de" country="">Der Benutzername ist ungültig oder existiert nicht.</TEXT>
    <TEXT id="9311" sym="" lang="de" country="">Unbekannter Benutzername oder falsches Kennwort.</TEXT>
    <TEXT id="9350" sym="" lang="de" country="">Benutzer wurde über Remote Anmeldung angemeldet.</TEXT>
    <TEXT id="9395" sym="" lang="de" country="">Kennwortänderung...</TEXT>
    <TEXT id="9326" sym="" lang="de" country="">Allgemeiner Anmeldefehler.</TEXT>
    <TEXT id="9381" sym="" lang="de" country="">Alt Gr</TEXT>
    <TEXT id="9345" sym="" lang="de" country="">Warten bis der Benutzer abgemeldet ist...</TEXT>
    <TEXT id="9302" sym="" lang="de" country="">Warten auf Authentifizierung...</TEXT>
    <TEXT id="9312" sym="" lang="de" country="">Zugangsrestriktion. Mögliche Gründe: Leere Kennwörter nicht erlaubt, Einschränkung der Anmeldezeit oder Sicherheitseinstellungen sind aktiv.</TEXT>
    <TEXT id="9316" sym="" lang="de" country="">Dem Benutzer wird die Anmeldung an diesem Computer verweigert.</TEXT>
    <TEXT id="9380" sym="" lang="de" country="">*** Tastatur/Formular Beschriftung ***</TEXT>
    <TEXT id="9301" sym="" lang="de" country="">Warten auf ACC Einstellungen...</TEXT>
    <TEXT id="9341" sym="" lang="de" country="">Kennwortänderung erfolgreich.</TEXT>
    <TEXT id="9319" sym="" lang="de" country="">Der Domain Controller konnte nicht gefunden werden.</TEXT>
    <TEXT id="9362" sym="" lang="de" country="">Der Wert für das aktuelle Kennwort ist falsch.</TEXT>
    <TEXT id="9360" sym="" lang="de" country="">Status Kennwortänderung: Kein Eintrag</TEXT>
    <TEXT id="9383" sym="" lang="de" country="">Umschalt</TEXT>
    <TEXT id="9342" sym="" lang="de" country="">Drücken Sie OK, um das Kennwort jetzt zu ändern.</TEXT>
    <TEXT id="9351" sym="" lang="de" country="">Benutzer wurde über Remote Abmeldung abgemeldet.</TEXT>
    <TEXT id="9346" sym="" lang="de" country="">Keine Antwort vom ACS.</TEXT>
    <TEXT id="9338" sym="" lang="de" country="">Die Kennwortbestätigung ist fehlgeschlagen.</TEXT>
    <TEXT id="9363" sym="" lang="de" country="">Das Format für das neue Kennwort ist ungültig. Mögliche Gründe: falsche Länge, Komplexität nicht erfüllt, bereits verwendet, falsche Zeichen, ...</TEXT>
    <TEXT id="9386" sym="" lang="de" country="">OK</TEXT>
    <TEXT id="9313" sym="" lang="de" country="">Verletzung der Anmeldezeitrestriktion.</TEXT>
    <TEXT id="9322" sym="" lang="de" country="">Der ADAccessServer besitzt nicht die benötigten Privilegien zur Anmeldung.</TEXT>
    <TEXT id="9349" sym="" lang="de" country="">Fehler beim Empfang der ACC Einstellungen.</TEXT>
    <TEXT id="9320" sym="" lang="de" country="">Das Benutzerkonte ist gesperrt. Grund: Zu viele Anmeldeversuche.</TEXT>
    <TEXT id="9348" sym="" lang="de" country="">Fehler beim Abmelden des Benutzers.</TEXT>
    <TEXT id="9392" sym="" lang="de" country="">Kennwortbestätigung</TEXT>
    <TEXT id="9387" sym="" lang="de" country="">Abbruch</TEXT>
    <TEXT id="9347" sym="" lang="de" country="">Ein interner Fehler ist aufgetreten.</TEXT>
    <TEXT id="9315" sym="" lang="de" country="">Das Benutzerkennwort ist abgelaufen.</TEXT>
    <TEXT id="9364" sym="" lang="de" country="">Der Domain Controller konnte nicht gefunden werden.</TEXT>
</TEXTS>
