<?xml version="1.0" encoding="UTF-8"?>
<!DOCTYPE TEXTS SYSTEM "file://localhost/vimacon/dtds/tc2_8/texts.dtd">

<TEXTS>
    <TEXT id="9303" sym="" lang="en" country="">Ready.</TEXT>
    <TEXT id="9310" sym="" lang="en" country="">Authentication status: no entry</TEXT>
    <TEXT id="9318" sym="" lang="en" country="">The account is currently disabled. Contact the system administrator.</TEXT>
    <TEXT id="9389" sym="" lang="en" country="">Password</TEXT>
    <TEXT id="9353" sym="" lang="en" country="">days.</TEXT>
    <TEXT id="9317" sym="" lang="en" country="">Your password must be changed before logging on to the system. Press OK to change your password.</TEXT>
    <TEXT id="9327" sym="" lang="en" country="">There was no response from the audit trail server. Only authorized persons are allowed to log on to the system.</TEXT>
    <TEXT id="9344" sym="" lang="en" country="">The reset message is sent periodically to ACS.</TEXT>
    <TEXT id="9390" sym="" lang="en" country="">Old password</TEXT>
    <TEXT id="9339" sym="" lang="en" country="">Please ensure that the new and the confirmation passwords are identical.</TEXT>
    <TEXT id="9352" sym="" lang="en" country="">Your password expires in</TEXT>
    <TEXT id="9365" sym="" lang="en" country="">The password must not be changed for this user.</TEXT>
    <TEXT id="9359" sym="" lang="en" country="">***Password change failed***</TEXT>
    <TEXT id="9391" sym="" lang="en" country="">New password</TEXT>
    <TEXT id="9340" sym="" lang="en" country="">Waiting until the password is changed...</TEXT>
    <TEXT id="9388" sym="" lang="en" country="">User name</TEXT>
    <TEXT id="9309" sym="" lang="en" country="">***Authentication failed***</TEXT>
    <TEXT id="9324" sym="" lang="en" country="">Error on reading the user name.</TEXT>
    <TEXT id="9385" sym="" lang="en" country="">Del</TEXT>
    <TEXT id="9314" sym="" lang="en" country="">User not allowed to log on to this computer.</TEXT>
    <TEXT id="9329" sym="" lang="en" country="">ACS configuration error: This ACC is not configured correctly.</TEXT>
    <TEXT id="9393" sym="" lang="en" country="">Login</TEXT>
    <TEXT id="9321" sym="" lang="en" country="">The user's account has expired.</TEXT>
    <TEXT id="9343" sym="" lang="en" country="">The old and new password are identical. Please enter a new password.</TEXT>
    <TEXT id="9354" sym="" lang="en" country="">Old state:</TEXT>
    <TEXT id="9328" sym="" lang="en" country="">Connection to the Windows Active Directory failed.</TEXT>
    <TEXT id="9355" sym="" lang="en" country="">Event triggered:</TEXT>
    <TEXT id="9384" sym="" lang="en" country="">Insert</TEXT>
    <TEXT id="9323" sym="" lang="en" country="">Error on impersonating the user.</TEXT>
    <TEXT id="9300" sym="" lang="en" country="">Waiting for reset message from ACS...</TEXT>
    <TEXT id="9394" sym="" lang="en" country="">Logout</TEXT>
    <TEXT id="9325" sym="" lang="en" country="">The user is not authorized to logon to this application. A valid group is not held by this user.</TEXT>
    <TEXT id="9382" sym="" lang="en" country="">Strg</TEXT>
    <TEXT id="9361" sym="" lang="en" country="">The account name is invalid or does not exist.</TEXT>
    <TEXT id="9311" sym="" lang="en" country="">Unknown user name or bad password.</TEXT>
    <TEXT id="9350" sym="" lang="en" country="">User logged on by remote request.</TEXT>
    <TEXT id="9395" sym="" lang="en" country="">Changing password...</TEXT>
    <TEXT id="9326" sym="" lang="en" country="">None specific logon failure.</TEXT>
    <TEXT id="9381" sym="" lang="en" country="">Alt Gr</TEXT>
    <TEXT id="9345" sym="" lang="en" country="">Waiting until the user is logged out...</TEXT>
    <TEXT id="9302" sym="" lang="en" country="">Waiting for authentication results...</TEXT>
    <TEXT id="9312" sym="" lang="en" country="">User account restriction. Possible reasons are blank passwords not allowed, logon hour restrictions, or a policy restriction has been enforced.</TEXT>
    <TEXT id="9316" sym="" lang="en" country="">The user has not been granted the requested logon type at this computer.</TEXT>
    <TEXT id="9380" sym="" lang="en" country="">*** Keyboard labelling ***</TEXT>
    <TEXT id="9301" sym="" lang="en" country="">Waiting for ACC configuration...</TEXT>
    <TEXT id="9341" sym="" lang="en" country="">Password change successful.</TEXT>
    <TEXT id="9319" sym="" lang="en" country="">Could not find the domain controller for this domain.</TEXT>
    <TEXT id="9362" sym="" lang="en" country="">The value provided as the current password is incorrect.</TEXT>
    <TEXT id="9360" sym="" lang="en" country="">Password change status: no entry</TEXT>
    <TEXT id="9383" sym="" lang="en" country="">Shift</TEXT>
    <TEXT id="9342" sym="" lang="en" country="">To change your password now, press OK.</TEXT>
    <TEXT id="9351" sym="" lang="en" country="">User logged off by remote request.</TEXT>
    <TEXT id="9346" sym="" lang="en" country="">No response from ACS.</TEXT>
    <TEXT id="9338" sym="" lang="en" country="">The password confirmation failed.</TEXT>
    <TEXT id="9363" sym="" lang="en" country="">The value provided for the new password does not have a valid format, e.g. wrong length, complexity, history, wrong characters...</TEXT>
    <TEXT id="9386" sym="" lang="en" country="">OK</TEXT>
    <TEXT id="9313" sym="" lang="en" country="">Account logon time restriction violation.</TEXT>
    <TEXT id="9322" sym="" lang="en" country="">A required privilege is not held by the ADAccessServer.</TEXT>
    <TEXT id="9349" sym="" lang="en" country="">Error on receiving ACC configuration data.</TEXT>
    <TEXT id="9320" sym="" lang="en" country="">The referenced account is currently locked out and may not be logged on to. Reason: to many logon attempts.</TEXT>
    <TEXT id="9348" sym="" lang="en" country="">Error on logging out the user.</TEXT>
    <TEXT id="9392" sym="" lang="en" country="">Confirm password</TEXT>
    <TEXT id="9387" sym="" lang="en" country="">Cancel</TEXT>
    <TEXT id="9347" sym="" lang="en" country="">An internal error occured.</TEXT>
    <TEXT id="9315" sym="" lang="en" country="">User not allowed to log on to this computer.</TEXT>
    <TEXT id="9364" sym="" lang="en" country="">Could not find the domain controller for this domain.</TEXT>
</TEXTS>
