<?xml version="1.0" encoding="ISO-8859-1"?>
<!DOCTYPE EQUIPMENT SYSTEM "file://localhost/vimacon/dtds/tc3_0/equipment.dtd">

<EQUIPMENT name="CSReport" id="0" text="1" pingInterval="" configPath=".\bin\CSReport">
    <CSREPORT_CONF>
        <CheckRightSC>True</CheckRightSC>
        <UseEnglishInsteadOf>
            <item>Mandarin</item>
        </UseEnglishInsteadOf>
        <Database>
            <Customer>c:\pm2004\bin\GlobalConf\Customer.mdb</Customer>
            <Error>c:\pm2004\bin\tc\param\Fehler.mdb</Error>
            <Format>c:\pm2004\bin\tc\form\Format.mdb</Format>
            <Menu>c:\pm2004\bin\tc\param\Menu.mdb</Menu>
            <Machine>c:\pm2004\bin\tc\param\Maschine.mdb</Machine>
            <FiMCfgFile>C:\Pm2004\bin\GlobalLib\FiMCfg.xml</FiMCfgFile>
        </Database>
        <Broker>
            <ip>LOCALHOST</ip>
            <port>5100</port>
            <clientname>CSReport</clientname>
            <variables>
                <authorityVar>ACS_Authority_TC</authorityVar>
                <languageVar>LANGUAGE_TC</languageVar>
            </variables>
        </Broker>
        <Report>
            <UhlmannLayout>false</UhlmannLayout>
            <Debug>false</Debug>
            <Designer>False</Designer>
            <GlobalConfigFile>c:\pm2004\bin\GlobalConf\GlobalCfg.xml</GlobalConfigFile>
            <Print mode="preview" silent="false"/>
            <IncludeToolbars>True</IncludeToolbars>
            <HideFirstSubMenuEntry>True</HideFirstSubMenuEntry>
            <Export type="PDF">
                <Path>c:\pm2004\bin\tc\export\</Path>
            </Export>
        </Report>
        <PreselectedOptions>
            <option>0</option>
            <option>3</option>
            <option>4</option>
            <option>5</option>
            <option>7</option>
        </PreselectedOptions>
    </CSREPORT_CONF>
</EQUIPMENT>
