<?xml version="1.0" encoding="UTF-8"?>
<!DOCTYPE TEXTS SYSTEM "file://localhost/vimacon/dtds/tc2_8/texts.dtd">

<TEXTS>
    <TEXT id="4905" sym="" lang="de" country="">Blister</TEXT>
    <TEXT id="7167" sym="" lang="de" country="">Kartonierer</TEXT>
    <TEXT id="8546" sym="" lang="de" country="">Dateiname</TEXT>
    <TEXT id="10383" sym="" lang="de" country="">Überschreiben</TEXT>
    <TEXT id="13593" sym="" lang="de" country="">Takte/min</TEXT>
    <TEXT id="16617" sym="" lang="de" country="">Signatur</TEXT>
    <TEXT id="16619" sym="" lang="de" country="">Blistergrösse</TEXT>
    <TEXT id="16620" sym="" lang="de" country="">Folie</TEXT>
    <TEXT id="16621" sym="" lang="de" country="">Produkt/Blister</TEXT>
    <TEXT id="18524" sym="" lang="de" country="">Produkt</TEXT>
    <TEXT id="18796" sym="" lang="de" country="">Faltschachtelmaße</TEXT>
    <TEXT id="19904" sym="" lang="de" country="">Nr</TEXT>
    <TEXT id="19905" sym="" lang="de" country="">Produktname</TEXT>
    <TEXT id="19906" sym="" lang="de" country="">Faltschachtel</TEXT>
    <TEXT id="19907" sym="" lang="de" country="">Prospekt</TEXT>
    <TEXT id="19911" sym="" lang="de" country="">Datum</TEXT>
    <TEXT id="20427" sym="" lang="de" country="">FS/Bündel</TEXT>
    <TEXT id="22628" sym="" lang="de" country="">Master PC</TEXT>
    <TEXT id="23162" sym="" lang="de" country="">Lagen/Palette</TEXT>
    <TEXT id="24120" sym="" lang="de" country="">Formatversion</TEXT>
    <TEXT id="27267" sym="" lang="de" country="">Abmessungen Versandkarton</TEXT>
    <TEXT id="27268" sym="" lang="de" country="">Produkte/Versandkarton</TEXT>
    <TEXT id="27269" sym="" lang="de" country="">Abmessungen Palette</TEXT>
    <TEXT id="27270" sym="" lang="de" country="">Zeichnungs-Nr</TEXT>
    <TEXT id="27964" sym="" lang="de" country="">Blistermaschine</TEXT>
    <TEXT id="28551" sym="" lang="de" country="">Packgutabmessungen</TEXT>
    <TEXT id="28552" sym="" lang="de" country="">Packgut/Faltschachtel</TEXT>
    <TEXT id="30662" sym="" lang="de" country="">Neue Nr</TEXT>
    <TEXT id="30932" sym="" lang="de" country="">IBC</TEXT>
    <TEXT id="30939" sym="" lang="de" country="">Flasche</TEXT>
    <TEXT id="30940" sym="" lang="de" country="">Kappe</TEXT>
    <TEXT id="30942" sym="" lang="de" country="">Trockenmittel</TEXT>
    <TEXT id="31718" sym="" lang="de" country="">Produkte/Flasche</TEXT>
    <TEXT id="40317" sym="" lang="de" country="">Palettierer</TEXT>
    <TEXT id="41122" sym="" lang="de" country="">Straffbanderolierer</TEXT>
    <TEXT id="47200" sym="" lang="de" country="">Kartonseitenpacker</TEXT>
</TEXTS>
