<?xml version="1.0" encoding="UTF-8"?>
<!DOCTYPE TEXTS SYSTEM "file://localhost/vimacon/dtds/tc2_8/texts.dtd">

<TEXTS>
    <TEXT id="10" sym="" lang="en" country="">Error</TEXT>
    <TEXT id="15" sym="" lang="en" country="">Help</TEXT>
    <TEXT id="1233" sym="" lang="en" country="">Save</TEXT>
    <TEXT id="5015" sym="" lang="en" country="">Current data</TEXT>
    <TEXT id="5017" sym="" lang="en" country="">Line data</TEXT>
    <TEXT id="6000" sym="" lang="en" country="">OK</TEXT>
    <TEXT id="6001" sym="" lang="en" country="">Cancel</TEXT>
    <TEXT id="6002" sym="" lang="en" country="">New</TEXT>
    <TEXT id="6005" sym="" lang="en" country="">Save as ...</TEXT>
    <TEXT id="6006" sym="" lang="en" country="">Rename</TEXT>
    <TEXT id="6008" sym="" lang="en" country="">Value</TEXT>
    <TEXT id="6015" sym="" lang="en" country="">Cam</TEXT>
    <TEXT id="7225" sym="" lang="en" country="">Format data</TEXT>
    <TEXT id="7266" sym="" lang="en" country="">Delete</TEXT>
    <TEXT id="8084" sym="" lang="en" country="">Yes</TEXT>
    <TEXT id="8154" sym="" lang="en" country="">No</TEXT>
    <TEXT id="8172" sym="" lang="en" country="">Date</TEXT>
    <TEXT id="8195" sym="" lang="en" country="">Format number</TEXT>
    <TEXT id="8203" sym="" lang="en" country="">Old</TEXT>
    <TEXT id="8211" sym="" lang="en" country="">Format exists already. Do you want to overwrite ?</TEXT>
    <TEXT id="8217" sym="" lang="en" country="">Please wait</TEXT>
    <TEXT id="8400" sym="" lang="en" country="">Format</TEXT>
    <TEXT id="8442" sym="" lang="en" country="">Print</TEXT>
    <TEXT id="8502" sym="" lang="en" country="">No reply received</TEXT>
    <TEXT id="8555" sym="" lang="en" country="">From:</TEXT>
    <TEXT id="8556" sym="" lang="en" country="">To:</TEXT>
    <TEXT id="8617" sym="" lang="en" country="">Load</TEXT>
    <TEXT id="8879" sym="" lang="en" country="">Repeat</TEXT>
    <TEXT id="8880" sym="" lang="en" country="">Ignore</TEXT>
    <TEXT id="9000" sym="" lang="en" country="">Picture</TEXT>
    <TEXT id="9001" sym="" lang="en" country="">not found</TEXT>
    <TEXT id="9002" sym="" lang="en" country="">No values found to import.</TEXT>
    <TEXT id="9003" sym="" lang="en" country="">Fault to copy</TEXT>
    <TEXT id="9005" sym="" lang="en" country="">already exists</TEXT>
    <TEXT id="9006" sym="" lang="en" country="">The actual loaded format can't be deleted</TEXT>
    <TEXT id="9008" sym="" lang="en" country="">Sub format</TEXT>
    <TEXT id="9011" sym="" lang="en" country="">Format</TEXT>
    <TEXT id="9012" sym="" lang="en" country="">Format to</TEXT>
    <TEXT id="9013" sym="" lang="en" country="">rename?</TEXT>
    <TEXT id="9014" sym="" lang="en" country="">delete?</TEXT>
    <TEXT id="9015" sym="" lang="en" country="">load?</TEXT>
    <TEXT id="9016" sym="" lang="en" country="">save?</TEXT>
    <TEXT id="9017" sym="" lang="en" country="">as</TEXT>
    <TEXT id="9020" sym="" lang="en" country="">Import</TEXT>
    <TEXT id="9021" sym="" lang="en" country="">Export</TEXT>
    <TEXT id="9022" sym="" lang="en" country="">Load</TEXT>
    <TEXT id="9023" sym="" lang="en" country="">Print</TEXT>
    <TEXT id="9027" sym="" lang="en" country="">actual format:</TEXT>
    <TEXT id="9028" sym="" lang="en" country="">on</TEXT>
    <TEXT id="9029" sym="" lang="en" country="">off</TEXT>
    <TEXT id="9040" sym="" lang="en" country="">changed values</TEXT>
    <TEXT id="9041" sym="" lang="en" country="">format view</TEXT>
    <TEXT id="9099" sym="" lang="en" country="">machine formate</TEXT>
    <TEXT id="9409" sym="" lang="en" country="">This is your legally binding signature for the following action:</TEXT>
    <TEXT id="9413" sym="" lang="en" country="">The action was signed by the user &lt;</TEXT>
    <TEXT id="9414" sym="" lang="en" country="">Electronic Signature</TEXT>
    <TEXT id="9415" sym="" lang="en" country="">User verification failed or you have no signature authorization.</TEXT>
    <TEXT id="9416" sym="" lang="en" country="">You are not authorized to perform this action.</TEXT>
    <TEXT id="9417" sym="" lang="en" country="">A BDE job is currently running. The action is currently not possible.</TEXT>
    <TEXT id="9418" sym="" lang="en" country="">User name</TEXT>
    <TEXT id="9419" sym="" lang="en" country="">Password</TEXT>
    <TEXT id="9420" sym="" lang="en" country="">Sign</TEXT>
    <TEXT id="9421" sym="" lang="en" country="">Save</TEXT>
    <TEXT id="9423" sym="" lang="en" country="">line format</TEXT>
    <TEXT id="10146" sym="" lang="en" country="">Number of cams:</TEXT>
    <TEXT id="10300" sym="" lang="en" country="">Dead time:</TEXT>
    <TEXT id="10301" sym="" lang="en" country="">ms</TEXT>
    <TEXT id="10381" sym="" lang="en" country="">Enter file name</TEXT>
    <TEXT id="11680" sym="" lang="en" country="">Name</TEXT>
    <TEXT id="11968" sym="" lang="en" country="">Name</TEXT>
    <TEXT id="12000" sym="" lang="en" country="">Type</TEXT>
    <TEXT id="12124" sym="" lang="en" country="">Actual</TEXT>
    <TEXT id="12938" sym="" lang="en" country="">Version</TEXT>
    <TEXT id="13579" sym="" lang="en" country="">Do you really want to store ?</TEXT>
    <TEXT id="16617" sym="" lang="en" country="">Signature</TEXT>
    <TEXT id="17555" sym="" lang="en" country="">Format data have changed, do you want save the changes?</TEXT>
    <TEXT id="18620" sym="" lang="en" country="">An error occured while saving the machine format.</TEXT>
    <TEXT id="18699" sym="" lang="en" country="">Wrong Parameters</TEXT>
    <TEXT id="18723" sym="" lang="en" country="">At the moment it is not posible to load a new format</TEXT>
    <TEXT id="18752" sym="" lang="en" country="">Are the machine formats to be deleted likewise?</TEXT>
    <TEXT id="18753" sym="" lang="en" country="">min:</TEXT>
    <TEXT id="18754" sym="" lang="en" country="">max:</TEXT>
    <TEXT id="18758" sym="" lang="en" country="">Format print out</TEXT>
    <TEXT id="18761" sym="" lang="en" country="">Load</TEXT>
    <TEXT id="19904" sym="" lang="en" country="">No</TEXT>
    <TEXT id="20627" sym="" lang="en" country="">Action can not be executed. The component is deactivated.</TEXT>
    <TEXT id="20821" sym="" lang="en" country="">System Enable</TEXT>
    <TEXT id="20993" sym="" lang="en" country="">Stop Batch</TEXT>
    <TEXT id="21618" sym="" lang="en" country="">Timeout for a command that required a response</TEXT>
    <TEXT id="22080" sym="" lang="en" country="">Your user right not permitt to save a format. Action will be cancelled.</TEXT>
    <TEXT id="22081" sym="" lang="en" country="">changed</TEXT>
    <TEXT id="22082" sym="" lang="en" country="">unchanged</TEXT>
    <TEXT id="22085" sym="" lang="en" country="">Approved</TEXT>
    <TEXT id="22091" sym="" lang="en" country="">Do you want to import the basic machine settings also? Attention: This will overwrite the current basic machine settings!!!</TEXT>
    <TEXT id="22336" sym="" lang="en" country="">Component deactivated.</TEXT>
    <TEXT id="22393" sym="" lang="en" country="">Deactivate system</TEXT>
    <TEXT id="22410" sym="" lang="en" country="">Electronic record</TEXT>
    <TEXT id="22462" sym="" lang="en" country="">Information</TEXT>
    <TEXT id="22544" sym="" lang="en" country="">Input Error</TEXT>
    <TEXT id="25568" sym="" lang="en" country="">List of formats</TEXT>
    <TEXT id="27024" sym="" lang="en" country="">You want to stop the current batch?</TEXT>
    <TEXT id="27068" sym="" lang="en" country="">save single values in ...</TEXT>
    <TEXT id="27114" sym="" lang="en" country="">offline</TEXT>
    <TEXT id="27249" sym="" lang="en" country="">Changing of format approval parameters</TEXT>
    <TEXT id="27250" sym="" lang="en" country="">Format approval</TEXT>
    <TEXT id="27963" sym="" lang="en" country="">No older version of selected format found.</TEXT>
    <TEXT id="27965" sym="" lang="en" country="">Format history</TEXT>
    <TEXT id="27993" sym="" lang="en" country="">No differences between selected and acual format found.</TEXT>
    <TEXT id="28011" sym="" lang="en" country="">Format comparison</TEXT>
    <TEXT id="28215" sym="" lang="en" country="">Show differences</TEXT>
    <TEXT id="28336" sym="" lang="en" country="">Format data server is busy.</TEXT>
    <TEXT id="29199" sym="" lang="en" country="">Format value too long.</TEXT>
    <TEXT id="30611" sym="" lang="en" country="">Format load warning was confirmed by user</TEXT>
    <TEXT id="32288" sym="" lang="en" country="">Base format</TEXT>
    <TEXT id="32324" sym="" lang="en" country="">No changes in base format</TEXT>
</TEXTS>
