<?xml version="1.0" encoding="ISO-8859-1"?>
<!DOCTYPE EQUIPMENT SYSTEM "file://localhost/vimacon/dtds/tc3_0/equipment.dtd">

<EQUIPMENT name="EM" id="0" text="21492" pingInterval="65000" bootIndex="1" commandLine="c:\pm2004\bin\ErrorManager\ErrorManager.exe,c:\pm2004\bin\ErrorManager,EM,ErrorManager" configPath=".\bin\ErrorManager">
    <BASE_CONF activated="0" class="69"/>
    <BROKER_CONF>
        <BROKER_VARS>
            <errorInfo>EM_ErrorInfo</errorInfo>
            <errorList>EM_ErrorList</errorList>
            <errorConfirmation>EM_ErrorConfirmation</errorConfirmation>
            <errorReceive>EM_ErrorRceive</errorReceive>
            <firstFault>EM_FirstFault</firstFault>
            <firstFaultText>EM_FirstFaultText</firstFaultText>
            <rk512ErrorList rootElem="false">EM_RK512ErrorList</rk512ErrorList>
            <shadowBitArray>EM_ShadowBitArray</shadowBitArray>
            <criticalErrorArray>EM_CriticalErrorArray</criticalErrorArray>
            <resetErrorDevices>EM_ResetErrorDevices</resetErrorDevices>
            <opcErrorNumberList maxCount="100">EM_OpcErrorNumberList</opcErrorNumberList>
            <opcErrorTextList>EM_OpcErrorTextList</opcErrorTextList>
            <controlSystemOnline owner="EXTERN">BM_RemoteMode</controlSystemOnline>
        </BROKER_VARS>
    </BROKER_CONF>
    <LOGGING>
        <Enabled>true</Enabled>
        <Overwrite>true</Overwrite>
        <Level>6</Level>
        <LogFilePath>C:\pm2004\log</LogFilePath>
        <LogFileName>ErrorManagerLog.txt</LogFileName>
    </LOGGING>
    <EM_CONF>
        <SubscribeVars>
            <LanguageVar fixedLanguage="Englisch"/>
            <LineErrorList name="EM" captionTextID="8407" errorList="LIB.EM_ErrorList"/>
            <ErrorLists>
                <em name="TFM_MIB.EM" captionTextID="27964" errorList="TFM_MIB.EM_ErrorList" errorInfo="TFM_MIB.EM_ErrorInfo"/>
                <em name="KTM_MIB.EM" captionTextID="7167" errorList="KTM_MIB.EM_ErrorList" errorInfo="KTM_MIB.EM_ErrorInfo"/>
            </ErrorLists>
        </SubscribeVars>
        <deviceSwitchedOffWarningNo>96</deviceSwitchedOffWarningNo>
        <ErrorDB>c:\pm2004\bin\tc\param\Fehler.mdb</ErrorDB>
        <criticalErrorSupport active="false">
            <EmergencyMode>
                <ConfirmError right="2072">True</ConfirmError>
                <SignError>False</SignError>
                <CriticalError>True</CriticalError>
            </EmergencyMode>
            <shadowBitArray pvName="EM_ShadowBitArray"/>
            <criticalErrorArray pvName="EM_CriticalErrorArray">
                <bit id="0" errorNo="1000" id_class="7" id_device="0"/>
                <bit id="1" errorNo="1001" id_class="7" id_device="0"/>
            </criticalErrorArray>
        </criticalErrorSupport>
        <ErrorHandlerErrors>
            <Class>69</Class>
            <Device>0</Device>
            <TextIDErrormanager>21492</TextIDErrormanager>
            <RemoteEMoffline_Line>95</RemoteEMoffline_Line>
            <RemoteEMoffline_Machine>94</RemoteEMoffline_Machine>
            <TimeLeapError>93</TimeLeapError>
        </ErrorHandlerErrors>
        <errorBitVarsSupport active="false"/>
        <MachineStopError>
            <MachineStopErrorVar>EM_MachineStopError</MachineStopErrorVar>
            <MachineStopErrorText>EM_MachineStopErrorText</MachineStopErrorText>
            <MachineStateVar>Current_State_PDA</MachineStateVar>
            <MachineState>
                <Run>9,10,13,18</Run>
                <StopWithError>14</StopWithError>
                <ReadyToStart>7</ReadyToStart>
            </MachineState>
        </MachineStopError>
    </EM_CONF>
    <TC_CONF>
        <SYSCONF category="Maschine" sym="VarErrorInfo">EM_ErrorInfo</SYSCONF>
        <SYSCONF category="Maschine" sym="VarErrorList">EM_ErrorList</SYSCONF>
        <SYSCONF category="Maschine" sym="VarErrorConfirmation">EM_ErrorConfirmation</SYSCONF>
        <SYSCONF category="Maschine" sym="VarErrorReceive">EM_ErrorReceive</SYSCONF>
        <SYSCONF category="Maschine" sym="ErrorManagerTimeout">40</SYSCONF>
    </TC_CONF>
</EQUIPMENT>
