<?xml version="1.0" encoding="ISO-8859-1"?>
<!DOCTYPE PAGES SYSTEM "file://localhost/vimacon/dtds/tc2_8/pages.dtd">

<PAGES>
    <PAGE name="SimtapIII" text="29684" help="100001" type="3" menu="" cmt="Simtap 3" rightVisible="-1" icon="" stationUse="1">
        <VISLET name="ElauPLC_SWI_ON_OFF" showSymbol="0" x="" y=""/>
        <VISLET name="Feeder_SWI_Simtap3OnOff" showSymbol="0" x="" y=""/>
        <VISLET name="STapIII_Sw_SimtapSyncRestart" showSymbol="0" x="" y=""/>
        <VISLET name="STapIII_Sw_ProductFeedingVibration_SimtapFeeder" showSymbol="0" x="" y=""/>
        <VISLET name="STapIII_Sw_RunEmptySortPlate_Simtap" showSymbol="0" x="" y=""/>
        <VISLET name="STapIII_Sw_FormatChangePosition" showSymbol="0" x="" y=""/>
        <VISLET name="STapIII_SW_StartRefRun_VirtSimtapMaster" showSymbol="0" x="" y=""/>
        <VISLET name="HMI_P_IntermittingModeVel_Simtap" showSymbol="0" x="" y=""/>
        <VISLET name="STapIII_P_ManifoldLength_VirtSimtapMaster" showSymbol="0" x="" y=""/>
        <VISLET name="STapIII_CAM_ProductRelease" showSymbol="0" x="" y=""/>
        <VISLET name="STapIII_CAM_SimtapIIILo" showSymbol="0" x="" y=""/>
        <VISLET name="STapIII_CAM_Additional1" showSymbol="0" x="" y=""/>
        <VISLET name="STapIII_CAM_Additional2" showSymbol="0" x="" y=""/>
        <VISLET name="STapIII_GRP_SortPlate1FillHeight" showSymbol="0" x="" y=""/>
        <VISLET name="STapIII_GRP_SortPlate2FillHeight" showSymbol="0" x="" y=""/>
        <VISLET name="STapIII_GRP_SortPlateStrokeMovement" showSymbol="0" x="" y=""/>
        <VISLET name="STapIII_GRP_ShutOffHousing" showSymbol="0" x="" y=""/>
        <VISLET name="STapIII_GRP_Manifold" showSymbol="0" x="" y=""/>
        <VISLET name="STapIII_GRP_Pocketdetection" showSymbol="0" x="" y=""/>
        <VISLET name="STapIII_GRP_FormatChangeOver" showSymbol="0" x="" y=""/>
        <VISLET name="STapIII_GRP_EncoderSynchronisation" showSymbol="0" x="" y=""/>
        <VISLET name="STapIII_SGRP_Y1Axis" showSymbol="0" x="" y=""/>
        <VISLET name="STapIII_SGRP_Y5Axis" showSymbol="0" x="" y=""/>
        <VISLET name="STapIII_GRP_MSR_Filler1" showSymbol="0" x="" y=""/>
        <VISLET name="STapIII_SWI_MSR_Simtap1Rel_OperaMProd" showSymbol="0" x="" y=""/>
        <VISLET name="STapIII_SWI_MSR_Simtap1Rel_OpModTestRun" showSymbol="0" x="" y=""/>
        <VISLET name="STapIII_SET_SIMTAP" showSymbol="0" x="" y=""/>
        <VISLET name="STapIII_SET_PosSimtap" showSymbol="0" x="" y=""/>
        <VISLET name="STapIII_SET_ProductInfeedPlate" showSymbol="0" x="" y=""/>
        <VISLET name="STapIII_SET_SortingPlate" showSymbol="0" x="" y=""/>
        <VISLET name="STapIII_SET_ShutOffHousing" showSymbol="0" x="" y=""/>
        <VISLET name="STapIII_SET_Manifold" showSymbol="0" x="" y=""/>
        <VISLET name="STapIII_SET_ManifoldRetainingPlate" showSymbol="0" x="" y=""/>
        <VISLET name="STapIII_SET_FillTubes" showSymbol="0" x="" y=""/>
        <VISLET name="STapIII_SET_NumberFillTubes" showSymbol="0" x="" y=""/>
        <VISLET name="STapIII_SET_HopperOutlet" showSymbol="0" x="" y=""/>
        <VISLET name="STapIII_SET_PerforatedPlate" showSymbol="0" x="" y=""/>
        <VISLET name="STapIII_SET_BreakageReject" showSymbol="0" x="" y=""/>
        <VISLET name="STapIII_SET_Additional1" showSymbol="0" x="" y=""/>
        <VISLET name="STapIII_SET_Additional2" showSymbol="0" x="" y=""/>
    </PAGE>
</PAGES>
