<?xml version='1.0' encoding="UTF-8" ?>
<?xml-stylesheet type='text/xsl' href="file://C:/vimacon/stylesheets/vico/almanach.xsl" ?>


<HISTORY module="HMI_51600_Simtap1" company="Uhlmann" author="Walter Graf" created="2007-07-03">
    <DESC lang="de">Simtap-Zuführung, 1 Simtap PLC</DESC>
    <DESC lang="en">simtap feeder, 1 Simtap PLC</DESC>
    <RECORD type="vico_generated" user="graf_w" timestamp="1183471284" date="2007-07-03T16:01:24">
        <USER_COMMENT user="graf_w" date="2007-07-03T16:01:24">Initial Module Document Generated by Vico Module Management System</USER_COMMENT>
        <MACHINE name="B1880 STANDARD LINEMA" serialno="137/XXX" version="3.xx" kind="TFM" type="B1880" subtype="MTI"/>
        <MODDESC kind="fill_filling" version="1.0.0"/>
    </RECORD>
</HISTORY>

