<?xml version='1.0' encoding="UTF-8" ?>
<?xml-stylesheet type='text/xsl' href="file://C:/vimacon/stylesheets/vico/almanach.xsl" ?>


<HISTORY module="DataManager" company="Uhlmann" author="Roland Dreyer" created="2007-02-23">
    <DESC lang="de">Data Manager</DESC>
    <DESC lang="en">Data Manager</DESC>
    <RECORD type="vico_generated" user="reisser" timestamp="1219061132" date="2008-08-18T14:05:32">
        <USER_COMMENT user="reisser" date="2008-08-18T14:05:32">Initial Module Document Generated by Vico Module Management System</USER_COMMENT>
        <MACHINE name="Lilly, Italien" serialno="0940178" version="3.43.0.0" kind="BLM" type="UPS1030" subtype="ET"/>
        <MODDESC kind="equip_dataManager" version="3.42.0"/>
    </RECORD>
</HISTORY>

