<?xml version="1.0" encoding="UTF-8"?>

<!DOCTYPE TEXTS SYSTEM "file://localhost/vimacon/dtds/tc2_8/texts.dtd">

<TEXTS>
    <TEXT id="11099" sym="" lang="de" country="DEU">Umlenkbogen</TEXT>
    <TEXT id="12571" sym="" lang="de" country="DEU">BLISTER GLÄTTEINRICHTUNG</TEXT>
    <TEXT id="12664" sym="" lang="de" country="DEU">FOLIENBREMSE</TEXT>
    <TEXT id="12665" sym="" lang="de" country="DEU">Bremsleiste</TEXT>
    <TEXT id="12666" sym="" lang="de" country="DEU">Einstellung Bremse</TEXT>
    <TEXT id="10043" sym="" lang="de" country="DEU">bar</TEXT>
    <TEXT id="7262" sym="" lang="de" country="DEU">mm</TEXT>
    <TEXT id="14540" sym="" lang="de" country="DEU">Gurtspannung</TEXT>
    <TEXT id="14541" sym="" lang="de" country="DEU">Eintauchtiefe</TEXT>
    <TEXT id="11884" sym="" lang="de" country="DEU">Glätteinrichtung</TEXT>
    <TEXT id="14743" sym="" lang="de" country="DEU">Glätteinrichtung Bügelrolle</TEXT>
    <TEXT id="23304" sym="" lang="de" country="DEU">Anschlag für Bügelrolle</TEXT>
    <TEXT id="33396" sym="" lang="de" country="DEU">Eintauchtiefe Andrückplatte</TEXT>
    <TEXT id="33399" sym="" lang="de" country="DEU">Position Glätteinrichtung</TEXT>
    <TEXT id="33471" sym="" lang="de" country="DEU">Vorderer Anschlag für Bügelrolle</TEXT>
    <TEXT id="33472" sym="" lang="de" country="DEU">Hinterer Anschlag für Bügelrolle</TEXT>
    <TEXT id="13089" sym="" lang="de" country="DEU">Führungsplatte 013</TEXT>
    <TEXT id="13154" sym="" lang="de" country="DEU">Abdeckung 013</TEXT>
</TEXTS>

