<?xml version="1.0" encoding="UTF-8"?>

<!DOCTYPE TEXTS SYSTEM "file://localhost/vimacon/dtds/tc2_8/texts.dtd">

<TEXTS>
    <TEXT id="11099" sym="" lang="en" country="USA">Reversing guide</TEXT>
    <TEXT id="12571" sym="" lang="en" country="USA">BLISTER DECURLING DEVICE</TEXT>
    <TEXT id="12664" sym="" lang="en" country="USA">WEB BRAKE</TEXT>
    <TEXT id="12665" sym="" lang="en" country="USA">Brake bar</TEXT>
    <TEXT id="12666" sym="" lang="en" country="USA">Brake setting</TEXT>
    <TEXT id="14540" sym="" lang="en" country="USA">Conveyor belt tension</TEXT>
    <TEXT id="14541" sym="" lang="en" country="USA">Depth of immersion</TEXT>
    <TEXT id="11884" sym="" lang="en" country="USA">Decurling device</TEXT>
    <TEXT id="14743" sym="" lang="en" country="USA">Decurling device press roll.</TEXT>
    <TEXT id="23304" sym="" lang="en" country="USA">Stop plate for press roll</TEXT>
    <TEXT id="33396" sym="" lang="en" country="USA">Immersion pinch plate</TEXT>
    <TEXT id="33399" sym="" lang="en" country="USA">Position decurling device</TEXT>
    <TEXT id="33471" sym="" lang="en" country="USA">Stop plate for press roll front</TEXT>
    <TEXT id="33472" sym="" lang="en" country="USA">Stop plate for press roll back</TEXT>
</TEXTS>

