<?xml version="1.0" encoding="UTF-8"?>

<!DOCTYPE TEXTS SYSTEM "file://localhost/vimacon/dtds/tc2_8/texts.dtd">

<TEXTS>
    <TEXT id="19295" sym="" lang="de" country="DEU">Stoppursachen</TEXT>
    <TEXT id="19296" sym="" lang="de" country="DEU">Stoppgrundrückmeldung</TEXT>
    <TEXT id="19297" sym="" lang="de" country="DEU">Rückmeldeschwelle bei Fehler [sec]</TEXT>
    <TEXT id="20395" sym="" lang="de" country="DEU">Data Coll.</TEXT>
    <TEXT id="22269" sym="" lang="de" country="DEU">BDE Nenngeschwindigkeiten</TEXT>
    <TEXT id="26601" sym="" lang="de" country="DEU">Datenkollektor</TEXT>
</TEXTS>

