<?xml version="1.0" encoding="UTF-8"?>

<!DOCTYPE TEXTS SYSTEM "file://localhost/vimacon/dtds/tc2_8/texts.dtd">

<TEXTS>
    <TEXT id="19295" sym="" lang="en" country="USA">Downtime Categories</TEXT>
    <TEXT id="19296" sym="" lang="en" country="USA">Stopp reason reporting</TEXT>
    <TEXT id="19297" sym="" lang="en" country="USA">Threshold of fault reason reporting [sec]</TEXT>
    <TEXT id="20395" sym="" lang="en" country="USA">Data Coll.</TEXT>
    <TEXT id="22269" sym="" lang="en" country="USA">Nominal speed PDA</TEXT>
    <TEXT id="26601" sym="" lang="en" country="USA">Data collector</TEXT>
</TEXTS>

