<?xml version="1.0" encoding="UTF-8"?>
<!DOCTYPE TEXTS SYSTEM "file://localhost/vimacon/dtds/tc2_8/texts.dtd">

<TEXTS>
    <TEXT id="5" sym="" lang="en" country="">Device</TEXT>
    <TEXT id="6" sym="" lang="en" country="">Number</TEXT>
    <TEXT id="5000" sym="" lang="en" country="">Language</TEXT>
    <TEXT id="5009" sym="" lang="en" country="">Config</TEXT>
    <TEXT id="5021" sym="" lang="en" country="">Configuration</TEXT>
    <TEXT id="5028" sym="" lang="en" country="">Unit</TEXT>
    <TEXT id="6000" sym="" lang="en" country="">OK</TEXT>
    <TEXT id="6001" sym="" lang="en" country="">Cancel</TEXT>
    <TEXT id="6007" sym="" lang="en" country="">Edit</TEXT>
    <TEXT id="6008" sym="" lang="en" country="">Value</TEXT>
    <TEXT id="7266" sym="" lang="en" country="">Delete</TEXT>
    <TEXT id="7285" sym="" lang="en" country="">Actual</TEXT>
    <TEXT id="8084" sym="" lang="en" country="">Yes</TEXT>
    <TEXT id="8154" sym="" lang="en" country="">No</TEXT>
    <TEXT id="8168" sym="" lang="en" country="">Information</TEXT>
    <TEXT id="8172" sym="" lang="en" country="">Date</TEXT>
    <TEXT id="8173" sym="" lang="en" country="">Machine</TEXT>
    <TEXT id="8407" sym="" lang="en" country="">Line</TEXT>
    <TEXT id="8442" sym="" lang="en" country="">Print</TEXT>
    <TEXT id="8449" sym="" lang="en" country="">State</TEXT>
    <TEXT id="8612" sym="" lang="en" country="">All</TEXT>
    <TEXT id="9038" sym="" lang="en" country="">Parameter</TEXT>
    <TEXT id="9054" sym="" lang="en" country="">Category</TEXT>
    <TEXT id="12000" sym="" lang="en" country="">Type</TEXT>
    <TEXT id="12103" sym="" lang="en" country="">Machine</TEXT>
    <TEXT id="12786" sym="" lang="en" country="">Time</TEXT>
    <TEXT id="12938" sym="" lang="en" country="">Version</TEXT>
    <TEXT id="12973" sym="" lang="en" country="">German</TEXT>
    <TEXT id="12974" sym="" lang="en" country="">English</TEXT>
    <TEXT id="13162" sym="" lang="en" country="">Danish</TEXT>
    <TEXT id="13193" sym="" lang="en" country="">French</TEXT>
    <TEXT id="13231" sym="" lang="en" country="">Minute</TEXT>
    <TEXT id="13337" sym="" lang="en" country="">Hungarian</TEXT>
    <TEXT id="13469" sym="" lang="en" country="">Spanish</TEXT>
    <TEXT id="13593" sym="" lang="en" country="">Cycles/min</TEXT>
    <TEXT id="13724" sym="" lang="en" country="">Portuguese</TEXT>
    <TEXT id="13753" sym="" lang="en" country="">Slovenian</TEXT>
    <TEXT id="13775" sym="" lang="en" country="">Machine:</TEXT>
    <TEXT id="13870" sym="" lang="en" country="">Japanese</TEXT>
    <TEXT id="14115" sym="" lang="en" country="">Swedish</TEXT>
    <TEXT id="15280" sym="" lang="en" country="">Italian</TEXT>
    <TEXT id="17350" sym="" lang="en" country="">Index</TEXT>
    <TEXT id="17351" sym="" lang="en" country="">Old Value</TEXT>
    <TEXT id="17352" sym="" lang="en" country="">New Value</TEXT>
    <TEXT id="17353" sym="" lang="en" country="">Additional Text</TEXT>
    <TEXT id="17354" sym="" lang="en" country="">Signature ID</TEXT>
    <TEXT id="17355" sym="" lang="en" country="">Signature Name</TEXT>
    <TEXT id="17356" sym="" lang="en" country="">Signature Meaning</TEXT>
    <TEXT id="17667" sym="" lang="en" country="">Icelandic</TEXT>
    <TEXT id="17831" sym="" lang="en" country="">Russian</TEXT>
    <TEXT id="18832" sym="" lang="en" country="">Mode</TEXT>
    <TEXT id="19268" sym="" lang="en" country="">Breakdowns</TEXT>
    <TEXT id="19269" sym="" lang="en" country="">Setup/Adjustments</TEXT>
    <TEXT id="19270" sym="" lang="en" country="">Short Stops/Idling</TEXT>
    <TEXT id="19279" sym="" lang="en" country="">Lot</TEXT>
    <TEXT id="20342" sym="" lang="en" country="">Update</TEXT>
    <TEXT id="20430" sym="" lang="en" country="">Mandarin</TEXT>
    <TEXT id="20530" sym="" lang="en" country="">Overall Cycle Counter</TEXT>
    <TEXT id="20531" sym="" lang="en" country="">Number of good products</TEXT>
    <TEXT id="20604" sym="" lang="en" country="">Turkish</TEXT>
    <TEXT id="20872" sym="" lang="en" country="">Bulgarian</TEXT>
    <TEXT id="22079" sym="" lang="en" country="">Text</TEXT>
    <TEXT id="22403" sym="" lang="en" country="">PDA</TEXT>
    <TEXT id="22500" sym="" lang="en" country="">Audit Trail</TEXT>
    <TEXT id="26144" sym="" lang="en" country="">Current Lot</TEXT>
    <TEXT id="27557" sym="" lang="en" country="">Material Usage</TEXT>
    <TEXT id="27964" sym="" lang="en" country="">Blister machine</TEXT>
    <TEXT id="30032" sym="" lang="en" country="">N/A</TEXT>
    <TEXT id="30034" sym="" lang="en" country="">Edit Shift</TEXT>
    <TEXT id="30035" sym="" lang="en" country="">Mode</TEXT>
    <TEXT id="30036" sym="" lang="en" country="">Shift Start</TEXT>
    <TEXT id="30037" sym="" lang="en" country="">Shift End</TEXT>
    <TEXT id="30038" sym="" lang="en" country="">Shift Name</TEXT>
    <TEXT id="30039" sym="" lang="en" country="">Weekday Start</TEXT>
    <TEXT id="30040" sym="" lang="en" country="">Weekday End</TEXT>
    <TEXT id="30041" sym="" lang="en" country="">Delete Shift</TEXT>
    <TEXT id="30042" sym="" lang="en" country="">Planned Shift</TEXT>
    <TEXT id="30043" sym="" lang="en" country="">Exp.:</TEXT>
    <TEXT id="30044" sym="" lang="en" country="">Machine Info</TEXT>
    <TEXT id="30045" sym="" lang="en" country="">Order</TEXT>
    <TEXT id="30046" sym="" lang="en" country="">Act. Product:</TEXT>
    <TEXT id="30047" sym="" lang="en" country="">State</TEXT>
    <TEXT id="30048" sym="" lang="en" country="">Lot Start:</TEXT>
    <TEXT id="30049" sym="" lang="en" country="">Lot Run Time:</TEXT>
    <TEXT id="30050" sym="" lang="en" country="">Lot finished</TEXT>
    <TEXT id="30051" sym="" lang="en" country="">Lot started</TEXT>
    <TEXT id="30052" sym="" lang="en" country="">Product:</TEXT>
    <TEXT id="30053" sym="" lang="en" country="">Expiration Date:</TEXT>
    <TEXT id="30054" sym="" lang="en" country="">Recipe:</TEXT>
    <TEXT id="30055" sym="" lang="en" country="">Description:</TEXT>
    <TEXT id="30056" sym="" lang="en" country="">Lot:</TEXT>
    <TEXT id="30057" sym="" lang="en" country="">Status:</TEXT>
    <TEXT id="30058" sym="" lang="en" country="">NDC</TEXT>
    <TEXT id="30059" sym="" lang="en" country="">Time Accounts</TEXT>
    <TEXT id="30060" sym="" lang="en" country="">min</TEXT>
    <TEXT id="30061" sym="" lang="en" country="">max</TEXT>
    <TEXT id="30062" sym="" lang="en" country="">Device:</TEXT>
    <TEXT id="30063" sym="" lang="en" country="">User:</TEXT>
    <TEXT id="30064" sym="" lang="en" country="">Year of Manufacturing</TEXT>
    <TEXT id="30065" sym="" lang="en" country="">Machine hour counter</TEXT>
    <TEXT id="30066" sym="" lang="en" country="">Planned Downtime</TEXT>
    <TEXT id="30067" sym="" lang="en" country="">Planned Nb.</TEXT>
    <TEXT id="30068" sym="" lang="en" country="">Time Start</TEXT>
    <TEXT id="30069" sym="" lang="en" country="">Time End</TEXT>
    <TEXT id="30070" sym="" lang="en" country="">Downtime Category</TEXT>
    <TEXT id="30071" sym="" lang="en" country="">Weekday or Date</TEXT>
    <TEXT id="30072" sym="" lang="en" country="">Date Start</TEXT>
    <TEXT id="30073" sym="" lang="en" country="">Date End</TEXT>
    <TEXT id="30074" sym="" lang="en" country="">Input Error</TEXT>
    <TEXT id="30075" sym="" lang="en" country="">Fault Category Assignment</TEXT>
    <TEXT id="30076" sym="" lang="en" country="">Counter Category Assignment</TEXT>
    <TEXT id="30077" sym="" lang="en" country="">Downtime Category Assignment</TEXT>
    <TEXT id="30078" sym="" lang="en" country="">Machine_ID</TEXT>
    <TEXT id="30079" sym="" lang="en" country="">Fault_ID</TEXT>
    <TEXT id="30080" sym="" lang="en" country="">Counter_ID</TEXT>
    <TEXT id="30081" sym="" lang="en" country="">NDC:</TEXT>
    <TEXT id="30082" sym="" lang="en" country="">Weekday</TEXT>
    <TEXT id="30083" sym="" lang="en" country="">Rows:</TEXT>
    <TEXT id="30084" sym="" lang="en" country="">Time:</TEXT>
    <TEXT id="30085" sym="" lang="en" country="">Category:</TEXT>
    <TEXT id="30086" sym="" lang="en" country="">Only Start Time</TEXT>
    <TEXT id="30087" sym="" lang="en" country="">Only End Time</TEXT>
    <TEXT id="30088" sym="" lang="en" country="">Start And End Time</TEXT>
    <TEXT id="30089" sym="" lang="en" country="">Shift</TEXT>
    <TEXT id="30090" sym="" lang="en" country="">Nb.</TEXT>
    <TEXT id="30091" sym="" lang="en" country="">Loss Times</TEXT>
    <TEXT id="30092" sym="" lang="en" country="">Modes</TEXT>
    <TEXT id="30093" sym="" lang="en" country="">States</TEXT>
    <TEXT id="30094" sym="" lang="en" country="">Absolute</TEXT>
    <TEXT id="30095" sym="" lang="en" country="">Single Bad Ratio</TEXT>
    <TEXT id="30096" sym="" lang="en" country="">Setup abs.</TEXT>
    <TEXT id="30097" sym="" lang="en" country="">Setup rel.%</TEXT>
    <TEXT id="30098" sym="" lang="en" country="">Total</TEXT>
    <TEXT id="30099" sym="" lang="en" country="">Good</TEXT>
    <TEXT id="30100" sym="" lang="en" country="">Bad</TEXT>
    <TEXT id="30101" sym="" lang="en" country="">Loss Category</TEXT>
    <TEXT id="30102" sym="" lang="en" country="">Fault</TEXT>
    <TEXT id="30104" sym="" lang="en" country="">OEE Category Assignment</TEXT>
    <TEXT id="30105" sym="" lang="en" country="">Downtime</TEXT>
    <TEXT id="30106" sym="" lang="en" country="">Book Pl. Downtime Automatically</TEXT>
    <TEXT id="30108" sym="" lang="en" country="">Monitor</TEXT>
    <TEXT id="30109" sym="" lang="en" country="">Total Availability Time</TEXT>
    <TEXT id="30110" sym="" lang="en" country="">Pl. Net Operating Time</TEXT>
    <TEXT id="30111" sym="" lang="en" country="">Row</TEXT>
    <TEXT id="30112" sym="" lang="en" country="">Net Operating Time</TEXT>
    <TEXT id="30113" sym="" lang="en" country="">Run Time</TEXT>
    <TEXT id="30114" sym="" lang="en" country="">Eff. Operating Time</TEXT>
    <TEXT id="30115" sym="" lang="en" country="">Actual Downtime</TEXT>
    <TEXT id="30116" sym="" lang="en" country="">Availability Loss</TEXT>
    <TEXT id="30117" sym="" lang="en" country="">Quality Loss</TEXT>
    <TEXT id="30118" sym="" lang="en" country="">Performance Loss</TEXT>
    <TEXT id="30119" sym="" lang="en" country="">Loss Time</TEXT>
    <TEXT id="30120" sym="" lang="en" country="">Quality Rate:</TEXT>
    <TEXT id="30121" sym="" lang="en" country="">Faults &amp; Stops</TEXT>
    <TEXT id="30122" sym="" lang="en" country="">Availability Rate:</TEXT>
    <TEXT id="30123" sym="" lang="en" country="">Faults</TEXT>
    <TEXT id="30124" sym="" lang="en" country="">Dur.</TEXT>
    <TEXT id="30125" sym="" lang="en" country="">Dur. rel.%</TEXT>
    <TEXT id="30126" sym="" lang="en" country="">MTBF</TEXT>
    <TEXT id="30127" sym="" lang="en" country="">MTTR</TEXT>
    <TEXT id="30128" sym="" lang="en" country="">Fre.</TEXT>
    <TEXT id="30129" sym="" lang="en" country="">Fre. rel.%</TEXT>
    <TEXT id="30130" sym="" lang="en" country="">Category</TEXT>
    <TEXT id="30131" sym="" lang="en" country="">Operator initiated Stops</TEXT>
    <TEXT id="30132" sym="" lang="en" country="">Reports</TEXT>
    <TEXT id="30133" sym="" lang="en" country="">Period</TEXT>
    <TEXT id="30134" sym="" lang="en" country="">Period:</TEXT>
    <TEXT id="30135" sym="" lang="en" country="">Start:</TEXT>
    <TEXT id="30136" sym="" lang="en" country="">End:</TEXT>
    <TEXT id="30137" sym="" lang="en" country="">Planned Data</TEXT>
    <TEXT id="30138" sym="" lang="en" country="">Actual Data</TEXT>
    <TEXT id="30139" sym="" lang="en" country="">Counter Overview</TEXT>
    <TEXT id="30140" sym="" lang="en" country="">Bad Counters:</TEXT>
    <TEXT id="30141" sym="" lang="en" country="">Batch parameter:</TEXT>
    <TEXT id="30142" sym="" lang="en" country="">Line Monitor</TEXT>
    <TEXT id="30143" sym="" lang="en" country="">Focus</TEXT>
    <TEXT id="30144" sym="" lang="en" country="">Efficiency (OEE)</TEXT>
    <TEXT id="30145" sym="" lang="en" country="">Availability</TEXT>
    <TEXT id="30146" sym="" lang="en" country="">Performance</TEXT>
    <TEXT id="30147" sym="" lang="en" country="">Quality</TEXT>
    <TEXT id="30148" sym="" lang="en" country="">Goods</TEXT>
    <TEXT id="30149" sym="" lang="en" country="">Bads</TEXT>
    <TEXT id="30150" sym="" lang="en" country="">Actual Fault</TEXT>
    <TEXT id="30151" sym="" lang="en" country="">Duration</TEXT>
    <TEXT id="30152" sym="" lang="en" country="">All Languages</TEXT>
    <TEXT id="30160" sym="" lang="en" country="">Shift:</TEXT>
    <TEXT id="30161" sym="" lang="en" country="">All NDC selected</TEXT>
    <TEXT id="30162" sym="" lang="en" country="">All Lot selected</TEXT>
    <TEXT id="30163" sym="" lang="en" country="">Lot Nb.:</TEXT>
    <TEXT id="30165" sym="" lang="en" country="">Batch:</TEXT>
    <TEXT id="30166" sym="" lang="en" country="">Theoretical Run Time</TEXT>
    <TEXT id="30173" sym="" lang="en" country="">Planned time</TEXT>
    <TEXT id="30180" sym="" lang="en" country="">Total Bad Products</TEXT>
    <TEXT id="30181" sym="" lang="en" country="">Single Bad</TEXT>
    <TEXT id="30182" sym="" lang="en" country="">Input</TEXT>
    <TEXT id="30183" sym="" lang="en" country="">Counter Type</TEXT>
    <TEXT id="30184" sym="" lang="en" country="">Counter</TEXT>
    <TEXT id="30192" sym="" lang="en" country="">Counters</TEXT>
    <TEXT id="30205" sym="" lang="en" country="">Percent</TEXT>
    <TEXT id="30206" sym="" lang="en" country="">Report Stop Reason History</TEXT>
    <TEXT id="30207" sym="" lang="en" country="">Report OEE</TEXT>
    <TEXT id="30208" sym="" lang="en" country="">Report Weekly OEE Trend</TEXT>
    <TEXT id="30209" sym="" lang="en" country="">Report Faults TOP 15</TEXT>
    <TEXT id="30210" sym="" lang="en" country="">Display Only</TEXT>
    <TEXT id="30213" sym="" lang="en" country="">Global</TEXT>
    <TEXT id="30214" sym="" lang="en" country="">No Chart</TEXT>
    <TEXT id="30215" sym="" lang="en" country="">TOP 5 Loss Category</TEXT>
    <TEXT id="30216" sym="" lang="en" country="">Select</TEXT>
    <TEXT id="30217" sym="" lang="en" country="">Info</TEXT>
    <TEXT id="30218" sym="" lang="en" country="">Home</TEXT>
    <TEXT id="30219" sym="" lang="en" country="">Apply</TEXT>
    <TEXT id="30220" sym="" lang="en" country="">Monitor</TEXT>
    <TEXT id="30221" sym="" lang="en" country="">Machine Loss Category</TEXT>
    <TEXT id="30222" sym="" lang="en" country="">Stop Time</TEXT>
    <TEXT id="30223" sym="" lang="en" country="">Start Time</TEXT>
    <TEXT id="30224" sym="" lang="en" country="">Operator Stop</TEXT>
    <TEXT id="30225" sym="" lang="en" country="">Event Start</TEXT>
    <TEXT id="30226" sym="" lang="en" country="">Event Stop</TEXT>
    <TEXT id="30227" sym="" lang="en" country="">Comment</TEXT>
    <TEXT id="30228" sym="" lang="en" country="">Stop Reason</TEXT>
    <TEXT id="30229" sym="" lang="en" country="">Duration stop</TEXT>
    <TEXT id="30230" sym="" lang="en" country="">Duration event</TEXT>
    <TEXT id="30231" sym="" lang="en" country="">Report Device Statistic</TEXT>
    <TEXT id="30232" sym="" lang="en" country="">Week</TEXT>
    <TEXT id="30233" sym="" lang="en" country="">Downtime</TEXT>
    <TEXT id="30234" sym="" lang="en" country="">Loss Category Assignment</TEXT>
    <TEXT id="30263" sym="" lang="en" country="">Lot:</TEXT>
    <TEXT id="30628" sym="" lang="en" country="">Virtual machine 1</TEXT>
    <TEXT id="30629" sym="" lang="en" country="">Virtual machine 2</TEXT>
    <TEXT id="30630" sym="" lang="en" country="">Virtual machine 3</TEXT>
    <TEXT id="30631" sym="" lang="en" country="">Virtual machine 4</TEXT>
    <TEXT id="30632" sym="" lang="en" country="">Virtual machine 5</TEXT>
    <TEXT id="30633" sym="" lang="en" country="">Virtual machine 6</TEXT>
    <TEXT id="30634" sym="" lang="en" country="">Virtual machine 7</TEXT>
    <TEXT id="30635" sym="" lang="en" country="">Virtual machine 8</TEXT>
    <TEXT id="30636" sym="" lang="en" country="">Virtual machine 9</TEXT>
    <TEXT id="30637" sym="" lang="en" country="">Virtual machine 10</TEXT>
    <TEXT id="30638" sym="" lang="en" country="">Process</TEXT>
    <TEXT id="31538" sym="" lang="en" country="">Track &amp; Trace</TEXT>
    <TEXT id="31642" sym="" lang="en" country="">Count</TEXT>
    <TEXT id="31643" sym="" lang="en" country="">Count rel. %</TEXT>
</TEXTS>
