<?xml version="1.0" encoding="UTF-8"?>
<!DOCTYPE TEXTS SYSTEM "file://localhost/vimacon/dtds/tc2_8/texts.dtd">

<TEXTS>
  <TEXT id="10" sym="" lang="de" country="">Fehler</TEXT>
  <TEXT id="15" sym="" lang="de" country="">Hilfe</TEXT>
  <TEXT id="1233" sym="" lang="de" country="">Speichern</TEXT>
  <TEXT id="5015" sym="" lang="de" country="">Aktuelle Daten</TEXT>
  <TEXT id="5017" sym="" lang="de" country="">Liniendaten</TEXT>
  <TEXT id="6000" sym="" lang="de" country="">OK</TEXT>
  <TEXT id="6001" sym="" lang="de" country="">Abbrechen</TEXT>
  <TEXT id="6002" sym="" lang="de" country="">Neu</TEXT>
  <TEXT id="6005" sym="" lang="de" country="">Speichern unter ...</TEXT>
  <TEXT id="6006" sym="" lang="de" country="">Umbenennen</TEXT>
  <TEXT id="6008" sym="" lang="de" country="">Wert</TEXT>
  <TEXT id="6015" sym="" lang="de" country="">Nocken</TEXT>
  <TEXT id="7225" sym="" lang="de" country="">Formatdaten</TEXT>
  <TEXT id="7266" sym="" lang="de" country="">Löschen</TEXT>
  <TEXT id="8084" sym="" lang="de" country="">Ja</TEXT>
  <TEXT id="8154" sym="" lang="de" country="">Nein</TEXT>
  <TEXT id="8172" sym="" lang="de" country="">Datum</TEXT>
  <TEXT id="8195" sym="" lang="de" country="">Formatnummer</TEXT>
  <TEXT id="8203" sym="" lang="de" country="">Alt</TEXT>
  <TEXT id="8211" sym="" lang="de" country="">Format vorhanden. Überschreiben?</TEXT>
  <TEXT id="8217" sym="" lang="de" country="">Bitte warten</TEXT>
  <TEXT id="8400" sym="" lang="de" country="">Format</TEXT>
  <TEXT id="8442" sym="" lang="de" country="">Drucken</TEXT>
  <TEXT id="8502" sym="" lang="de" country="">Keine Antwort empfangen</TEXT>
  <TEXT id="8555" sym="" lang="de" country="">Von:</TEXT>
  <TEXT id="8556" sym="" lang="de" country="">Nach:</TEXT>
  <TEXT id="8617" sym="" lang="de" country="">Laden</TEXT>
  <TEXT id="8879" sym="" lang="de" country="">Wiederholen</TEXT>
  <TEXT id="8880" sym="" lang="de" country="">Ignorieren</TEXT>
  <TEXT id="9000" sym="" lang="de" country="">Bild</TEXT>
  <TEXT id="9001" sym="" lang="de" country="">nicht gefunden</TEXT>
  <TEXT id="9002" sym="" lang="de" country="">Keine Daten zum Importieren gefunden</TEXT>
  <TEXT id="9003" sym="" lang="de" country="">Kopierfehler (Datei bereits vorhanden)</TEXT>
  <TEXT id="9005" sym="" lang="de" country="">existiert bereits</TEXT>
  <TEXT id="9006" sym="" lang="de" country="">Das aktuelle Format kann nicht gelöscht werden</TEXT>
  <TEXT id="9008" sym="" lang="de" country="">Teilformat</TEXT>
  <TEXT id="9011" sym="" lang="de" country="">Format</TEXT>
  <TEXT id="9012" sym="" lang="de" country="">in Format</TEXT>
  <TEXT id="9013" sym="" lang="de" country="">umbenennen?</TEXT>
  <TEXT id="9014" sym="" lang="de" country="">löschen?</TEXT>
  <TEXT id="9015" sym="" lang="de" country="">laden?</TEXT>
  <TEXT id="9016" sym="" lang="de" country="">speichern?</TEXT>
  <TEXT id="9017" sym="" lang="de" country="">als</TEXT>
  <TEXT id="9020" sym="" lang="de" country="">Import</TEXT>
  <TEXT id="9021" sym="" lang="de" country="">Export</TEXT>
  <TEXT id="9022" sym="" lang="de" country="">Laden</TEXT>
  <TEXT id="9023" sym="" lang="de" country="">Drucken</TEXT>
  <TEXT id="9027" sym="" lang="de" country="">aktuelles Format</TEXT>
  <TEXT id="9028" sym="" lang="de" country="">Ein</TEXT>
  <TEXT id="9029" sym="" lang="de" country="">Aus</TEXT>
  <TEXT id="9040" sym="" lang="de" country="">Geänderte Werte</TEXT>
  <TEXT id="9041" sym="" lang="de" country="">Formatansicht</TEXT>
  <TEXT id="9099" sym="" lang="de" country="">Maschinenformat</TEXT>
  <TEXT id="9409" sym="" lang="de" country="">Hiermit bestätigen Sie die nachfolgende Aktion mit Ihrer rechtlich-verbindlichen Unterschrift:</TEXT>
  <TEXT id="9413" sym="" lang="de" country="">Hinweis: Die Aktion wurde unterschrieben von dem Benutzer &lt;</TEXT>
  <TEXT id="9414" sym="" lang="de" country="">Elektronische Signatur</TEXT>
  <TEXT id="9415" sym="" lang="de" country="">Benutzerverifikation fehlgeschlagen oder Signaturberechtigung nicht vorhanden.</TEXT>
  <TEXT id="9416" sym="" lang="de" country="">Sie haben nicht die notwendige Berechtigung zum Durchführen dieser Aktion.</TEXT>
  <TEXT id="9417" sym="" lang="de" country="">Ein BDE-Auftrag läuft gerade. Die Aktion kann momentan nicht durchgeführt werden.</TEXT>
  <TEXT id="9418" sym="" lang="de" country="">Benutzername</TEXT>
  <TEXT id="9419" sym="" lang="de" country="">Kennwort</TEXT>
  <TEXT id="9420" sym="" lang="de" country="">Signieren</TEXT>
  <TEXT id="9421" sym="" lang="de" country="">Abspeicherung</TEXT>
  <TEXT id="9423" sym="" lang="de" country="">Linienformat</TEXT>
  <TEXT id="10146" sym="" lang="de" country="">Anzahl Nocken:</TEXT>
  <TEXT id="10300" sym="" lang="de" country="">Totzeit:</TEXT>
  <TEXT id="10301" sym="" lang="de" country="">ms</TEXT>
  <TEXT id="10381" sym="" lang="de" country="">Bitte Dateiname eingeben</TEXT>
  <TEXT id="11680" sym="" lang="de" country="">Bezeichnung</TEXT>
  <TEXT id="11968" sym="" lang="de" country="">Name</TEXT>
  <TEXT id="12000" sym="" lang="de" country="">Typ</TEXT>
  <TEXT id="12124" sym="" lang="de" country="">Aktuell</TEXT>
  <TEXT id="12938" sym="" lang="de" country="">Version</TEXT>
  <TEXT id="13579" sym="" lang="de" country="">Wirklich speichern ?</TEXT>
  <TEXT id="16617" sym="" lang="de" country="">Signatur</TEXT>
  <TEXT id="17555" sym="" lang="de" country="">Formatdaten wurden geändert, wollen Sie geänderte Formatdaten sichern?</TEXT>
  <TEXT id="18620" sym="" lang="de" country="">Fehler beim Speichern des Maschinenformat.</TEXT>
  <TEXT id="18699" sym="" lang="de" country="">Falscher Parameter</TEXT>
  <TEXT id="18723" sym="" lang="de" country="">Zur Zeit kann kein neues Format geladen werden.</TEXT>
  <TEXT id="18752" sym="" lang="de" country="">Sollen die Maschinenformate ebenfalls gelöscht werden?</TEXT>
  <TEXT id="18753" sym="" lang="de" country="">min:</TEXT>
  <TEXT id="18754" sym="" lang="de" country="">max:</TEXT>
  <TEXT id="18758" sym="" lang="de" country="">Formatausdruck</TEXT>
  <TEXT id="18761" sym="" lang="de" country="">Laden</TEXT>
  <TEXT id="19904" sym="" lang="de" country="">Nr</TEXT>
  <TEXT id="20627" sym="" lang="de" country="">Aktion kann nicht ausgeführt werden. Die Komponente ist deaktiviert.</TEXT>
  <TEXT id="20821" sym="" lang="de" country="">System aktivieren</TEXT>
  <TEXT id="20993" sym="" lang="de" country="">Auftrag beenden</TEXT>
  <TEXT id="21618" sym="" lang="de" country="">Timeout für einen Befehl der eine Antwort benötigt</TEXT>
  <TEXT id="22080" sym="" lang="de" country="">Ihr Benutzerrecht erlaubt das Speichern eines Formates nicht. Die Aktion wird abgebrochen.</TEXT>
  <TEXT id="22081" sym="" lang="de" country="">geändert</TEXT>
  <TEXT id="22082" sym="" lang="de" country="">nicht geändert</TEXT>
  <TEXT id="22085" sym="" lang="de" country="">Freigegeben</TEXT>
  <TEXT id="22091" sym="" lang="de" country="">Sollen die Grundformatdaten ebenfalls importiert werden? Achtung: Die aktuellen Grundformatdaten werden dabei überschrieben!!!</TEXT>
  <TEXT id="22336" sym="" lang="de" country="">Komponente deaktiviert.</TEXT>
  <TEXT id="22393" sym="" lang="de" country="">System deaktivieren</TEXT>
  <TEXT id="22410" sym="" lang="de" country="">Electronic Record</TEXT>
  <TEXT id="22462" sym="" lang="de" country="">Information</TEXT>
  <TEXT id="22544" sym="" lang="de" country="">Eingabefehler</TEXT>
  <TEXT id="25568" sym="" lang="de" country="">Formatliste</TEXT>
  <TEXT id="27024" sym="" lang="de" country="">Sie möchten den aktuellen Auftrag beenden?</TEXT>
  <TEXT id="27068" sym="" lang="de" country="">Einzelwerte speichern in ...</TEXT>
  <TEXT id="27114" sym="" lang="de" country="">offline</TEXT>
  <TEXT id="27249" sym="" lang="de" country="">Änderung der Formatformatfreigabe-Parameter</TEXT>
  <TEXT id="27250" sym="" lang="de" country="">Formatfreigabe</TEXT>
  <TEXT id="27963" sym="" lang="de" country="">Keine älteren Versionen des Formats gefunden</TEXT>
  <TEXT id="27965" sym="" lang="de" country="">Formathistorie</TEXT>
  <TEXT id="27993" sym="" lang="de" country="">Keine Unterschiede zwischen aktuellem und gewähltem Format gefunden.</TEXT>
  <TEXT id="28011" sym="" lang="de" country="">Formatvergleich</TEXT>
  <TEXT id="28215" sym="" lang="de" country="">Unterschiede anzeigen</TEXT>
  <TEXT id="28336" sym="" lang="de" country="">Formatdatenserver nicht bereit.</TEXT>
  <TEXT id="29199" sym="" lang="de" country="">Formatwert zu lang.</TEXT>
  <TEXT id="30611" sym="" lang="de" country="">Formatladewarnung wurde vom Benutzer mit OK bestätigt</TEXT>
  <TEXT id="32288" sym="" lang="de" country="">Grundformat</TEXT>
  <TEXT id="32324" sym="" lang="de" country="">Keine Änderungen im Grundformat</TEXT>
</TEXTS>

