<?xml version="1.0" encoding="UTF-8"?>
<!DOCTYPE TEXTS SYSTEM "file://localhost/vimacon/dtds/tc2_8/texts.dtd">

<TEXTS>
  <TEXT id="1" sym="" lang="de" country="">#### Text ist nicht eingegeben ####</TEXT>
  <TEXT id="9044" sym="" lang="de" country="">Fehler</TEXT>
  <TEXT id="18609" sym="" lang="de" country="">Fehler beim Erstellen des Message Digest.</TEXT>
  <TEXT id="18610" sym="" lang="de" country="">Fehler bei der Integritätsprüfung. Die Daten wurden verändert.</TEXT>
  <TEXT id="18611" sym="" lang="de" country="">Fehler beim Audit Trail Eintrag. Die Aktion wird abgebrochen.</TEXT>
  <TEXT id="18612" sym="" lang="de" country="">Fehler in der Konfiguration des Formatdatenserver.</TEXT>
  <TEXT id="18613" sym="" lang="de" country="">Fehler bei der Erstellung des Electronic Record Identifier.</TEXT>
  <TEXT id="18614" sym="" lang="de" country="">Die vorhandenen Daten können nicht versioniert werden.</TEXT>
  <TEXT id="18615" sym="" lang="de" country="">Die Verbindung zur Datenbank kann nicht hergestellt werden.</TEXT>
  <TEXT id="18616" sym="" lang="de" country="">Fehler beim Lesen der Daten vom Gerät. Das Gerät antwortet nicht.</TEXT>
  <TEXT id="18617" sym="" lang="de" country="">Fehler beim Lesen der Daten vom Gerät. Die Daten sind unvollständig.</TEXT>
  <TEXT id="18618" sym="" lang="de" country="">Fehler beim Speichern des Grundformat. Die Daten sind unvollständig.</TEXT>
  <TEXT id="18619" sym="" lang="de" country="">Fehler beim Speichern der Formatdaten. Die Daten sind unvollständig.</TEXT>
  <TEXT id="18620" sym="" lang="de" country="">Fehler beim Speichern des Maschinenformat.</TEXT>
  <TEXT id="18621" sym="" lang="de" country="">Fehler beim Speichern des Linienformat.</TEXT>
  <TEXT id="18622" sym="" lang="de" country="">Fehler beim Schreiben der Daten an das Gerät. Das Gerät antwortet nicht.</TEXT>
  <TEXT id="18623" sym="" lang="de" country="">Fehler beim Laden des Stationsformat.</TEXT>
  <TEXT id="18624" sym="" lang="de" country="">Fehler beim Laden des Maschinenformat.</TEXT>
  <TEXT id="18625" sym="" lang="de" country="">Fehler beim Laden des Linienformat.</TEXT>
  <TEXT id="18626" sym="" lang="de" country="">Fehler beim Laden der Auftragsdaten.</TEXT>
  <TEXT id="18627" sym="" lang="de" country="">Das Format kann nicht geladen werden. Das Laden wird von der Auftragsverwaltung gesperrt.</TEXT>
  <TEXT id="18628" sym="" lang="de" country="">Die zu überschreibenden Formatdaten sind nicht vorhanden. Die Aktion wird abgebrochen.</TEXT>
  <TEXT id="18629" sym="" lang="de" country="">Fehler beim Löschen des Formats. Das Format ist nicht vorhanden.</TEXT>
  <TEXT id="18630" sym="" lang="de" country="">Fehler beim Löschen des Formats. Das Format ist momentan geladen.</TEXT>
  <TEXT id="18631" sym="" lang="de" country="">Fehler beim Löschen des Formats. Das Format wird von einem anderen Format verwendet.</TEXT>
  <TEXT id="18635" sym="" lang="de" country="">Fehler bei der Initialisierung des Geräts. Das angegebene Gerät ist nicht vorhanden.</TEXT>
  <TEXT id="18636" sym="" lang="de" country="">Fehler bei der Erstellung des Electronic Record.</TEXT>
  <TEXT id="18637" sym="" lang="de" country="">Fehler. Der zu überschreibende Eelectronic Record ist nicht vorhanden.</TEXT>
  <TEXT id="18638" sym="" lang="de" country="">Initialisierung</TEXT>
  <TEXT id="18639" sym="" lang="de" country="">Leerlauf</TEXT>
  <TEXT id="18640" sym="" lang="de" country="">Busy</TEXT>
  <TEXT id="18641" sym="" lang="de" country="">Die Formatdaten sind unvollständig.</TEXT>
  <TEXT id="18642" sym="" lang="de" country="">Die Formatdaten sind vollständig.</TEXT>
  <TEXT id="18643" sym="" lang="de" country="">Start Grundformat der Linie speichern.</TEXT>
  <TEXT id="18644" sym="" lang="de" country="">Start Grundformat der Maschine speichern.</TEXT>
  <TEXT id="18645" sym="" lang="de" country="">Start Grundformat der Station speichern.</TEXT>
  <TEXT id="18646" sym="" lang="de" country="">Grundformat der Station gespeichert.</TEXT>
  <TEXT id="18647" sym="" lang="de" country="">Ende Grundformat der Station speichern.</TEXT>
  <TEXT id="18648" sym="" lang="de" country="">Ende Grundformat der Maschine speichern.</TEXT>
  <TEXT id="18649" sym="" lang="de" country="">Ende Grundformat der Linie speichern.</TEXT>
  <TEXT id="18650" sym="" lang="de" country="">Start Linienformat speichern.</TEXT>
  <TEXT id="18651" sym="" lang="de" country="">Start Maschinenformat speichern.</TEXT>
  <TEXT id="18652" sym="" lang="de" country="">Start Stationsformat speichern.</TEXT>
  <TEXT id="18653" sym="" lang="de" country="">Stationsformat gespeichert.</TEXT>
  <TEXT id="18654" sym="" lang="de" country="">Maschineformat gespeichert.</TEXT>
  <TEXT id="18655" sym="" lang="de" country="">Linienformat gespeichert.</TEXT>
  <TEXT id="18656" sym="" lang="de" country="">Ende Stationsformat speichern.</TEXT>
  <TEXT id="18657" sym="" lang="de" country="">Ende Maschinenformat speichern.</TEXT>
  <TEXT id="18658" sym="" lang="de" country="">Ende Linienformat speichern.</TEXT>
  <TEXT id="18659" sym="" lang="de" country="">Start neues Linienformat erstellen.</TEXT>
  <TEXT id="18660" sym="" lang="de" country="">Start neues Maschinenformat erstellen.</TEXT>
  <TEXT id="18661" sym="" lang="de" country="">Start neues Stationsformat erstellen.</TEXT>
  <TEXT id="18662" sym="" lang="de" country="">Neues Stationsformat erstellt.</TEXT>
  <TEXT id="18663" sym="" lang="de" country="">Neues Maschineformat erstellt.</TEXT>
  <TEXT id="18664" sym="" lang="de" country="">Neues Linienformat erstellt.</TEXT>
  <TEXT id="18665" sym="" lang="de" country="">Ende neues Stationsformat erstellen.</TEXT>
  <TEXT id="18666" sym="" lang="de" country="">Ende neues Maschinenformat erstellen.</TEXT>
  <TEXT id="18667" sym="" lang="de" country="">Ende neues Linienformat erstellen.</TEXT>
  <TEXT id="18668" sym="" lang="de" country="">Start Auftragsdaten laden.</TEXT>
  <TEXT id="18669" sym="" lang="de" country="">Start Linienformat laden.</TEXT>
  <TEXT id="18670" sym="" lang="de" country="">Start Maschinenformat laden.</TEXT>
  <TEXT id="18671" sym="" lang="de" country="">Start Stationsformat laden.</TEXT>
  <TEXT id="18672" sym="" lang="de" country="">Grundformat der Station geladen.</TEXT>
  <TEXT id="18673" sym="" lang="de" country="">Stationsformat geladen.</TEXT>
  <TEXT id="18674" sym="" lang="de" country="">Maschinenformat geladen.</TEXT>
  <TEXT id="18675" sym="" lang="de" country="">Linienformat geladen.</TEXT>
  <TEXT id="18676" sym="" lang="de" country="">Auftragsdaten geladen.</TEXT>
  <TEXT id="18677" sym="" lang="de" country="">Ende Stationsformat laden.</TEXT>
  <TEXT id="18678" sym="" lang="de" country="">Ende Maschinenformat laden.</TEXT>
  <TEXT id="18679" sym="" lang="de" country="">Ende Linienformat laden.</TEXT>
  <TEXT id="18680" sym="" lang="de" country="">Ende Auftragsdaten laden.</TEXT>
  <TEXT id="18681" sym="" lang="de" country="">Stationsformat logisch gelöscht (in Formathistorie verschoben).</TEXT>
  <TEXT id="18682" sym="" lang="de" country="">Maschinenformat logisch gelöscht (in Formathistorie verschoben).</TEXT>
  <TEXT id="18683" sym="" lang="de" country="">Linienformat logisch gelöscht (in Formathistorie verschoben).</TEXT>
  <TEXT id="18684" sym="" lang="de" country="">Grundformat der Station importiert.</TEXT>
  <TEXT id="18685" sym="" lang="de" country="">Stationsformat importiert.</TEXT>
  <TEXT id="18686" sym="" lang="de" country="">Maschinenformat importiert.</TEXT>
  <TEXT id="18687" sym="" lang="de" country="">Linienformat importiert.</TEXT>
  <TEXT id="18688" sym="" lang="de" country="">Neuen Electronic Record erstellt.</TEXT>
  <TEXT id="18689" sym="" lang="de" country="">Vorhandener Electronic Record überschrieben.</TEXT>
  <TEXT id="18690" sym="" lang="de" country="">Electronic Record von Client gelesen.</TEXT>
  <TEXT id="18691" sym="" lang="de" country="">Electronic Record logisch gelöscht (in ER Historie verschoben).</TEXT>
  <TEXT id="19198" sym="" lang="de" country="">Stationsformat umbenannt.</TEXT>
  <TEXT id="19199" sym="" lang="de" country="">Maschinenformat umbenannt.</TEXT>
  <TEXT id="19200" sym="" lang="de" country="">Linienformat umbenannt.</TEXT>
  <TEXT id="19201" sym="" lang="de" country="">Fehler beim Umbenennen des Formats. Das Format ist nicht vorhanden.</TEXT>
  <TEXT id="19202" sym="" lang="de" country="">Fehler beim Umbenennen des Formats. Die Format ID ist bereits vorhanden.</TEXT>
  <TEXT id="19203" sym="" lang="de" country="">Fehler beim Speichern des Stationsgrundformat.</TEXT>
  <TEXT id="19204" sym="" lang="de" country="">Fehler beim Speichern des Stationsformat.</TEXT>
  <TEXT id="19205" sym="" lang="de" country="">Start Geräteinitialisierung</TEXT>
  <TEXT id="19206" sym="" lang="de" country="">Format zur Geräteinitialisierung gelesen</TEXT>
  <TEXT id="19207" sym="" lang="de" country="">Auftragsdaten zur Geräteinitialisierung gelesen</TEXT>
  <TEXT id="19208" sym="" lang="de" country="">Gerät initialisiert</TEXT>
  <TEXT id="19209" sym="" lang="de" country="">Ende Geräteinitialisierung</TEXT>
  <TEXT id="19244" sym="" lang="de" country="">Das XML-Format der empfangenen Nachricht entspricht nicht der Spezifikation.</TEXT>
  <TEXT id="19245" sym="" lang="de" country="">Im FDS ist ein fataler Fehler aufgetreten. Bitte Log-Datei untersuchen.</TEXT>
  <TEXT id="19248" sym="" lang="de" country="">Fehler beim Verschieben in die ER-Historie. Der Electronic Record ist nicht vorhanden.</TEXT>
  <TEXT id="19249" sym="" lang="de" country="">Fehler  beim Lesen des Electronic Record. Der ER ist nicht vorhanden.</TEXT>
  <TEXT id="19260" sym="" lang="de" country="">Fehler beim Laden der Gerätedaten. Der Ladefortschritt geht nicht auf 100 %.</TEXT>
  <TEXT id="19261" sym="" lang="de" country="">Fehler beim Laden der Gerätedaten. Die Ladesperre des Geräts ist aktiviert.</TEXT>
  <TEXT id="19276" sym="" lang="de" country="">Die zu ladenden Formatdaten sind nicht vorhanden. Der Formatladevorgang wird abgebrochen.</TEXT>
  <TEXT id="20415" sym="" lang="de" country="">Fehler beim Lesen der Daten vom Gerät. Das Gerät liefert unbekannte Prozessvariablen (siehe FDS LOG nach unknown variable)</TEXT>
  <TEXT id="20471" sym="" lang="de" country="">Start Auftragsdaten zurücksetzen</TEXT>
  <TEXT id="20472" sym="" lang="de" country="">Auftragsdaten des Gerät zurückgesetzt</TEXT>
  <TEXT id="20473" sym="" lang="de" country="">Fehler beim Zurücksetzen der Auftragsdaten. Der Gerätefortschritt geht nicht auf 100 %.</TEXT>
  <TEXT id="20474" sym="" lang="de" country="">Ende Zurücksetzen der Auftragsdaten</TEXT>
  <TEXT id="20475" sym="" lang="de" country="">Fehler beim Zurücksetzen der Gerätedaten. Die Ladesperre des Geräts ist aktiviert.</TEXT>
  <TEXT id="20627" sym="" lang="de" country="">Aktion kann nicht ausgeführt werden. Die Komponente ist deaktiviert.</TEXT>
  <TEXT id="21677" sym="" lang="de" country="">Batch Linienrezept</TEXT>
  <TEXT id="22234" sym="" lang="de" country="">Formatname</TEXT>
  <TEXT id="22336" sym="" lang="de" country="">Komponente deaktiviert.</TEXT>
  <TEXT id="22337" sym="" lang="de" country="">Komponente aktiviert.</TEXT>
  <TEXT id="22338" sym="" lang="de" country="">Zu aktivierende Komponente nicht gefunden.</TEXT>
  <TEXT id="22339" sym="" lang="de" country="">Zu deaktivierende Komponente nicht gefunden.</TEXT>
  <TEXT id="22340" sym="" lang="de" country="">Prozessvariable im Format gespeichert.</TEXT>
  <TEXT id="22341" sym="" lang="de" country="">Fehler beim Speichern der Prozessvariable. Die Variable ist nicht konfiguriert.</TEXT>
  <TEXT id="22342" sym="" lang="de" country="">Die zu speichernde Prozessvariable ist im empfangenen Formatdatenblock des Geräts nicht enthalten.</TEXT>
  <TEXT id="22343" sym="" lang="de" country="">Das Format zu dem die Prozessvariablen gespeichert werden sollen ist nicht vorhanden.</TEXT>
  <TEXT id="22344" sym="" lang="de" country="">Prozessvariable nicht gefunden.</TEXT>
  <TEXT id="22345" sym="" lang="de" country="">Das Format mit der Format ID ist nicht vorhanden.</TEXT>
  <TEXT id="22346" sym="" lang="de" country="">Das Format mit dem Electronic Record Identifier ist nicht vorhanden.</TEXT>
  <TEXT id="22347" sym="" lang="de" country="">Es sind keine aktuellen Formate vorhanden.</TEXT>
  <TEXT id="22348" sym="" lang="de" country="">Das Referenzformat ist nicht vorhanden.</TEXT>
  <TEXT id="22349" sym="" lang="de" country="">Das Zielformat ist nicht vorhanden.</TEXT>
  <TEXT id="22350" sym="" lang="de" country="">Der Systempfad existiert nicht.</TEXT>
  <TEXT id="22351" sym="" lang="de" country="">Es existiert kein Format (PreviousLoaded), das vor dem aktuell geladenen Format geladen wurde.</TEXT>
  <TEXT id="23649" sym="" lang="de" country="">Komponente ist im Format nicht gespeichert</TEXT>
  <TEXT id="23851" sym="" lang="de" country="">Zuletzt geladenes Format (LastLoaded) nicht vorhanden.</TEXT>
  <TEXT id="24084" sym="" lang="de" country="">Die auszulesenden Formatdaten sind nicht vorhanden. Aktion wird abgebrochen.</TEXT>
  <TEXT id="24095" sym="" lang="de" country="">Der FDS ist für die angeforderte Aufgabe nicht verantwortlich.</TEXT>
  <TEXT id="24096" sym="" lang="de" country="">Execution Level für Taskausführung ungültig.</TEXT>
  <TEXT id="24097" sym="" lang="de" country="">Starte Subtask für verteilte Aufgabenausführung.</TEXT>
  <TEXT id="24098" sym="" lang="de" country="">Keine Antwortnachricht von Task erhalten.</TEXT>
  <TEXT id="24099" sym="" lang="de" country="">Die Maschine ist Offline.</TEXT>
  <TEXT id="24100" sym="" lang="de" country="">Übergang der Maschine nach Online.</TEXT>
  <TEXT id="24101" sym="" lang="de" country="">Übergang der Maschine nach Offline.</TEXT>
  <TEXT id="24102" sym="" lang="de" country="">Datenbankfehler beim Löschen eines Electronic Record. Löschvorgang fehlgeschlagen.</TEXT>
  <TEXT id="24103" sym="" lang="de" country="">Datenbankfehler beim Löschen einer Datei. Löschvorgang fehlgeschlagen.</TEXT>
  <TEXT id="24104" sym="" lang="de" country="">Kopieren der Daten in das Arbeitsverzeichnis fehlgeschlagen.</TEXT>
  <TEXT id="24107" sym="" lang="de" country="">Das Format kann nicht geladen werden. Das Format ist nicht vollständig.</TEXT>
  <TEXT id="24120" sym="" lang="de" country="">Formatversion</TEXT>
  <TEXT id="24222" sym="" lang="de" country="">Ungültiger Kindknoten im Format.</TEXT>
  <TEXT id="24490" sym="" lang="de" country="">Prozessvariable im Importformat nicht vorhanden. Verwende Default-Wert aus Konfigurationsdatei.</TEXT>
  <TEXT id="24491" sym="" lang="de" country="">Wert der Prozessvariable im Importformat liegt ausserhalb der festgelegten Grenzen. Verwende Default-Wert aus Konfigurationsdatei.</TEXT>
  <TEXT id="24563" sym="" lang="de" country="">Import des Formats fehlgeschlaggen</TEXT>
  <TEXT id="24564" sym="" lang="de" country="">Taskausführung auf der Maschine fehlgeschlagen</TEXT>
  <TEXT id="26269" sym="" lang="de" country="">Fehler beim Löschen des Formats. Interner Fehler.</TEXT>
  <TEXT id="26270" sym="" lang="de" country="">Fehler beim Löschen des Formats. Das Grundformat kann nicht gelöscht werden.</TEXT>
  <TEXT id="26837" sym="" lang="de" country="">Fehler beim Speichern des Maschinengrundformat.</TEXT>
  <TEXT id="26838" sym="" lang="de" country="">Fehler beim Speichern des Liniengrundformat.</TEXT>
  <TEXT id="26839" sym="" lang="de" country="">Das Gerät, von dem die Formatdaten gelesen werden sollen, ist nicht aktiv.</TEXT>
  <TEXT id="26840" sym="" lang="de" country="">Fehler beim Speichern von Einzelvariablen. Formatupdate fehlgeschlagen.</TEXT>
  <TEXT id="26841" sym="" lang="de" country="">Fehler beim Umbenennen des Formats.</TEXT>
  <TEXT id="26842" sym="" lang="de" country="">Komponenten verschiedener Systemebenen können nicht gleichzeitig (de-)aktiviert werden.</TEXT>
  <TEXT id="26843" sym="" lang="de" country="">Komponente kann nicht gleichzeitig aktiviert und deaktiviert werden.</TEXT>
  <TEXT id="26844" sym="" lang="de" country="">Fehler beim Umbenennen der Format ID. Format wird vom Linienformat referenziert.</TEXT>
  <TEXT id="27026" sym="" lang="de" country="">Die Format ID wird von einem Linienformat referenziert und kann aktuell nicht verwendet werden.</TEXT>
  <TEXT id="27224" sym="" lang="de" country="">Komponenten können aktuell nicht de- bzw. aktiviert werden. Unit Allocation ist von Auftragsverwaltung gesperrt.</TEXT>
  <TEXT id="27237" sym="" lang="de" country="">Vorgang abgebrochen. Das Format ist nicht freigegeben.</TEXT>
  <TEXT id="27238" sym="" lang="de" country="">Die Einstellung des Parameters ist für das Format nicht freigegeben.</TEXT>
  <TEXT id="27239" sym="" lang="de" country="">Prozessparameter freigegeben</TEXT>
  <TEXT id="27240" sym="" lang="de" country="">Prozessparameter nicht freigegeben</TEXT>
  <TEXT id="27241" sym="" lang="de" country="">Format freigegeben</TEXT>
  <TEXT id="27242" sym="" lang="de" country="">Format nicht freigeben</TEXT>
  <TEXT id="27243" sym="" lang="de" country="">Das Format ist für diesen PC nicht freigegeben.</TEXT>
  <TEXT id="27244" sym="" lang="de" country="">Änderung des Formatfreigabe-Status abgebrochen. Das Format ist nicht vorhanden.</TEXT>
  <TEXT id="27309" sym="" lang="de" country="">Das Format kann nicht importiert werden. Die Formatnummer existiert bereits.</TEXT>
  <TEXT id="27349" sym="" lang="de" country="">Fehler beim Speichern des Formats. Das Speichern neuer Formate wird von der Auftragsverwaltung gesperrt</TEXT>
  <TEXT id="27876" sym="" lang="de" country="">Änderung des Formatfreigabe-Status abgebrochen. Formate sind auf verschiedenen Systemebenen.</TEXT>
  <TEXT id="27877" sym="" lang="de" country="">Änderung des Formatfreigabe-Status abgebrochen. Verschiedene Freigaben für dasselbe Kindformat widerspechen sich.</TEXT>
  <TEXT id="27878" sym="" lang="de" country="">Eine benötigte Broker Variable ist nicht verfügbar.</TEXT>
  <TEXT id="28165" sym="" lang="de" country="">Fehler beim Speichern des Format. Die Formatnummer ist bereits vorhanden.</TEXT>
  <TEXT id="28278" sym="" lang="de" country="">Der Formatdatenserver der Maschine antwortet nicht.</TEXT>
  <TEXT id="28638" sym="" lang="de" country="">Lokaler Auftrag beendet. Linien- und lokaler Auftragszustand sind inkonsistent.</TEXT>
  <TEXT id="29113" sym="" lang="de" country="">Die Konfiguration hat sich seit dem letzten Formatspeichern geändert. Für die angegebene Komponente werden die Defaultwerte geladen.</TEXT>
</TEXTS>

