<?xml version="1.0" encoding="UTF-8"?>
<!DOCTYPE TEXTS SYSTEM "file://localhost/vimacon/dtds/tc2_8/texts.dtd">

<TEXTS>
  <TEXT id="1" sym="" lang="en" country="">#### Text is missing ####</TEXT>
  <TEXT id="9044" sym="" lang="en" country="">error</TEXT>
  <TEXT id="18609" sym="" lang="en" country="">Creation of the Message Digest failed.</TEXT>
  <TEXT id="18610" sym="" lang="en" country="">Integrity check failed. The data has been modified.</TEXT>
  <TEXT id="18611" sym="" lang="en" country="">Audit Trail entry failed. The action will be canceled.</TEXT>
  <TEXT id="18612" sym="" lang="en" country="">Error in configuration of format data server.</TEXT>
  <TEXT id="18613" sym="" lang="en" country="">Creation of Electronic Record Identifier failed.</TEXT>
  <TEXT id="18614" sym="" lang="en" country="">The data can not be moved to record history.</TEXT>
  <TEXT id="18615" sym="" lang="en" country="">Connection to database could not be established.</TEXT>
  <TEXT id="18616" sym="" lang="en" country="">An error occured while reading the data from the device. There is no response from the device.</TEXT>
  <TEXT id="18617" sym="" lang="en" country="">An error occured while reading the data from the device. The data are incomplete.</TEXT>
  <TEXT id="18618" sym="" lang="en" country="">An error occured while saving the base format. The data are incomplete.</TEXT>
  <TEXT id="18619" sym="" lang="en" country="">An error occured while saving the format. The data are incomplete.</TEXT>
  <TEXT id="18620" sym="" lang="en" country="">An error occured while saving the machine format.</TEXT>
  <TEXT id="18621" sym="" lang="en" country="">An error occured while saving the line format.</TEXT>
  <TEXT id="18622" sym="" lang="en" country="">An error occured while writing the data to the device. There is no response from the device.</TEXT>
  <TEXT id="18623" sym="" lang="en" country="">Error while loading the format of the station.</TEXT>
  <TEXT id="18624" sym="" lang="en" country="">Error while loading the machine format.</TEXT>
  <TEXT id="18625" sym="" lang="en" country="">Error while loading the line format.</TEXT>
  <TEXT id="18626" sym="" lang="en" country="">Error while loading the batch data.</TEXT>
  <TEXT id="18627" sym="" lang="en" country="">The format can not be loaded. The format load is locked by the batch manager.</TEXT>
  <TEXT id="18628" sym="" lang="en" country="">The format to be overwritten does not exist. The action is aborted.</TEXT>
  <TEXT id="18629" sym="" lang="en" country="">Format delete failed. The format does not exist.</TEXT>
  <TEXT id="18630" sym="" lang="en" country="">Format delete failed. The format is currently loaded.</TEXT>
  <TEXT id="18631" sym="" lang="en" country="">Format delete failed. The format is used by another format.</TEXT>
  <TEXT id="18635" sym="" lang="en" country="">Device initialization failed. The device does not exist.</TEXT>
  <TEXT id="18636" sym="" lang="en" country="">Creation of Electronic Record failed.</TEXT>
  <TEXT id="18637" sym="" lang="en" country="">Error. The Electronic Record to be overwritten does not exist.</TEXT>
  <TEXT id="18638" sym="" lang="en" country="">Initialization</TEXT>
  <TEXT id="18639" sym="" lang="en" country="">Idle</TEXT>
  <TEXT id="18640" sym="" lang="en" country="">Busy</TEXT>
  <TEXT id="18641" sym="" lang="en" country="">The format data is incomplete.</TEXT>
  <TEXT id="18642" sym="" lang="en" country="">The format data is complete.</TEXT>
  <TEXT id="18643" sym="" lang="en" country="">Start saving line base format.</TEXT>
  <TEXT id="18644" sym="" lang="en" country="">Start saving machine base format.</TEXT>
  <TEXT id="18645" sym="" lang="en" country="">Start saving base format of station.</TEXT>
  <TEXT id="18646" sym="" lang="en" country="">Base format of station saved.</TEXT>
  <TEXT id="18647" sym="" lang="en" country="">End of saving base format of the station.</TEXT>
  <TEXT id="18648" sym="" lang="en" country="">End of saving machine base format.</TEXT>
  <TEXT id="18649" sym="" lang="en" country="">End of saving line base format.</TEXT>
  <TEXT id="18650" sym="" lang="en" country="">Start saving line format.</TEXT>
  <TEXT id="18651" sym="" lang="en" country="">Start saving machine format.</TEXT>
  <TEXT id="18652" sym="" lang="en" country="">Start saving format of the station.</TEXT>
  <TEXT id="18653" sym="" lang="en" country="">Format of the station saved.</TEXT>
  <TEXT id="18654" sym="" lang="en" country="">Machine format saved.</TEXT>
  <TEXT id="18655" sym="" lang="en" country="">Line format saved.</TEXT>
  <TEXT id="18656" sym="" lang="en" country="">End of saving format of the station.</TEXT>
  <TEXT id="18657" sym="" lang="en" country="">End of saving machine format.</TEXT>
  <TEXT id="18658" sym="" lang="en" country="">End of saving line format.</TEXT>
  <TEXT id="18659" sym="" lang="en" country="">Start creation of line format.</TEXT>
  <TEXT id="18660" sym="" lang="en" country="">Start creation of machine format.</TEXT>
  <TEXT id="18661" sym="" lang="en" country="">Start creation of station format.</TEXT>
  <TEXT id="18662" sym="" lang="en" country="">New station format created.</TEXT>
  <TEXT id="18663" sym="" lang="en" country="">New machine format created.</TEXT>
  <TEXT id="18664" sym="" lang="en" country="">New line format created.</TEXT>
  <TEXT id="18665" sym="" lang="en" country="">End of station format creation.</TEXT>
  <TEXT id="18666" sym="" lang="en" country="">End of machine format creation.</TEXT>
  <TEXT id="18667" sym="" lang="en" country="">End of line format creation.</TEXT>
  <TEXT id="18668" sym="" lang="en" country="">Start batch data load.</TEXT>
  <TEXT id="18669" sym="" lang="en" country="">Start line format load.</TEXT>
  <TEXT id="18670" sym="" lang="en" country="">Start machine format load.</TEXT>
  <TEXT id="18671" sym="" lang="en" country="">Start station format load.</TEXT>
  <TEXT id="18672" sym="" lang="en" country="">Base format of the station loaded.</TEXT>
  <TEXT id="18673" sym="" lang="en" country="">Format of the station loaded.</TEXT>
  <TEXT id="18674" sym="" lang="en" country="">Machine format loaded.</TEXT>
  <TEXT id="18675" sym="" lang="en" country="">Line format loaded.</TEXT>
  <TEXT id="18676" sym="" lang="en" country="">Batch data loaded.</TEXT>
  <TEXT id="18677" sym="" lang="en" country="">End of loading station format.</TEXT>
  <TEXT id="18678" sym="" lang="en" country="">End of loading machine format.</TEXT>
  <TEXT id="18679" sym="" lang="en" country="">End of loading line format.</TEXT>
  <TEXT id="18680" sym="" lang="en" country="">End of loading batch data.</TEXT>
  <TEXT id="18681" sym="" lang="en" country="">Format of station deleted logically (moved to format history).</TEXT>
  <TEXT id="18682" sym="" lang="en" country="">Machine format deleted logically (moved to format history).</TEXT>
  <TEXT id="18683" sym="" lang="en" country="">Line format deleted logically (moved to format history).</TEXT>
  <TEXT id="18684" sym="" lang="en" country="">Base format of the station imported.</TEXT>
  <TEXT id="18685" sym="" lang="en" country="">Format of the station imported.</TEXT>
  <TEXT id="18686" sym="" lang="en" country="">Machine format imported.</TEXT>
  <TEXT id="18687" sym="" lang="en" country="">Line format imported.</TEXT>
  <TEXT id="18688" sym="" lang="en" country="">New Electronic Record created.</TEXT>
  <TEXT id="18689" sym="" lang="en" country="">Existing Electronic Record overwritten.</TEXT>
  <TEXT id="18690" sym="" lang="en" country="">Electronic Record read by a client.</TEXT>
  <TEXT id="18691" sym="" lang="en" country="">Electronic Record deleted logically (moved to ER history).</TEXT>
  <TEXT id="19198" sym="" lang="en" country="">Station format renamed.</TEXT>
  <TEXT id="19199" sym="" lang="en" country="">Machine format renamed.</TEXT>
  <TEXT id="19200" sym="" lang="en" country="">Line format renamed.</TEXT>
  <TEXT id="19201" sym="" lang="en" country="">Rename format failed. The format does not exist.</TEXT>
  <TEXT id="19202" sym="" lang="en" country="">Rename format failed. The format ID is already in use.</TEXT>
  <TEXT id="19203" sym="" lang="en" country="">Error while saving the base format of the station.</TEXT>
  <TEXT id="19204" sym="" lang="en" country="">Error while saving the format of the station.</TEXT>
  <TEXT id="19205" sym="" lang="en" country="">Begin device initialization</TEXT>
  <TEXT id="19206" sym="" lang="en" country="">Format data for device initialization read</TEXT>
  <TEXT id="19207" sym="" lang="en" country="">Batch data for device initialization read</TEXT>
  <TEXT id="19208" sym="" lang="en" country="">Device initialized</TEXT>
  <TEXT id="19209" sym="" lang="en" country="">End of device initialization</TEXT>
  <TEXT id="19244" sym="" lang="en" country="">The received XML message is not conform to the specification.</TEXT>
  <TEXT id="19245" sym="" lang="en" country="">A fatal error occured within the FDS. Please evaluate the FDS log file.</TEXT>
  <TEXT id="19248" sym="" lang="en" country="">Failure. The Electronic Record to be move to record history does not exist.</TEXT>
  <TEXT id="19249" sym="" lang="en" country="">Failure. The Electronic Record can not be read. It does not exist.</TEXT>
  <TEXT id="19260" sym="" lang="en" country="">Error during device data load. The load progress does not reach 100%.</TEXT>
  <TEXT id="19261" sym="" lang="en" country="">Error during data load to device. The load lock of the device is activated.</TEXT>
  <TEXT id="19276" sym="" lang="en" country="">The format to be loaded does not exist. The format load is aborted.</TEXT>
  <TEXT id="20415" sym="" lang="en" country="">Error reading device data. The device sends unknown process variables (search in FDS Log for unknown variable)</TEXT>
  <TEXT id="20471" sym="" lang="en" country="">Start batch data reset</TEXT>
  <TEXT id="20472" sym="" lang="en" country="">Batch data of the device reset</TEXT>
  <TEXT id="20473" sym="" lang="en" country="">Error while resetting the batch data. The device progress does not reach 100%.</TEXT>
  <TEXT id="20474" sym="" lang="en" country="">End batch data reset</TEXT>
  <TEXT id="20475" sym="" lang="en" country="">Error during batch data reset. The load lock of the device is activated.</TEXT>
  <TEXT id="20627" sym="" lang="en" country="">Action can not be executed. The component is deactivated.</TEXT>
  <TEXT id="21677" sym="" lang="en" country="">Batch LineRecipe</TEXT>
  <TEXT id="22234" sym="" lang="en" country="">Format name</TEXT>
  <TEXT id="22336" sym="" lang="en" country="">Component deactivated.</TEXT>
  <TEXT id="22337" sym="" lang="en" country="">Component activated.</TEXT>
  <TEXT id="22338" sym="" lang="en" country="">Component to activate not found.</TEXT>
  <TEXT id="22339" sym="" lang="en" country="">Component to deactivate not found.</TEXT>
  <TEXT id="22340" sym="" lang="en" country="">Process variable saved to format.</TEXT>
  <TEXT id="22341" sym="" lang="en" country="">Error while saving the process variable. The variable is not configured.</TEXT>
  <TEXT id="22342" sym="" lang="en" country="">The process variable does not exist in the format data block received from the device.</TEXT>
  <TEXT id="22343" sym="" lang="en" country="">The format to which process variables must be saved does not exist.</TEXT>
  <TEXT id="22344" sym="" lang="en" country="">Process variables not found.</TEXT>
  <TEXT id="22345" sym="" lang="en" country="">The format with the Format ID does not exist.</TEXT>
  <TEXT id="22346" sym="" lang="en" country="">The format with the Electronic Record Identifier does not exist.</TEXT>
  <TEXT id="22347" sym="" lang="en" country="">Current formats not found.</TEXT>
  <TEXT id="22348" sym="" lang="en" country="">The reference format does not exist.</TEXT>
  <TEXT id="22349" sym="" lang="en" country="">The target format does not exist.</TEXT>
  <TEXT id="22350" sym="" lang="en" country="">The system path does not exist.</TEXT>
  <TEXT id="22351" sym="" lang="en" country="">There is no format (PreviousLoaded), which was loaded bevor the actual loaded format.</TEXT>
  <TEXT id="23649" sym="" lang="en" country="">Component is not saved in the format</TEXT>
  <TEXT id="23851" sym="" lang="en" country="">Last loaded format does not exist.</TEXT>
  <TEXT id="24084" sym="" lang="en" country="">Reading of format data aborted. The data is not available.</TEXT>
  <TEXT id="24095" sym="" lang="en" country="">The FDS is for the requested task not responsible.</TEXT>
  <TEXT id="24096" sym="" lang="en" country="">Invalid execution level while starting task.</TEXT>
  <TEXT id="24097" sym="" lang="en" country="">Start subtask for processing distributed task.</TEXT>
  <TEXT id="24098" sym="" lang="en" country="">No response message received from task.</TEXT>
  <TEXT id="24099" sym="" lang="en" country="">The machine is offline.</TEXT>
  <TEXT id="24100" sym="" lang="en" country="">Machine went online.</TEXT>
  <TEXT id="24101" sym="" lang="en" country="">Machine went offline.</TEXT>
  <TEXT id="24102" sym="" lang="en" country="">Database error while deleting Electronic Record. Action aborted.</TEXT>
  <TEXT id="24103" sym="" lang="en" country="">Database error while deleting file. Action aborted.</TEXT>
  <TEXT id="24104" sym="" lang="en" country="">Error while copying data to working directory.</TEXT>
  <TEXT id="24107" sym="" lang="en" country="">The format can not be loaded. The format is not complete.</TEXT>
  <TEXT id="24120" sym="" lang="en" country="">Format version</TEXT>
  <TEXT id="24222" sym="" lang="en" country="">Format contains invalid child node.</TEXT>
  <TEXT id="24490" sym="" lang="en" country="">Process variable does not exist in import format. Default value from configuration will be used.</TEXT>
  <TEXT id="24491" sym="" lang="en" country="">Value of process variable is outside of the configured limits. Default value from configuration will be used.</TEXT>
  <TEXT id="24563" sym="" lang="en" country="">Format import failed.</TEXT>
  <TEXT id="24564" sym="" lang="en" country="">Tasc execution at machine failed</TEXT>
  <TEXT id="26269" sym="" lang="en" country="">Format delete failed. Internal error.</TEXT>
  <TEXT id="26270" sym="" lang="en" country="">Format delete failed. Base format must not be deleted.</TEXT>
  <TEXT id="26837" sym="" lang="en" country="">Error while saving the base format of the machine.</TEXT>
  <TEXT id="26838" sym="" lang="en" country="">Error while saving the base format of the line.</TEXT>
  <TEXT id="26839" sym="" lang="en" country="">The device for which the format data must be read is not active.</TEXT>
  <TEXT id="26840" sym="" lang="en" country="">Error while saving single variable. Format update failed.</TEXT>
  <TEXT id="26841" sym="" lang="en" country="">Rename format failed.</TEXT>
  <TEXT id="26842" sym="" lang="en" country="">Components of different system level can not be (de-)activated at a time.</TEXT>
  <TEXT id="26843" sym="" lang="en" country="">Component can not be activated and deactivated at a time.</TEXT>
  <TEXT id="26844" sym="" lang="en" country="">Error renaming format ID. Format is referenced by line format.</TEXT>
  <TEXT id="27026" sym="" lang="en" country="">The format ID is referenced by a line format and can currently not be used.</TEXT>
  <TEXT id="27224" sym="" lang="en" country="">Components can currently not be de-/activated. Unit allocation locked by batch management.</TEXT>
  <TEXT id="27237" sym="" lang="en" country="">Action aborted. The format has not been approved.</TEXT>
  <TEXT id="27238" sym="" lang="en" country="">The setting of the parameter has not been approved for the format.</TEXT>
  <TEXT id="27239" sym="" lang="en" country="">Process parameter approved</TEXT>
  <TEXT id="27240" sym="" lang="en" country="">Process parameter not approved</TEXT>
  <TEXT id="27241" sym="" lang="en" country="">Format approved</TEXT>
  <TEXT id="27242" sym="" lang="en" country="">Format not approved</TEXT>
  <TEXT id="27243" sym="" lang="en" country="">Format is not approved for this PC.</TEXT>
  <TEXT id="27244" sym="" lang="en" country="">Modification of format approval aborted. The format does not exist.</TEXT>
  <TEXT id="27309" sym="" lang="en" country="">The format can not be imported. The format number already exists.</TEXT>
  <TEXT id="27349" sym="" lang="en" country="">Error while saving the format. Format saving is locked by batch management.</TEXT>
  <TEXT id="27876" sym="" lang="en" country="">Modification of format approval aborted. Formats are on different system levels.</TEXT>
  <TEXT id="27877" sym="" lang="en" country="">Modification of format approval aborted. Some approvals for the same child format are inconsistent.</TEXT>
  <TEXT id="27878" sym="" lang="en" country="">A required broker variable is not available.</TEXT>
  <TEXT id="28165" sym="" lang="en" country="">Error saving the format. The format number already exists.</TEXT>
  <TEXT id="28278" sym="" lang="en" country="">There is no response from the machine format data server.</TEXT>
  <TEXT id="28638" sym="" lang="en" country="">Local batch is finished. Line and local batch state are inconsistent.</TEXT>
  <TEXT id="29113" sym="" lang="en" country="">The configuration has changed since last format save. For the given component the default values are loaded.</TEXT>
</TEXTS>

