<?xml version="1.0" encoding="UTF-8"?>
<!DOCTYPE TEXTS SYSTEM "file://localhost/vimacon/dtds/tc2_8/texts.dtd">

<TEXTS>
  <TEXT id="4905" sym="" lang="en" country="">Blister</TEXT>
  <TEXT id="7167" sym="" lang="en" country="">Cartoner</TEXT>
  <TEXT id="8546" sym="" lang="en" country="">Filename</TEXT>
  <TEXT id="10383" sym="" lang="en" country="">Overwriting</TEXT>
  <TEXT id="13593" sym="" lang="en" country="">Cycles/min</TEXT>
  <TEXT id="16617" sym="" lang="en" country="">Signature</TEXT>
  <TEXT id="16619" sym="" lang="en" country="">Blister size</TEXT>
  <TEXT id="16620" sym="" lang="en" country="">Foil</TEXT>
  <TEXT id="16621" sym="" lang="en" country="">Product/blister</TEXT>
  <TEXT id="18524" sym="" lang="en" country="">Product</TEXT>
  <TEXT id="18796" sym="" lang="en" country="">Carton dimensions</TEXT>
  <TEXT id="19904" sym="" lang="en" country="">No</TEXT>
  <TEXT id="19905" sym="" lang="en" country="">Product name</TEXT>
  <TEXT id="19906" sym="" lang="en" country="">Carton</TEXT>
  <TEXT id="19907" sym="" lang="en" country="">Leaflet</TEXT>
  <TEXT id="19911" sym="" lang="en" country="">Date</TEXT>
  <TEXT id="20427" sym="" lang="en" country="">cartons/bundle</TEXT>
  <TEXT id="22628" sym="" lang="en" country="">Master PC</TEXT>
  <TEXT id="23162" sym="" lang="en" country="">layers/pallet</TEXT>
  <TEXT id="24120" sym="" lang="en" country="">Format version</TEXT>
  <TEXT id="27267" sym="" lang="en" country="">Case size</TEXT>
  <TEXT id="27268" sym="" lang="en" country="">Products/case</TEXT>
  <TEXT id="27269" sym="" lang="en" country="">Pallet size</TEXT>
  <TEXT id="27270" sym="" lang="en" country="">Drawing no.</TEXT>
  <TEXT id="27964" sym="" lang="en" country="">Blister machine</TEXT>
  <TEXT id="28551" sym="" lang="en" country="">Product dimensions</TEXT>
  <TEXT id="28552" sym="" lang="en" country="">Products/carton</TEXT>
  <TEXT id="30662" sym="" lang="en" country="">New No</TEXT>
  <TEXT id="30932" sym="" lang="en" country="">IBC</TEXT>
  <TEXT id="30939" sym="" lang="en" country="">Bottle</TEXT>
  <TEXT id="30940" sym="" lang="en" country="">Cap</TEXT>
  <TEXT id="30942" sym="" lang="en" country="">Desiccant</TEXT>
  <TEXT id="31718" sym="" lang="en" country="">Products/bottle</TEXT>
  <TEXT id="40317" sym="" lang="en" country="">Palletizer</TEXT>
  <TEXT id="41122" sym="" lang="en" country="">Stretchbander</TEXT>
  <TEXT id="47200" sym="" lang="en" country="">Case packer</TEXT>
</TEXTS>

