<?xml version="1.0" encoding="UTF-8"?>
<!DOCTYPE TEXTS SYSTEM "file://localhost/vimacon/dtds/tc2_8/texts.dtd">

<TEXTS>
    <TEXT id="19210" sym="" lang="de" country="">Fehler in der Konfiguration des Batch Manager.</TEXT>
    <TEXT id="19211" sym="" lang="de" country="">Kommunikationsfehler. Der Kommunikationspartner antwortet nicht.</TEXT>
    <TEXT id="19212" sym="" lang="de" country="">Auftragsstart abgebrochen. Der Batch Controller ist nicht im Zustand „Bereit für neuen Auftrag“.</TEXT>
    <TEXT id="19213" sym="" lang="de" country="">Auftragsstart abgebrochen. Die Druckbilddateien können nicht gelesen werden.</TEXT>
    <TEXT id="19214" sym="" lang="de" country="">Auftragsstart abgebrochen. Die Auftragsdaten sind unvollständig.</TEXT>
    <TEXT id="19215" sym="" lang="de" country="">Auftragsstart abgebrochen. Die BDE-Zähler auf der SPS konnten nicht zurückgesetzt werden.</TEXT>
    <TEXT id="19216" sym="" lang="de" country="">Auftragsstart abgebrochen. Die BDE Komponente meldet einen Fehler.</TEXT>
    <TEXT id="19217" sym="" lang="de" country="">Auftragsstart abgebrochen. Die Auftragsdaten konnten nicht als Electronic Record gespeichert werden.</TEXT>
    <TEXT id="19218" sym="" lang="de" country="">Auftragsstart abgebrochen. Fehler beim Schreiben der Druckbilddateien in das Zielverzeichnis.</TEXT>
    <TEXT id="19219" sym="" lang="de" country="">Auftragsstart abgebrochen. Die Format- und Auftragsdaten können momentan nicht geladen werden.</TEXT>
    <TEXT id="19220" sym="" lang="de" country="">Auftragsstart abgebrochen. Fehler beim Laden der Format- und Auftragsdaten.</TEXT>
    <TEXT id="19221" sym="" lang="de" country="">Auftragsstart abgebrochen. Der Auftrag kann nicht in der BDE Datenbank gespeichert werden.</TEXT>
    <TEXT id="19222" sym="" lang="de" country="">Auftragsänderung abgebrochen. Der Batch Controller ist nicht im Zustand „Auftrag gestartet“.</TEXT>
    <TEXT id="19223" sym="" lang="de" country="">Auftragsänderung abgebrochen. Die Druckbilddateien können nicht gelesen werden.</TEXT>
    <TEXT id="19224" sym="" lang="de" country="">Auftragsänderung abgebrochen. Bestimmte Auftragsdaten dürfen nicht mehr verändert werden.</TEXT>
    <TEXT id="19225" sym="" lang="de" country="">Auftragsänderung abgebrochen. Die Auftragsdaten konnten nicht als Electronic Record gespeichert werden.</TEXT>
    <TEXT id="19226" sym="" lang="de" country="">Auftragsänderung abgebrochen. Fehler beim Schreiben der Druckbilddateien in das Zielverzeichnis.</TEXT>
    <TEXT id="19227" sym="" lang="de" country="">Auftragsänderung abgebrochen. Die Auftragsdaten können momentan nicht geladen werden.</TEXT>
    <TEXT id="19228" sym="" lang="de" country="">Auftragsänderung abgebrochen. Fehler beim Laden der Format- und Auftragsdaten.</TEXT>
    <TEXT id="19229" sym="" lang="de" country="">Auftragsänderung abgebrochen. Der Auftrag kann nicht in der BDE Datenbank gespeichert werden.</TEXT>
    <TEXT id="19230" sym="" lang="de" country="">Auftrag kann nicht beendet werden. Es ist kein Auftrag gestartet.</TEXT>
    <TEXT id="19231" sym="" lang="de" country="">Auftrag kann nicht beendet werden. Die Linie ist im Zustand „Running“.</TEXT>
    <TEXT id="19232" sym="" lang="de" country="">Auftrag kann nicht beendet werden. Die BDE Komponente meldet einen Fehler beim Abschließen des Auftrags.</TEXT>
    <TEXT id="19233" sym="" lang="de" country="">Auftrag kann nicht beendet werden. Fehler beim Schreiben des Auftragende in die BDE-Datenbank.</TEXT>
    <TEXT id="19234" sym="" lang="de" country="">Die Druckbilddateien in den Zielverzeichnissen konnten nicht gelöscht werden.</TEXT>
    <TEXT id="19235" sym="" lang="de" country="">Die BDE-Zähler auf der SPS konnten nicht zurückgesetzt werden.</TEXT>
    <TEXT id="19236" sym="" lang="de" country="">Beginn Auftragsstart.</TEXT>
    <TEXT id="19237" sym="" lang="de" country="">Auftrag erfolgreich gestartet.</TEXT>
    <TEXT id="19238" sym="" lang="de" country="">Auftragsprozessvariable gesetzt.</TEXT>
    <TEXT id="19239" sym="" lang="de" country="">Beginn Änderung der Auftragsdaten.</TEXT>
    <TEXT id="19240" sym="" lang="de" country="">Auftragsprozessvariable geändert.</TEXT>
    <TEXT id="19241" sym="" lang="de" country="">Auftragsdaten erfolgreich geändert.</TEXT>
    <TEXT id="19242" sym="" lang="de" country="">Beginn Auftragende.</TEXT>
    <TEXT id="19243" sym="" lang="de" country="">Auftrag beendet.</TEXT>
    <TEXT id="19298" sym="" lang="de" country="">Auftragsstart abgebrochen. Ein Auftrag mit dieser Auftragsnummer existiert bereits.</TEXT>
    <TEXT id="20991" sym="" lang="de" country="">Auftrag start</TEXT>
    <TEXT id="20992" sym="" lang="de" country="">Auftrag löschen</TEXT>
    <TEXT id="20993" sym="" lang="de" country="">Auftrag beenden</TEXT>
    <TEXT id="23439" sym="" lang="de" country="">Auftrag beendet. System konnte jedoch nicht vollständig zurückgesetzt werden.</TEXT>
    <TEXT id="24147" sym="" lang="de" country="">Auftragsstart abgebrochen. Fehler beim Übertragen der Auftragdaten an den Format Daten Server.</TEXT>
    <TEXT id="24148" sym="" lang="de" country="">Auftragsänderung abgebrochen. Fehler beim Übertragen der Auftragdaten an den Format Daten Ser-ver.</TEXT>
    <TEXT id="24464" sym="" lang="de" country="">Keine Antwort vom Format Daten Server</TEXT>
    <TEXT id="25005" sym="" lang="de" country="">Auftragsstart abgebrochen. Bitte sicherstellen, dass alle Maschinen gestoppt sind.</TEXT>
    <TEXT id="25006" sym="" lang="de" country="">Maschine ist nicht gestoppt. Daten können nicht geladen werden.</TEXT>
    <TEXT id="25022" sym="" lang="de" country="">Auftragsänderung abgebrochen. Bitte sicherstellen, dass alle Maschinen gestoppt sind.</TEXT>
    <TEXT id="25023" sym="" lang="de" country="">Auftragsende abgebrochen. Bitte sicherstellen, dass alle Maschinen gestoppt sind.</TEXT>
    <TEXT id="25938" sym="" lang="de" country="">Batch Manager ist im Lokalen Modus. Aktion nicht erlaubt.</TEXT>
    <TEXT id="25939" sym="" lang="de" country="">Batch Manager ist im Remote Modus. Aktion nicht erlaubt.</TEXT>
    <TEXT id="25940" sym="" lang="de" country="">Lokaler Modus</TEXT>
    <TEXT id="25941" sym="" lang="de" country="">Remote Modus</TEXT>
    <TEXT id="25944" sym="" lang="de" country="">Local/Remote Modus kann im aktuellen Auftragszustand nicht geändert werden.</TEXT>
    <TEXT id="25945" sym="" lang="de" country="">Interner Fehler beim Setzen des Local/Remote Modus. Siehe bm.log.</TEXT>
    <TEXT id="27602" sym="" lang="de" country="">Änderung des Auftragsstatus. Maschine kann nicht gestartet werden.</TEXT>
    <TEXT id="28291" sym="" lang="de" country="">De- bzw. Aktivierung der Maschinen fehlgeschlagen.</TEXT>
    <TEXT id="28303" sym="" lang="de" country="">Das externe Leitsystem ist nicht bereit.</TEXT>
    <TEXT id="28328" sym="" lang="de" country="">Auftragsstop nicht möglich. Es wurden noch nicht alle kritischen Alarme an das externe Leitsystem gemeldet.</TEXT>
    <TEXT id="28345" sym="" lang="de" country="">Lokaler Modus ist aktiviert. Maschinenstart ist ohne Verbindung zum Leitsystem möglich.</TEXT>
    <TEXT id="28358" sym="" lang="de" country="">Auftragstart abgebrochen. Das Leitsystem ist nicht bereit.</TEXT>
    <TEXT id="31615" sym="" lang="de" country="">Der Datenprovider antwortet nicht.</TEXT>
    <TEXT id="31616" sym="" lang="de" country="">Die Daten des Provider entsprechen nicht der Spezifikation.</TEXT>
    <TEXT id="31617" sym="" lang="de" country="">Fehler beim Datenprovider. Daten können nicht bereitgestellt werden.</TEXT>
    <TEXT id="32757" sym="" lang="de" country="">Auftragsstart abgebrochen. Die Auftragsnummer existiert bereits und konnte nicht automatisch inkrementiert werden.</TEXT>
    <TEXT id="32850" sym="" lang="de" country="">Warte auf Stoppgrund Eingabe</TEXT>
    <TEXT id="32854" sym="" lang="de" country="">Auftragsende abgebrochen. Bitte sicherstellen, dass alle Stoppgründe zurückgemeldet sind.</TEXT>
    <TEXT id="32857" sym="" lang="de" country="">Auftragsende abgebrochen. Das Tracking System blockiert das Beenden des Auftrags.</TEXT>
    <TEXT id="33160" sym="" lang="de" country="">Die Übergabe der Produktionsdaten ist fehlgeschlagen.</TEXT>
    <TEXT id="33222" sym="" lang="de" country="">Die Übergabe der Produktionsdaten wurde vom Benutzer abgebrochen.</TEXT>
    <TEXT id="23309" sym="" lang="de" country="">Server nicht erreichbar</TEXT>
    <TEXT id="33227" sym="" lang="de" country="">Fehler bei der Übermittlung des  Auftragsstatus an den Site Server.</TEXT>
    <TEXT id="33228" sym="" lang="de" country="">Aktualisierung Auftragsstatus</TEXT>
</TEXTS>
