<?xml version="1.0" encoding="UTF-8"?>

<!DOCTYPE TEXTS SYSTEM "file://localhost/vimacon/dtds/tc2_8/texts.dtd">

<TEXTS>
    <TEXT id="19277" sym="" lang="de" country="DEU">Format ID</TEXT>
    <TEXT id="19278" sym="" lang="de" country="DEU">National Drug Code</TEXT>
    <TEXT id="19280" sym="" lang="de" country="DEU">Verfalldatum</TEXT>
    <TEXT id="19279" sym="" lang="de" country="DEU">Los</TEXT>
    <TEXT id="21676" sym="" lang="de" country="DEU">Batch Produkt</TEXT>
    <TEXT id="21677" sym="" lang="de" country="DEU">Batch Linienrezept</TEXT>
    <TEXT id="21678" sym="" lang="de" country="DEU">Batch NDC</TEXT>
    <TEXT id="20396" sym="" lang="de" country="DEU">Kommunikation mit Client fehlgeschlagen</TEXT>
    <TEXT id="20397" sym="" lang="de" country="DEU">Datenbankfehler</TEXT>
    <TEXT id="10968" sym="" lang="de" country="DEU">Verbindung zum Gerät abgebrochen</TEXT>
    <TEXT id="27602" sym="" lang="de" country="DEU">Änderung des Auftragsstatus. Maschine kann nicht gestartet werden.</TEXT>
    <TEXT id="30107" sym="" lang="de" country="DEU">Auftragsstart / -Stop abgebrochen.</TEXT>
    <TEXT id="22092" sym="" lang="de" country="DEU">Verfallsdatum</TEXT>
    <TEXT id="19905" sym="" lang="de" country="DEU">Produktname</TEXT>
    <TEXT id="22418" sym="" lang="de" country="DEU">Auftragsserver</TEXT>
    <TEXT id="26688" sym="" lang="de" country="DEU">Nenngeschwindigkeit Maschine</TEXT>
    <TEXT id="28303" sym="" lang="de" country="DEU">Das externe Leitsystem ist nicht bereit.</TEXT>
    <TEXT id="28335" sym="" lang="de" country="DEU">Die vom externen Leitsystem empfangenen Auftragsdaten sind inkorrekt.</TEXT>
    <TEXT id="28345" sym="" lang="de" country="DEU">Lokaler Modus ist aktiviert. Maschinenstart ist ohne Verbindung zum Leitsystem möglich.</TEXT>
    <TEXT id="16360" sym="" lang="de" country="DEU">Audit Trail-Einträge werden nicht durchgeführt</TEXT>
    <TEXT id="23467" sym="" lang="de" country="DEU">Formatnamen VisioChrom</TEXT>
    <TEXT id="31546" sym="" lang="de" country="DEU">Seriennummer</TEXT>
    <TEXT id="27855" sym="" lang="de" country="DEU">Codetyp Deckfolie</TEXT>
    <TEXT id="27856" sym="" lang="de" country="DEU">Istcode Deckfolie</TEXT>
    <TEXT id="17681" sym="" lang="de" country="DEU">Formatnamen VisioRead</TEXT>
    <TEXT id="33875" sym="" lang="de" country="DEU">Blister Produktionsdatum</TEXT>
    <TEXT id="33876" sym="" lang="de" country="DEU">Blister Los</TEXT>
    <TEXT id="33877" sym="" lang="de" country="DEU">Blister Verfalldatum</TEXT>
    <TEXT id="31583" sym="" lang="de" country="DEU">SGTIN Kopf Kartonierer</TEXT>
    <TEXT id="34152" sym="" lang="de" country="DEU">SGTIN Kopf Blistermaschine</TEXT>
</TEXTS>

