<?xml version="1.0" encoding="UTF-8"?>

<!DOCTYPE TEXTS SYSTEM "file://localhost/vimacon/dtds/tc2_8/texts.dtd">

<TEXTS>
    <TEXT id="19277" sym="" lang="en" country="USA">Format ID</TEXT>
    <TEXT id="19278" sym="" lang="en" country="USA">National Drug Code</TEXT>
    <TEXT id="19280" sym="" lang="en" country="USA">Expiration date</TEXT>
    <TEXT id="19279" sym="" lang="en" country="USA">Lot</TEXT>
    <TEXT id="21676" sym="" lang="en" country="USA">Batch Product</TEXT>
    <TEXT id="21677" sym="" lang="en" country="USA">Batch LineRecipe</TEXT>
    <TEXT id="21678" sym="" lang="en" country="USA">Batch NDC</TEXT>
    <TEXT id="20396" sym="" lang="en" country="USA">communication with client timed out</TEXT>
    <TEXT id="20397" sym="" lang="en" country="USA">Database error</TEXT>
    <TEXT id="10968" sym="" lang="en" country="USA">Connection to unit interrupted</TEXT>
    <TEXT id="27602" sym="" lang="en" country="USA">Change of batch status. Machine start is blocked.</TEXT>
    <TEXT id="30107" sym="" lang="en" country="USA">batch start / stop aborted.</TEXT>
    <TEXT id="22092" sym="" lang="en" country="USA">Expiry Date</TEXT>
    <TEXT id="19905" sym="" lang="en" country="USA">Product name</TEXT>
    <TEXT id="22418" sym="" lang="en" country="USA">BatchManager</TEXT>
    <TEXT id="26688" sym="" lang="en" country="USA">Nominal speed machine</TEXT>
    <TEXT id="28303" sym="" lang="en" country="USA">The external guidance system is not ready.</TEXT>
    <TEXT id="28335" sym="" lang="en" country="USA">The received batch data from external guidance system are incorrect.</TEXT>
    <TEXT id="28345" sym="" lang="en" country="USA">Local Mode is activated. Machine start without connection to control system is possible.</TEXT>
    <TEXT id="16360" sym="" lang="en" country="USA">Audit Trail entries not possible</TEXT>
    <TEXT id="23467" sym="" lang="en" country="USA">Format name VisioChrom</TEXT>
    <TEXT id="31546" sym="" lang="en" country="USA">Serial Number</TEXT>
    <TEXT id="27855" sym="" lang="en" country="USA">Code type lid foil</TEXT>
    <TEXT id="27856" sym="" lang="en" country="USA">Actual code lid foil</TEXT>
    <TEXT id="17681" sym="" lang="en" country="USA">Format name VisioRead</TEXT>
    <TEXT id="33875" sym="" lang="en" country="USA">Blister manufacturing date</TEXT>
    <TEXT id="33876" sym="" lang="en" country="USA">Blister Lot</TEXT>
    <TEXT id="33877" sym="" lang="en" country="USA">Blister expiration date</TEXT>
    <TEXT id="31583" sym="" lang="en" country="USA">SGTIN Header Cartoner</TEXT>
    <TEXT id="34152" sym="" lang="en" country="USA">SGTIN Header Blistermachine</TEXT>
</TEXTS>

