<?xml version="1.0" encoding="ISO-8859-1"?>
<!DOCTYPE EQUIPMENT SYSTEM "file://localhost/vimacon/dtds/tc3_0/equipment.dtd">

<EQUIPMENT name="ElauPLC" id="1" text="28304" pingInterval="15000" bootIndex="4" commandLine="c:\pm2004\bin\tc\prog\Driver160\OPCClientSock.exe,C:\pm2004\bin\tc\prog\Driver160,ElauPLC,ElauPLC" configPath=".\bin\tc\prog\Driver160\config">
    <BASE_CONF activated="1" class="7" ifDevice="192.168.10.26" opcConnection="PLC_Simtap" format="ElauPLC_FormatData" formatLoadLock="ElauPLC_FormatLoadLock" stateFormatProgress="ElauPLC_FormatProgress" fdsDeviceInit="FDS_DeviceInit" fdsChangeNotification="FDS_ChangeNotification" stateSyncUp="ElauPLC_SyncUp" stateSyncDown="ElauPLC_SyncDown" stateLine="" errorSet="ElauPLC_ErrorReport" errorReset="ElauPLC_ErrorReset" clearRequest="" timeoutWrite="5000" linktest="5"/>
    <DRIVER_CONF>
        <connection>
            <deviceOPCServer>CoDeSys.OPC.02</deviceOPCServer>
        </connection>
        <simulation>
            <startSimulationMode>2</startSimulationMode>
        </simulation>
        <driverVariables>
            <errorVarNameToPLC>ElauPLC_ErrorReportToPLC</errorVarNameToPLC>
            <varBootBit>ElauPLC_BootBit</varBootBit>
            <plcType>2</plcType>
            <formelDll>c:\pm2004\bin\tc\prog\formel.dll</formelDll>
            <watchDogFromPLC>10000</watchDogFromPLC>
            <atsTimeout>30000</atsTimeout>
            <fdsTimeout>60000</fdsTimeout>
            <deviceTimeout>20000</deviceTimeout>
        </driverVariables>
    </DRIVER_CONF>
    <DEVICE_ERRORS>
        <errorWriteSimulationMode>97</errorWriteSimulationMode>
        <errorWriteFailed>98</errorWriteFailed>
        <errorDeviceCommunication>99</errorDeviceCommunication>
        <errorVarUnknown>9006</errorVarUnknown>
        <errorNoValidData>9010</errorNoValidData>
        <errorInternal>9011</errorInternal>
        <errorNoDefaultFormatdata>9012</errorNoDefaultFormatdata>
        <errorConfiguration>9013</errorConfiguration>
    </DEVICE_ERRORS>
    <PV_CONF>
        <EPVS>
            <EPV name="ElauPLC_ErrorReportToPLC" item="" address="07:00,01,01,V,.ERRORTEXT_HMI_TO_PLC," rwu="2" cmt="error variable HMI to Elau PLC" type="DWORD" dsunit="" changeValue="" size="1" minRaw="" maxRaw="" conv="" conv2=""/>
            <EPV name="ElauPLC_BootBit" item="" address="07:00,01,01,V,.HMI_PlcPon," rwu="2" cmt="Driver boot up" type="BOOL" dsunit="" changeValue="" size="1" minRaw="" maxRaw="" conv="" conv2=""/>
        </EPVS>
    </PV_CONF>
    <TEMPPARAM_CONF>
        <TEMPERATURE type="1" cmt="standard heating">
            <TEMPPARAM cmt="Hysterese" name="P1.hysterese" text="12371" help="100102" pvName=".Hysteresis" unit="10040" format="" rightActive="2096" stateActive="-1" rightVisible="2104" anyPosActive="1" pdcActive="0"/>
            <TEMPPARAM cmt="Temperaturoffset" name="P2.offset" text="12368" help="100103" pvName=".Offset" unit="10040" format="" rightActive="2096" stateActive="-1" rightVisible="2104" anyPosActive="1" pdcActive="0"/>
            <TEMPPARAM cmt="Toleranz Plus/Minus" name="P3.toleranz" semantic="tolerancePlus,toleranceMinus" text="16367" help="100104" pvName=".Tolerance" unit="10040" format="" rightActive="2096" stateActive="-1" rightVisible="2104" anyPosActive="1" pdcActive="1"/>
            <TEMPPARAM cmt="Schaltzykluszeit" name="P4.t_schalt" text="12369" help="100105" pvName=".t_cycle" unit="7263" format="" rightActive="2096" stateActive="-1" rightVisible="2104" anyPosActive="1" pdcActive="0"/>
            <TEMPPARAM cmt="Proportionalbereich Betrieb" name="P5.xp1" text="12360" help="100106" pvName=".Xp1" unit="10040" format="" rightActive="2096" stateActive="-1" rightVisible="2104" anyPosActive="1" pdcActive="0"/>
            <TEMPPARAM cmt="Proportionalbereich Stillstand" name="P6.xp0" text="12361" help="100107" pvName=".Xp0" unit="10040" format="" rightActive="2096" stateActive="-1" rightVisible="2104" anyPosActive="1" pdcActive="0"/>
            <TEMPPARAM cmt="Nachstellzeit Betrieb" name="P7.ti1" text="12362" help="100108" pvName=".Ti1" unit="7263" format="" rightActive="2096" stateActive="-1" rightVisible="2104" anyPosActive="1" pdcActive="0"/>
            <TEMPPARAM cmt="Nachstellzeit Stillstand" name="P8.ti0" text="12363" help="100109" pvName=".Ti0" unit="7263" format="" rightActive="2096" stateActive="-1" rightVisible="2104" anyPosActive="1" pdcActive="0"/>
            <TEMPPARAM cmt="Vorhaltzeit Betrieb" name="P9.td1" text="12364" help="100110" pvName=".Td1" unit="7263" format="" rightActive="2096" stateActive="-1" rightVisible="2104" anyPosActive="1" pdcActive="0"/>
            <TEMPPARAM cmt="Vorhaltzeit Stillstand" name="P10.td0" text="12365" help="100111" pvName=".Td0" unit="7263" format="" rightActive="2096" stateActive="-1" rightVisible="2104" anyPosActive="1" pdcActive="0"/>
            <TEMPPARAM cmt="Stellgradbegrenzung Betrieb" name="P11.gstell1" text="12366" help="100112" pvName=".RatioLimit1" unit="5026" format="" rightActive="2096" stateActive="-1" rightVisible="2104" anyPosActive="1" pdcActive="0"/>
            <TEMPPARAM cmt="Stellgradbegrenzung Stillstand" name="P12.gstell0" text="12367" help="100113" pvName=".RatioLimit0" unit="5026" format="" rightActive="2096" stateActive="-1" rightVisible="2104" anyPosActive="1" pdcActive="0"/>
            <TEMPPARAM cmt="Solltemperatur Betrieb" name="P13.soll_temp0" semantic="setValueOperation" text="7037" help="100114" pvName=".Setpoint1" unit="10040" format="" rightActive="2104" stateActive="-1" rightVisible="2108" anyPosActive="1" pdcActive="1"/>
            <TEMPPARAM cmt="Isttemperatur" name="P15.IstTemp" semantic="actValue" text="7042" help="100116" pvName=".CurrentTemp" unit="10040" format="" rightActive="2104" stateActive="-1" rightVisible="2108" anyPosActive="0" pdcActive="0"/>
            <TEMPPARAM cmt="STELL" name="P16.STELL" text="16579" help="100117" pvName=".RegRatio" unit="5026" format="" rightActive="2104" stateActive="-1" rightVisible="2108" anyPosActive="0" pdcActive="0"/>
        </TEMPERATURE>
        <TEMPERATURE type="2" cmt="NIR heating, end of line machines">
            <TEMPPARAM name="NIR.ToleranceMinus" cmt="NIR Toleranz Minus" semantic="toleranceMinus" text="7038" help="452" pvName=".ToleranceMinus" unit="24673" format="" rightActive="2096" stateActive="-1" rightVisible="2104" anyPosActive="1" pdcActive="1"/>
            <TEMPPARAM name="NIR.TolerancePlus" cmt="NIR Toleranz Plus" semantic="tolerancePlus" text="7039" help="452" pvName=".TolerancePlus" unit="24673" format="" rightActive="2096" stateActive="-1" rightVisible="2104" anyPosActive="1" pdcActive="1"/>
            <TEMPPARAM name="NIR.Regulation" pvName=".Regulation" cmt="NIR Regulation" text="7048" help="452" stateActive="-1" pdcActive="0" anyPosActive="1" unit="24673" format="" rightVisible="2104" rightActive="2096"/>
            <TEMPPARAM name="NIR.RegulationStart" pvName=".RegulationStart" cmt="NIR Regulation Start" text="24914" help="452" stateActive="-1" pdcActive="0" anyPosActive="1" unit="5026" format="" rightVisible="2104" rightActive="2096"/>
            <TEMPPARAM name="Nir.OffsetActualTemp" cmt="Temperaturoffset Kalibrierung Isttemperatur" text="7050" help="452" pvName=".OffsetActualTemp" unit="24673" format="" rightActive="2096" stateActive="-1" rightVisible="2104" anyPosActive="1" pdcActive="0"/>
            <TEMPPARAM name="NIR.NominalTemp" cmt="Solltemperatur" semantic="setValueOperation" text="7037" help="452" pvName=".NominalTemp" unit="17565" format="" rightActive="2104" stateActive="-1" rightVisible="2108" anyPosActive="1" pdcActive="1"/>
            <TEMPPARAM name="P15.ActualTemp" cmt="Isttemperatur" semantic="actValue" text="7042" help="100116" pvName=".ActualTemp" unit="17565" format="" rightActive="2104" stateActive="-1" rightVisible="2108" anyPosActive="0" pdcActive="0"/>
        </TEMPERATURE>
        <TEMPERATURE type="3" cmt="Hotmelt heating">
            <TEMPPARAM cmt="Obere Toleranzgrenze" name="Temp.TolerancePlus" semantic="tolerancePlus" text="7039" help="452" pvName=".TolerancePlus" unit="17565" format="" rightActive="2096" stateActive="-1" rightVisible="2104" anyPosActive="1" pdcActive="1"/>
            <TEMPPARAM cmt="Untere Toleranzgrenze" name="Temp.ToleranceMinus" semantic="toleranceMinus" text="7038" help="452" pvName=".ToleranceMinus" unit="17565" format="" rightActive="2096" stateActive="-1" rightVisible="2104" anyPosActive="1" pdcActive="1"/>
            <TEMPPARAM cmt="Sollwert Bereitschaft" name="SetTemp.SetTempStandby" text="26901" help="100001" pvName=".SetTempStandby" unit="17565" format="" rightActive="2096" stateActive="-1" rightVisible="2104" anyPosActive="1" pdcActive="0"/>
            <TEMPPARAM cmt="Sollwert" name="SetTemp.SetTemp" semantic="setValueOperation" text="25539" help="100001" pvName=".SetTemp" unit="17565" format="" rightActive="2096" stateActive="-1" rightVisible="2104" anyPosActive="1" pdcActive="0"/>
            <TEMPPARAM cmt="Istwert" name="Temp.ReadTemp" semantic="actValue" text="25540" help="100001" pvName=".ReadTemp" unit="17565" format="" rightActive="2096" stateActive="-1" rightVisible="2104" anyPosActive="1" pdcActive="1"/>
        </TEMPERATURE>
    </TEMPPARAM_CONF>
</EQUIPMENT>
