<?xml version='1.0' encoding="UTF-8" ?>
<?xml-stylesheet type='text/xsl' href="file://C:/vimacon/stylesheets/vico/almanach.xsl" ?>


<HISTORY module="ACS" company="Uhlmann" author="J. Preusch kopiert von 3.42" created="2009-04-01">
    <DESC lang="de">Zugangssystem</DESC>
    <DESC lang="en">Access control</DESC>
    <RECORD type="vico_generated" user="Kley_m" timestamp="1246963585" date="2009-07-07T12:46:25">
        <USER_COMMENT user="Kley_m" date="2009-07-07T12:46:25">Initial Module Document Generated by Vico Module Management System</USER_COMMENT>
        <MACHINE name="B1660" serialno="1380102" version="" kind="BLM" type="B1550" subtype="ET"/>
        <MODDESC kind="equip_ac" version="3.50.0"/>
    </RECORD>
</HISTORY>

