<?xml version="1.0" encoding="UTF-8"?>

<!DOCTYPE TEXTS SYSTEM "file://localhost/vimacon/dtds/tc2_8/texts.dtd">

<TEXTS>
    <TEXT id="19269" sym="" lang="de" country="DEU">Einrichten/Justierung</TEXT>
    <TEXT id="5026" sym="" lang="de" country="DEU">%</TEXT>
    <TEXT id="12314" sym="" lang="de" country="DEU">Geschwindigkeit</TEXT>
    <TEXT id="7841" sym="" lang="de" country="DEU">Schaltschranktemperatur zu hoch</TEXT>
    <TEXT id="21763" sym="" lang="de" country="DEU">Öffnen</TEXT>
    <TEXT id="16580" sym="" lang="de" country="DEU">START</TEXT>
    <TEXT id="11030" sym="" lang="de" country="DEU">AUS</TEXT>
    <TEXT id="11029" sym="" lang="de" country="DEU">EIN</TEXT>
    <TEXT id="7894" sym="" lang="de" country="DEU">Korrektur</TEXT>
    <TEXT id="11120" sym="" lang="de" country="DEU">Produktfreigabe</TEXT>
    <TEXT id="12478" sym="" lang="de" country="DEU">Längseinstellung</TEXT>
    <TEXT id="12479" sym="" lang="de" country="DEU">Quereinstellung</TEXT>
    <TEXT id="12484" sym="" lang="de" country="DEU">Absperrgehäuse</TEXT>
    <TEXT id="11309" sym="" lang="de" country="DEU">Füllschuh</TEXT>
    <TEXT id="8280" sym="" lang="de" country="DEU">Vibrationsstärke</TEXT>
    <TEXT id="30205" sym="" lang="de" country="DEU">Prozent</TEXT>
    <TEXT id="10002" sym="" lang="de" country="DEU">EIN</TEXT>
    <TEXT id="20784" sym="" lang="de" country="DEU">Schließen</TEXT>
    <TEXT id="22256" sym="" lang="de" country="DEU">Befehl abgebrochen</TEXT>
    <TEXT id="8394" sym="" lang="de" country="DEU">Start</TEXT>
    <TEXT id="30325" sym="" lang="de" country="DEU">Signalqualität</TEXT>
    <TEXT id="30326" sym="" lang="de" country="DEU">Status Synchronisation Simtap III</TEXT>
    <TEXT id="30327" sym="" lang="de" country="DEU">Neustart Gebersynchronisation</TEXT>
    <TEXT id="30328" sym="" lang="de" country="DEU">Status Synchronisation Maschine</TEXT>
    <TEXT id="19" sym="" lang="de" country="DEU">Referenzfahrt</TEXT>
    <TEXT id="20" sym="" lang="de" country="DEU">Formatwechsel</TEXT>
    <TEXT id="11480" sym="" lang="de" country="DEU">AUS</TEXT>
    <TEXT id="11481" sym="" lang="de" country="DEU">EIN</TEXT>
    <TEXT id="30368" sym="" lang="de" country="DEU">Letzter Korrekturwert</TEXT>
    <TEXT id="7104" sym="" lang="de" country="DEU">1/min</TEXT>
    <TEXT id="23732" sym="" lang="de" country="DEU">Referenzposition setzen</TEXT>
    <TEXT id="23733" sym="" lang="de" country="DEU">Parameter übertragen</TEXT>
    <TEXT id="7143" sym="" lang="de" country="DEU">Formatposition</TEXT>
    <TEXT id="8527" sym="" lang="de" country="DEU">Istposition</TEXT>
    <TEXT id="20962" sym="" lang="de" country="DEU">Formatwechselposition</TEXT>
    <TEXT id="22446" sym="" lang="de" country="DEU">Sollposition</TEXT>
    <TEXT id="23820" sym="" lang="de" country="DEU">Tippen +</TEXT>
    <TEXT id="23821" sym="" lang="de" country="DEU">Tippen -</TEXT>
    <TEXT id="7262" sym="" lang="de" country="DEU">mm</TEXT>
    <TEXT id="29600" sym="" lang="de" country="DEU">Abstand Folie-Füllschuh</TEXT>
    <TEXT id="29589" sym="" lang="de" country="DEU">Sortierplatte Füllhöhe</TEXT>
    <TEXT id="29601" sym="" lang="de" country="DEU">Klemmung Sortierplatte</TEXT>
    <TEXT id="29591" sym="" lang="de" country="DEU">Frequenz</TEXT>
    <TEXT id="29602" sym="" lang="de" country="DEU">Klemmung Absperrgehäuse</TEXT>
    <TEXT id="29596" sym="" lang="de" country="DEU">Sortierplatte Hubbewegung</TEXT>
    <TEXT id="29597" sym="" lang="de" country="DEU">Obere Position</TEXT>
    <TEXT id="29598" sym="" lang="de" country="DEU">Untere Position</TEXT>
    <TEXT id="29599" sym="" lang="de" country="DEU">Eintauchtiefe Absperrfinger</TEXT>
    <TEXT id="30663" sym="" lang="de" country="DEU">Gebersynchronisation</TEXT>
    <TEXT id="30664" sym="" lang="de" country="DEU">Hoferfassung</TEXT>
    <TEXT id="30665" sym="" lang="de" country="DEU">Position Touchprobesignal</TEXT>
    <TEXT id="30666" sym="" lang="de" country="DEU">Dauer obere Rast</TEXT>
    <TEXT id="8805" sym="" lang="de" country="DEU">Vibrationsrinne</TEXT>
    <TEXT id="25539" sym="" lang="de" country="DEU">Sollwert</TEXT>
    <TEXT id="25540" sym="" lang="de" country="DEU">Istwert</TEXT>
    <TEXT id="30751" sym="" lang="de" country="DEU">Überlappung Schieber geschlossen</TEXT>
    <TEXT id="30810" sym="" lang="de" country="DEU">Obere Absperrschieber</TEXT>
    <TEXT id="30811" sym="" lang="de" country="DEU">Untere Absperrschieber</TEXT>
    <TEXT id="29861" sym="" lang="de" country="DEU">SimTap Fehler Achse Virt. MT-Leitgeber</TEXT>
    <TEXT id="29862" sym="" lang="de" country="DEU">SimTap Fehler Achse Virt. Simtap Leitgeber</TEXT>
    <TEXT id="29863" sym="" lang="de" country="DEU">SimTap Fehler Achse Längseinstellung</TEXT>
    <TEXT id="29864" sym="" lang="de" country="DEU">SimTap Fehler Virt. Achse Vibration Sortierplatte</TEXT>
    <TEXT id="29865" sym="" lang="de" country="DEU">SimTap Fehler Achse Vibration Sortierplatte</TEXT>
    <TEXT id="29866" sym="" lang="de" country="DEU">SimTap Fehler Virt. Achse Hub Füllschuh</TEXT>
    <TEXT id="29867" sym="" lang="de" country="DEU">SimTap Fehler Achse Hub Füllschuh</TEXT>
    <TEXT id="29868" sym="" lang="de" country="DEU">SimTap Fehler Virt. Achse Hub Sortierplatte</TEXT>
    <TEXT id="29869" sym="" lang="de" country="DEU">SimTap Fehler Achse Hub Sortierplatte</TEXT>
    <TEXT id="29870" sym="" lang="de" country="DEU">SimTap Fehler Stellmotor Quereinstellung</TEXT>
    <TEXT id="29871" sym="" lang="de" country="DEU">SimTap Einrichtbetrieb Stellmotor Quereinstellung</TEXT>
    <TEXT id="29872" sym="" lang="de" country="DEU">SimTap Warnung Stellmotor Quereinstellung</TEXT>
    <TEXT id="29873" sym="" lang="de" country="DEU">SimTap Fehler Stellmotor Eintauchtiefe Absperrfinger</TEXT>
    <TEXT id="29874" sym="" lang="de" country="DEU">SimTap Einrichtbetrieb Stellmotor Eintauchtiefe Absperrfinger</TEXT>
    <TEXT id="29875" sym="" lang="de" country="DEU">SimTap Warnung Stellmotor Eintauchtiefe Absperrfinger</TEXT>
    <TEXT id="29876" sym="" lang="de" country="DEU">SimTap Fehler Absperrgehäuse nicht geklemmt</TEXT>
    <TEXT id="29877" sym="" lang="de" country="DEU">SimTap Fehler Absperrgehäuse Klemmung nicht lösbar</TEXT>
    <TEXT id="29878" sym="" lang="de" country="DEU">SimTap Fehler Sortierplatte nicht geklemmt</TEXT>
    <TEXT id="29879" sym="" lang="de" country="DEU">SimTap Fehler Sortierplatte Klemmung nicht lösbar</TEXT>
    <TEXT id="29880" sym="" lang="de" country="DEU">SimTap Fehler Schaltschrank nicht geschlossen</TEXT>
    <TEXT id="13503" sym="" lang="de" country="DEU">Minimalwert</TEXT>
    <TEXT id="17720" sym="" lang="de" country="DEU">Vibration</TEXT>
    <TEXT id="29950" sym="" lang="de" country="DEU">Längseinstellung Bremse lösen</TEXT>
    <TEXT id="29971" sym="" lang="de" country="DEU">Simtap III - Zuführung</TEXT>
    <TEXT id="24639" sym="" lang="de" country="DEU">Werkzeugklemmung</TEXT>
    <TEXT id="20558" sym="" lang="de" country="DEU">°</TEXT>
    <TEXT id="31700" sym="" lang="de" country="DEU">SimTap Fehler Eingebundene Achse antwortet nicht</TEXT>
    <TEXT id="31701" sym="" lang="de" country="DEU">SimTap Fehler CAN-Initialisierung nicht beendet</TEXT>
    <TEXT id="31692" sym="" lang="de" country="DEU">Reglerverstärkung</TEXT>
    <TEXT id="31702" sym="" lang="de" country="DEU">Sortierplatte 1 Füllhöhe</TEXT>
    <TEXT id="31703" sym="" lang="de" country="DEU">Sortierplatte 2 Füllhöhe</TEXT>
    <TEXT id="31704" sym="" lang="de" country="DEU">SimTap Fehler Not-Halt-Taster betätigt</TEXT>
    <TEXT id="31705" sym="" lang="de" country="DEU">SimTap Warnung Produktlevel Sortierplatte 2 zu niedrig</TEXT>
    <TEXT id="31706" sym="" lang="de" country="DEU">SimTap Fehler kein Format geladen</TEXT>
    <TEXT id="31707" sym="" lang="de" country="DEU">SimTap Fehler Geberkommunikation zur Blistermaschine nicht bereit</TEXT>
    <TEXT id="31698" sym="" lang="de" country="DEU">SimTap Fehler Werkzeugklemmung</TEXT>
    <TEXT id="31699" sym="" lang="de" country="DEU">SimTap Fehler Werkzeugklemmung kann nicht gelöst werden</TEXT>
    <TEXT id="30374" sym="" lang="de" country="DEU">SimTap Fehler Befehlskette abgebrochen</TEXT>
    <TEXT id="30375" sym="" lang="de" country="DEU">SimTap Fehler Referenzfahrt erforderlich</TEXT>
    <TEXT id="30376" sym="" lang="de" country="DEU">SimTap Fehler PacDrive Controller</TEXT>
    <TEXT id="30377" sym="" lang="de" country="DEU">SimTap Warnung PacDrive Controller</TEXT>
    <TEXT id="30378" sym="" lang="de" country="DEU">SimTap Fehler Watchbaustein</TEXT>
    <TEXT id="30379" sym="" lang="de" country="DEU">SimTap Fehler Sicherheitskreis unterbrochen</TEXT>
    <TEXT id="30380" sym="" lang="de" country="DEU">SimTap Fehler Schutzeinrichtung geöffnet</TEXT>
    <TEXT id="30381" sym="" lang="de" country="DEU">SimTap Fehler Schutzeinrichtung nicht verriegelt</TEXT>
    <TEXT id="30382" sym="" lang="de" country="DEU">SimTap Fehler Temperaturüberwachung Schaltschrank</TEXT>
    <TEXT id="30383" sym="" lang="de" country="DEU">SimTap Formatwechselposition aktiviert</TEXT>
    <TEXT id="30385" sym="" lang="de" country="DEU">SimTap Warnung Produktlevel Sortierplatte 1 zu niedrig</TEXT>
    <TEXT id="30386" sym="" lang="de" country="DEU">SimTap Warnung Produktvorrat Trichter 1</TEXT>
    <TEXT id="30387" sym="" lang="de" country="DEU">SimTap Warnung Vorschublänge</TEXT>
    <TEXT id="30388" sym="" lang="de" country="DEU">SimTap Warnung Hoferfassung kein Touchprobe</TEXT>
    <TEXT id="30390" sym="" lang="de" country="DEU">SimTap Fehler Verbindungsabbruch HMI - PLC</TEXT>
    <TEXT id="30389" sym="" lang="de" country="DEU">SimTap Warnung Hoferfassung Abweichung zu groß</TEXT>
    <TEXT id="20923" sym="" lang="de" country="DEU">LEERFAHREN</TEXT>
    <TEXT id="31781" sym="" lang="de" country="DEU">Zusatzfunktion 1</TEXT>
    <TEXT id="31782" sym="" lang="de" country="DEU">Zusatzfunktion 2</TEXT>
    <TEXT id="31907" sym="" lang="de" country="DEU">SimTap Fehler Motorschutzschalter ausgelöst</TEXT>
    <TEXT id="30671" sym="" lang="de" country="DEU">SimTap Warnung Produktvorrat Trichter 2</TEXT>
    <TEXT id="29777" sym="" lang="de" country="DEU">Vibrationszuführung</TEXT>
    <TEXT id="9029" sym="" lang="de" country="DEU">Aus</TEXT>
    <TEXT id="32080" sym="" lang="de" country="DEU">Sortierplatte leerfahren</TEXT>
    <TEXT id="32079" sym="" lang="de" country="DEU">SimTap Fehler Formatwechselposition aktivieren nicht möglich</TEXT>
    <TEXT id="31981" sym="" lang="de" country="DEU">JUSTIEREN</TEXT>
    <TEXT id="16221" sym="" lang="de" country="DEU">Touch Probe Offset</TEXT>
    <TEXT id="9028" sym="" lang="de" country="DEU">Ein</TEXT>
    <TEXT id="32762" sym="" lang="de" country="DEU">SimTap Warnung Schieber öffnen nicht möglich</TEXT>
    <TEXT id="8474" sym="" lang="de" country="DEU">Serienfehler</TEXT>
    <TEXT id="32400" sym="" lang="de" country="DEU">Offset Einstreifen</TEXT>
    <TEXT id="32399" sym="" lang="de" country="DEU">Vorzeitiges Abheben</TEXT>
    <TEXT id="32431" sym="" lang="de" country="DEU">Einlegeposition anfahren</TEXT>
    <TEXT id="32432" sym="" lang="de" country="DEU">SimTap Fehler Einlegeposition angefahren</TEXT>
    <TEXT id="32352" sym="" lang="de" country="DEU">Vorschublänge Blistermaschine</TEXT>
    <TEXT id="29973" sym="" lang="de" country="DEU">Simtap III absenken</TEXT>
    <TEXT id="29684" sym="" lang="de" country="DEU">Simtap III</TEXT>
    <TEXT id="7223" sym="" lang="de" country="DEU">START</TEXT>
    <TEXT id="33685" sym="" lang="de" country="DEU">Sensor teachen</TEXT>
    <TEXT id="33763" sym="" lang="de" country="DEU">Maximale Vibrationsstärke</TEXT>
    <TEXT id="33764" sym="" lang="de" country="DEU">Minimale Vibrationsstärke</TEXT>
    <TEXT id="34194" sym="" lang="de" country="DEU">Zusatzfunktion Anschluss 2/3</TEXT>
    <TEXT id="34195" sym="" lang="de" country="DEU">Zusatzfunktion Anschluss 5/6</TEXT>
</TEXTS>

