<?xml version="1.0" encoding="UTF-8"?>

<!DOCTYPE TEXTS SYSTEM "file://localhost/vimacon/dtds/tc2_8/texts.dtd">

<TEXTS>
    <TEXT id="19269" sym="" lang="en" country="USA">Setup/Adjustments</TEXT>
    <TEXT id="12314" sym="" lang="en" country="USA">Speed</TEXT>
    <TEXT id="7841" sym="" lang="en" country="USA">Control cabinet temperature too high</TEXT>
    <TEXT id="21763" sym="" lang="en" country="USA">Open</TEXT>
    <TEXT id="11030" sym="" lang="en" country="USA">OFF</TEXT>
    <TEXT id="11029" sym="" lang="en" country="USA">ON</TEXT>
    <TEXT id="7894" sym="" lang="en" country="USA">Correction</TEXT>
    <TEXT id="11120" sym="" lang="en" country="USA">Product release</TEXT>
    <TEXT id="12478" sym="" lang="en" country="USA">Longitudinal setting</TEXT>
    <TEXT id="12484" sym="" lang="en" country="USA">Shut-off housing</TEXT>
    <TEXT id="11309" sym="" lang="en" country="USA">Manifold</TEXT>
    <TEXT id="8280" sym="" lang="en" country="USA">Vibration rate</TEXT>
    <TEXT id="30205" sym="" lang="en" country="USA">Percent</TEXT>
    <TEXT id="10002" sym="" lang="en" country="USA">ON</TEXT>
    <TEXT id="20784" sym="" lang="en" country="USA">Close</TEXT>
    <TEXT id="22256" sym="" lang="en" country="USA">order breaked</TEXT>
    <TEXT id="8394" sym="" lang="en" country="USA">Start</TEXT>
    <TEXT id="30327" sym="" lang="en" country="USA">Restart encoder synchronization</TEXT>
    <TEXT id="19" sym="" lang="en" country="USA">Reference run</TEXT>
    <TEXT id="20" sym="" lang="en" country="USA">Format change-over</TEXT>
    <TEXT id="11480" sym="" lang="en" country="USA">OFF</TEXT>
    <TEXT id="11481" sym="" lang="en" country="USA">ON</TEXT>
    <TEXT id="30368" sym="" lang="en" country="USA">Last correction value</TEXT>
    <TEXT id="7104" sym="" lang="en" country="USA">1/min</TEXT>
    <TEXT id="23732" sym="" lang="en" country="USA">Set setpoint reference position</TEXT>
    <TEXT id="23733" sym="" lang="en" country="USA">Transmit parameters</TEXT>
    <TEXT id="7143" sym="" lang="en" country="USA">Format position</TEXT>
    <TEXT id="8527" sym="" lang="en" country="USA">Actual position</TEXT>
    <TEXT id="20962" sym="" lang="en" country="USA">Format change position</TEXT>
    <TEXT id="22446" sym="" lang="en" country="USA">Setpoint position</TEXT>
    <TEXT id="29600" sym="" lang="en" country="USA">Distance foil-manifold</TEXT>
    <TEXT id="29589" sym="" lang="en" country="USA">Sorting plate filling level</TEXT>
    <TEXT id="29601" sym="" lang="en" country="USA">Clamping sorting plate</TEXT>
    <TEXT id="29591" sym="" lang="en" country="USA">Frequency</TEXT>
    <TEXT id="29602" sym="" lang="en" country="USA">Clamping shut off housing</TEXT>
    <TEXT id="29596" sym="" lang="en" country="USA">Sorting plate lifting movement</TEXT>
    <TEXT id="29597" sym="" lang="en" country="USA">Upper position</TEXT>
    <TEXT id="29598" sym="" lang="en" country="USA">Lower position</TEXT>
    <TEXT id="29599" sym="" lang="en" country="USA">Depth of immersion shut off fingers</TEXT>
    <TEXT id="30663" sym="" lang="en" country="USA">Encoder synchronization</TEXT>
    <TEXT id="30664" sym="" lang="en" country="USA">Pocket detection</TEXT>
    <TEXT id="30666" sym="" lang="en" country="USA">Duration upper rest</TEXT>
    <TEXT id="8805" sym="" lang="en" country="USA">vibration chute</TEXT>
    <TEXT id="25539" sym="" lang="en" country="USA">Set value</TEXT>
    <TEXT id="25540" sym="" lang="en" country="USA">Actual value</TEXT>
    <TEXT id="30751" sym="" lang="en" country="USA">Overlapping doors closed</TEXT>
    <TEXT id="30810" sym="" lang="en" country="USA">Upper shut-off slides</TEXT>
    <TEXT id="30811" sym="" lang="en" country="USA">Lower shut-off slides</TEXT>
    <TEXT id="29861" sym="" lang="en" country="USA">SimTap error axis virt. multi stroke master</TEXT>
    <TEXT id="29862" sym="" lang="en" country="USA">SimTap error axis virt. simtap master</TEXT>
    <TEXT id="29863" sym="" lang="en" country="USA">SimTap error axis longitudinal setting</TEXT>
    <TEXT id="29864" sym="" lang="en" country="USA">SimTap error virt. axis vibration sorting plate</TEXT>
    <TEXT id="29865" sym="" lang="en" country="USA">SimTap error axis vibration sorting plate</TEXT>
    <TEXT id="29866" sym="" lang="en" country="USA">SimTap error virt. axis manifold lifting</TEXT>
    <TEXT id="29867" sym="" lang="en" country="USA">SimTap error axis manifold lifting</TEXT>
    <TEXT id="29868" sym="" lang="en" country="USA">SimTap error virt. axis sorting plate lifting</TEXT>
    <TEXT id="29869" sym="" lang="en" country="USA">SimTap error axis sorting plate lifting</TEXT>
    <TEXT id="29870" sym="" lang="en" country="USA">SimTap error positioning motor transverse setting</TEXT>
    <TEXT id="29871" sym="" lang="en" country="USA">SimTap setup mode positioning motor transverse setting</TEXT>
    <TEXT id="29872" sym="" lang="en" country="USA">SimTap warning positioning motor transverse setting</TEXT>
    <TEXT id="29873" sym="" lang="en" country="USA">SimTap error positioning motor depth of immersion shut off fingers</TEXT>
    <TEXT id="29874" sym="" lang="en" country="USA">SimTap setup mode positioning motor depth of immersion shut off fingers</TEXT>
    <TEXT id="29875" sym="" lang="en" country="USA">SimTap warning positioning motor depth of immersion shut off fingers</TEXT>
    <TEXT id="29876" sym="" lang="en" country="USA">SimTap error shunt off housing not clamped</TEXT>
    <TEXT id="29877" sym="" lang="en" country="USA">SimTap error clamping shunt off housing can not be released</TEXT>
    <TEXT id="29878" sym="" lang="en" country="USA">SimTap error sorting plate not clamped</TEXT>
    <TEXT id="29879" sym="" lang="en" country="USA">SimTap error clamping sorting plate can not be released</TEXT>
    <TEXT id="29880" sym="" lang="en" country="USA">SimTap error control cabinet not closed</TEXT>
    <TEXT id="13503" sym="" lang="en" country="USA">Minimum value</TEXT>
    <TEXT id="17720" sym="" lang="en" country="USA">Tray Vibration</TEXT>
    <TEXT id="29950" sym="" lang="en" country="USA">Longitudinal setting release brake</TEXT>
    <TEXT id="24639" sym="" lang="en" country="USA">Tool clamping</TEXT>
    <TEXT id="31700" sym="" lang="en" country="USA">SimTap error installed axis does not respond</TEXT>
    <TEXT id="31701" sym="" lang="en" country="USA">SimTap error CAN initialization not finished</TEXT>
    <TEXT id="31692" sym="" lang="en" country="USA">Control unit gain</TEXT>
    <TEXT id="31702" sym="" lang="en" country="USA">Sorting plate 1 filling level</TEXT>
    <TEXT id="31703" sym="" lang="en" country="USA">Sorting plate 2 filling level</TEXT>
    <TEXT id="31704" sym="" lang="en" country="USA">SimTap error EMERGENCY STOP button actuated</TEXT>
    <TEXT id="31705" sym="" lang="en" country="USA">SimTap warning product level sorting plate 2 too low</TEXT>
    <TEXT id="31706" sym="" lang="en" country="USA">SimTap error no format loaded</TEXT>
    <TEXT id="31707" sym="" lang="en" country="USA">SimTap error encoder communication to blister machine not ready</TEXT>
    <TEXT id="31698" sym="" lang="en" country="USA">SimTap error tool clamping</TEXT>
    <TEXT id="31699" sym="" lang="en" country="USA">SimTap error tool clamping can not be released</TEXT>
    <TEXT id="30374" sym="" lang="en" country="USA">SimTap error order chain braked</TEXT>
    <TEXT id="30375" sym="" lang="en" country="USA">SimTap error reference run required</TEXT>
    <TEXT id="30376" sym="" lang="en" country="USA">SimTap error PacDrive contoller</TEXT>
    <TEXT id="30377" sym="" lang="en" country="USA">SimTap warning PacDrive controller</TEXT>
    <TEXT id="30378" sym="" lang="en" country="USA">SimTap error watch function block</TEXT>
    <TEXT id="30379" sym="" lang="en" country="USA">SimTap error safety cirquit interrupted</TEXT>
    <TEXT id="30380" sym="" lang="en" country="USA">SimTap error safety guard open</TEXT>
    <TEXT id="30381" sym="" lang="en" country="USA">SimTap error safety guard not locked</TEXT>
    <TEXT id="30382" sym="" lang="en" country="USA">SimTap error temperature monitoring control cabinet</TEXT>
    <TEXT id="30383" sym="" lang="en" country="USA">SimTap error format change position activated</TEXT>
    <TEXT id="30385" sym="" lang="en" country="USA">SimTap warning product level sorting plate 1 too low</TEXT>
    <TEXT id="30386" sym="" lang="en" country="USA">SimTap warning product stock hopper 1</TEXT>
    <TEXT id="30387" sym="" lang="en" country="USA">SimTap warning index length</TEXT>
    <TEXT id="30388" sym="" lang="en" country="USA">SimTap warning no touchprobe pocket detection</TEXT>
    <TEXT id="30390" sym="" lang="en" country="USA">SimTap error connection interrupted HMI - PLC</TEXT>
    <TEXT id="30389" sym="" lang="en" country="USA">SimTap warning deviation pocket detection too large</TEXT>
    <TEXT id="20923" sym="" lang="en" country="USA">RUN EMPTY</TEXT>
    <TEXT id="31781" sym="" lang="en" country="USA">miscellaneous function 1</TEXT>
    <TEXT id="31782" sym="" lang="en" country="USA">miscellaneous function 2</TEXT>
    <TEXT id="31907" sym="" lang="en" country="USA">SimTap error motor protection switch tripped</TEXT>
    <TEXT id="30665" sym="" lang="en" country="USA">Position touch porbe signal</TEXT>
    <TEXT id="30671" sym="" lang="en" country="USA">SimTap warning product stock hopper 2</TEXT>
    <TEXT id="29777" sym="" lang="en" country="USA">Vibration feeder</TEXT>
    <TEXT id="32080" sym="" lang="en" country="USA">Sorting plate run empty</TEXT>
    <TEXT id="32079" sym="" lang="en" country="USA">SimTap error activating format change position not possible</TEXT>
    <TEXT id="31981" sym="" lang="en" country="USA">ADJUST</TEXT>
    <TEXT id="32762" sym="" lang="en" country="USA">SimTap warning open slide door not possible</TEXT>
    <TEXT id="32400" sym="" lang="en" country="USA">Offset brush in</TEXT>
    <TEXT id="32399" sym="" lang="en" country="USA">Lift up earlyer</TEXT>
    <TEXT id="32431" sym="" lang="en" country="USA">Move to place position</TEXT>
    <TEXT id="32432" sym="" lang="en" country="USA">SimTap error moved to place position</TEXT>
    <TEXT id="20558" sym="" lang="en" country="USA">°</TEXT>
    <TEXT id="23820" sym="" lang="en" country="USA">Inching +</TEXT>
    <TEXT id="23821" sym="" lang="en" country="USA">Inching -</TEXT>
    <TEXT id="16221" sym="" lang="en" country="USA">Touch probe offset</TEXT>
    <TEXT id="32352" sym="" lang="en" country="USA">Index length blister machine</TEXT>
    <TEXT id="29971" sym="" lang="en" country="USA">Simtap III - feeder</TEXT>
    <TEXT id="9028" sym="" lang="en" country="USA">on</TEXT>
    <TEXT id="9029" sym="" lang="en" country="USA">off</TEXT>
    <TEXT id="30328" sym="" lang="en" country="USA">State synchronization machine</TEXT>
    <TEXT id="29973" sym="" lang="en" country="USA">Lower Simtap III</TEXT>
    <TEXT id="30325" sym="" lang="en" country="USA">Signal quality</TEXT>
    <TEXT id="30326" sym="" lang="en" country="USA">State synchronization Simtap III</TEXT>
    <TEXT id="33685" sym="" lang="en" country="USA">Sensor teach in</TEXT>
    <TEXT id="33763" sym="" lang="en" country="USA">Maximum vibration rate</TEXT>
    <TEXT id="33764" sym="" lang="en" country="USA">Minimum vibration rate</TEXT>
    <TEXT id="34194" sym="" lang="en" country="USA">miscellaneous function supply 2/3</TEXT>
    <TEXT id="34195" sym="" lang="en" country="USA">miscellaneous function supply 5/6</TEXT>
</TEXTS>

