<?xml version='1.0' encoding="UTF-8" ?>
<?xml-stylesheet type='text/xsl' href="file://C:/vimacon/stylesheets/vico/almanach.xsl" ?>


<HISTORY module="HMI_137_DecurlInFrontMTPend" company="Uhlmann" author="Walter Graf" created="2007-06-26">
    <DESC lang="de">Glätteinrichtung vor Ausgleichsschlaufe nach Siegeln</DESC>
    <DESC lang="en">Decurling in front of web compensation loop</DESC>
    <RECORD type="vico_generated" user="graf" timestamp="1237302852" date="2009-03-17T16:14:12">
        <USER_COMMENT user="graf" date="2009-03-17T16:14:12">Initial Module Document Generated by Vico Module Management System</USER_COMMENT>
        <MACHINE name="B1880 STANDARD LINEMA" serialno="137/XXX" version="3.xx" kind="BLM" type="B1880" subtype="MTI"/>
        <MODDESC kind="web_compensation_loop" version="1.0.0"/>
    </RECORD>
</HISTORY>

