<?xml version='1.0' encoding='ISO-8859-1' ?>
<!DOCTYPE EPVS SYSTEM "file://localhost/vimacon/dtds/tc3_0/epvs.dtd">

<EPVS>
    <EPV name="DC_PreparePDA" item="" address="" rwu="0" cmt="Batch product" type="" dsunit="" changeValue="0" size=""/>
    <EPV name="DC_FinalizePDA" item="" address="" rwu="0" cmt="Batch product" type="" dsunit="" changeValue="0" size=""/>
    <EPV name="DC_LineStatus" item="" address="" rwu="0" cmt="Line state" type="" dsunit="" changeValue="0" size=""/>
    <EPV name="DC_LineMode" item="" address="" rwu="0" cmt="Line mode" type="" dsunit="" changeValue="0" size=""/>
    <EPV name="DC_StatusDC" item="" address="" rwu="0" cmt="Batch product" type="" dsunit="" changeValue="0" size=""/>
    <EPV name="DC_StopReasonCategories" item="" address="" rwu="0" cmt="Batch product" type="" dsunit="" changeValue="0" size=""/>
    <EPV name="DC_StopReason" item="" address="" rwu="0" cmt="Batch product" type="" dsunit="" changeValue="0" size=""/>
    <EPV name="SCADA_DT_Categories" item="" address="" rwu="0" cmt="DT_Categories" type="" dsunit="" changeValue="0" size="" conv="" conv2=""/>
</EPVS>
