<?xml version='1.0' encoding='ISO-8859-1'?>
<!DOCTYPE EPVS SYSTEM "file://localhost/vimacon/dtds/tc3_0/epvs.dtd">

<EPVS>
    <EPV name="ReasonReporting_Active" item="P_ReaRepAc" address="09:LnIna2,,,,pda_i_v1,@item,1,AT=rw RF=250," rwu="2" cmt="" type="BOOL" dsunit="" changeValue="" size="1"/>
    <EPV name="FaultReporting_TimeThreshold" item="P_StopReaT" address="09:LnIna2,,,,pda_i_v1,@item,1,AT=rw RF=250," rwu="2" cmt="" type="INT32" dsunit="" changeValue="" size="1"/>
    <EPV name="FeedbackExpected" item="P_feedbEx" address="09:LnIna2,,,,pda_i_v1,@item,1,AT=rw RF=250," rwu="2" cmt="" type="INT32" dsunit="" changeValue="" size="1"/>
    <EPV name="StopReason" item="P_StopRea" address="09:LnIna2,,,,pda_i_v1,@item,1,AT=rw RF=250," rwu="2" cmt="" type="INT32" dsunit="" changeValue="" size="1"/>
    <EPV name="Current_Mode_PDA" item="P_OpMode" address="09:LnIna2,,,,pda_i_v1,@item,1,AT=rw RF=250," rwu="2" cmt="" type="INT32" dsunit="" changeValue="" size="1"/>
    <EPV name="Current_State_PDA" item="P_MaState" address="09:LnIna2,,,,pda_i_v1,@item,1,AT=rw RF=250," rwu="2" cmt="" type="INT32" dsunit="" changeValue="" size="1"/>
    <EPV name="MachineType" item="P_MaTyp" address="09:LnIna2,,,,pda_i_v1,@item,1,AT=rw RF=250," rwu="2" cmt="" type="INT32" dsunit="" changeValue="" size="1"/>
    <EPV name="MachineID" item="P_MaNo" address="09:LnIna2,,,,pda_i_v1,@item,1,AT=rw RF=250," rwu="2" cmt="" type="INT32" dsunit="" changeValue="" size="1"/>
    <EPV name="MachineYear" item="P_YofManu" address="09:LnIna2,,,,pda_i_v1,@item,1,AT=rw RF=250," rwu="2" cmt="" type="INT32" dsunit="" changeValue="" size="1"/>
    <EPV name="HourCounterPDA" item="P_HMIcount" address="09:LnIna2,,,,pda_i_v1,@item,1,AT=rw RF=250," rwu="2" cmt="" type="INT32" dsunit="" changeValue="" size="1"/>
    <EPV name="HourCounterPLC" item="P_PLCcount" address="09:LnIna2,,,,pda_i_v1,@item,1,AT=rw RF=250," rwu="2" cmt="" type="INT32" dsunit="" changeValue="" size="1"/>
    <EPV name="ActualSpeed" item="P_ActSpeed" address="09:LnIna2,,,,pda_i_v1,@item,1,AT=rw RF=250," rwu="0" cmt="" type="INT32" dsunit="" changeValue="" size="1"/>
    <EPV name="Pack_Ratio_PDA" item="P_RatInOut" address="09:LnIna2,,,,pda_i_v1,@item,1,AT=rw RF=250," rwu="2" cmt="" type="INT32" dsunit="" changeValue="" size="1"/>
    <EPV name="MaterialState" item="P_MatState" address="09:LnIna2,,,,pda_i_v1,@item,1,AT=rw RF=250," rwu="2" cmt="" type="INT32" dsunit="" changeValue="" size="1"/>
    <EPV name="CounterProduction" item="P_CntProd" address="09:LnIna2,,,,pda_i_v1,@item,1,AT=rw RF=250," rwu="2" cmt="" type="INT32" dsunit="" changeValue="" size="100"/>
</EPVS>
