<?xml version="1.0" encoding="UTF-8"?>

<!DOCTYPE TEXTS SYSTEM "file://localhost/vimacon/dtds/tc2_8/texts.dtd">

<TEXTS>
    <TEXT id="22031" sym="" lang="de" country="DEU">Anzahl der empfangenen Masken und der Layoutmasken unterschiedlich</TEXT>
    <TEXT id="22032" sym="" lang="de" country="DEU">Unterschied zwischen den empfangenen Masken und benötigten Layoutmasken</TEXT>
    <TEXT id="7101" sym="" lang="de" country="DEU">Aus</TEXT>
    <TEXT id="16739" sym="" lang="de" country="DEU">Pos. Druckmarkensensor</TEXT>
    <TEXT id="16740" sym="" lang="de" country="DEU">Abbild Intensität</TEXT>
    <TEXT id="7102" sym="" lang="de" country="DEU">Ein</TEXT>
    <TEXT id="16741" sym="" lang="de" country="DEU">Bias</TEXT>
    <TEXT id="16742" sym="" lang="de" country="DEU">Fusing Energy</TEXT>
    <TEXT id="16743" sym="" lang="de" country="DEU">Cycle length</TEXT>
    <TEXT id="16445" sym="" lang="de" country="DEU">Konfigurationsfehler - Variable unbekannt (Treiber)</TEXT>
    <TEXT id="24466" sym="" lang="de" country="DEU">Drucker bereit</TEXT>
    <TEXT id="24467" sym="" lang="de" country="DEU">Drucker bereit nach Reinigen</TEXT>
    <TEXT id="8487" sym="" lang="de" country="DEU">Fehler im Leseteil</TEXT>
    <TEXT id="8488" sym="" lang="de" country="DEU">Fehler im Schreibteil</TEXT>
    <TEXT id="8490" sym="" lang="de" country="DEU">Fehler bei Open Channel und Parametersettings</TEXT>
    <TEXT id="8489" sym="" lang="de" country="DEU">Fehler mit dem Gateway</TEXT>
    <TEXT id="8491" sym="" lang="de" country="DEU">Fehler bei Symbole laden</TEXT>
    <TEXT id="8492" sym="" lang="de" country="DEU">Variable aus VisiWin unbekannt</TEXT>
    <TEXT id="8493" sym="" lang="de" country="DEU">Timeout beim Warten auf Message von Gateway</TEXT>
    <TEXT id="8494" sym="" lang="de" country="DEU">Neues Projekt während Session in MAX4 geladen</TEXT>
    <TEXT id="8495" sym="" lang="de" country="DEU">Fehler von der ELAU-DLL</TEXT>
    <TEXT id="10489" sym="" lang="de" country="DEU">Druckwerk nicht bereit</TEXT>
    <TEXT id="19943" sym="" lang="de" country="DEU">Keine Antwort vom Geraet. Bitte Format erneut senden !!!</TEXT>
    <TEXT id="9920" sym="" lang="de" country="DEU">Druckwerk</TEXT>
    <TEXT id="13683" sym="" lang="de" country="DEU">CSAT Druckwerk</TEXT>
    <TEXT id="13719" sym="" lang="de" country="DEU">CSAT DRUCKWERK</TEXT>
    <TEXT id="11316" sym="" lang="de" country="DEU">Schalter Druckwerk</TEXT>
    <TEXT id="13729" sym="" lang="de" country="DEU">Name Druckbild</TEXT>
    <TEXT id="20396" sym="" lang="de" country="DEU">Kommunikation mit Client fehlgeschlagen</TEXT>
    <TEXT id="20397" sym="" lang="de" country="DEU">Datenbankfehler</TEXT>
    <TEXT id="20415" sym="" lang="de" country="DEU">Fehler beim Lesen der Daten vom Gerät. Das Gerät liefert unbekannte Prozessvariablen (siehe FDS LOG nach unknown variable)</TEXT>
    <TEXT id="7262" sym="" lang="de" country="DEU">mm</TEXT>
    <TEXT id="7263" sym="" lang="de" country="DEU">s</TEXT>
    <TEXT id="20440" sym="" lang="de" country="DEU">Parsevorgang zum Treiber gescheitert</TEXT>
    <TEXT id="32967" sym="" lang="de" country="DEU">Layout Name</TEXT>
    <TEXT id="20441" sym="" lang="de" country="DEU">interner Treiberfehler</TEXT>
    <TEXT id="32968" sym="" lang="de" country="DEU">Deckfoliencode</TEXT>
    <TEXT id="20442" sym="" lang="de" country="DEU">Keine Default - Formatdaten vom FDS</TEXT>
    <TEXT id="14834" sym="" lang="de" country="DEU">MSR Druckwerk</TEXT>
    <TEXT id="32969" sym="" lang="de" country="DEU">LOT 2</TEXT>
    <TEXT id="20443" sym="" lang="de" country="DEU">Timeout - CSAT Drucker geht nicht OFFLINE</TEXT>
    <TEXT id="20444" sym="" lang="de" country="DEU">CSAT Druckbilddatei existiert nicht</TEXT>
    <TEXT id="20445" sym="" lang="de" country="DEU">CSAT Fehler (Interner Programmfehler) -&gt; siehe Logdatei</TEXT>
    <TEXT id="20446" sym="" lang="de" country="DEU">Timeout - CSAT Drucker geht nicht ONLINE</TEXT>
    <TEXT id="12782" sym="" lang="de" country="DEU">Strecke</TEXT>
    <TEXT id="12783" sym="" lang="de" country="DEU">Offset+</TEXT>
    <TEXT id="12784" sym="" lang="de" country="DEU">Offset-</TEXT>
    <TEXT id="12785" sym="" lang="de" country="DEU">Offset</TEXT>
    <TEXT id="8403" sym="" lang="de" country="DEU">Blister</TEXT>
    <TEXT id="16360" sym="" lang="de" country="DEU">Audit Trail-Einträge werden nicht durchgeführt</TEXT>
    <TEXT id="25779" sym="" lang="de" country="DEU">Tänzerwalze CSAT-Drucker nicht in Position</TEXT>
    <TEXT id="22012" sym="" lang="de" country="DEU">Ungültiges Zeichen</TEXT>
    <TEXT id="22013" sym="" lang="de" country="DEU">Ungültige Checksumme</TEXT>
    <TEXT id="22014" sym="" lang="de" country="DEU">Authentifizierung notwendig</TEXT>
    <TEXT id="22015" sym="" lang="de" country="DEU">Zugang gesperrt, User hat keine Druckrechte</TEXT>
    <TEXT id="15354" sym="" lang="de" country="DEU">Druckerinitialisierung</TEXT>
    <TEXT id="22016" sym="" lang="de" country="DEU">Zugang gesperrt</TEXT>
    <TEXT id="22017" sym="" lang="de" country="DEU">Authentifizierungsfehler</TEXT>
    <TEXT id="22018" sym="" lang="de" country="DEU">Ungültiges Nachrichtenformat</TEXT>
    <TEXT id="22020" sym="" lang="de" country="DEU">Unbekannte Voreinstellung</TEXT>
    <TEXT id="22019" sym="" lang="de" country="DEU">Speicherfehler</TEXT>
    <TEXT id="11480" sym="" lang="de" country="DEU">AUS</TEXT>
    <TEXT id="22021" sym="" lang="de" country="DEU">Maskenfeld nicht gefunden</TEXT>
    <TEXT id="11481" sym="" lang="de" country="DEU">EIN</TEXT>
    <TEXT id="26" sym="" lang="de" country="DEU">Verbindungsabbruch</TEXT>
    <TEXT id="22022" sym="" lang="de" country="DEU">Dokument hat keine Maskenfelder</TEXT>
    <TEXT id="22023" sym="" lang="de" country="DEU">Druck des Dokument nicht ausgelöst</TEXT>
    <TEXT id="22024" sym="" lang="de" country="DEU">Kein Dokument ausgewählt</TEXT>
    <TEXT id="22025" sym="" lang="de" country="DEU">Serverfehler: Fehler bei der Übertragung der Druckdaten</TEXT>
    <TEXT id="22026" sym="" lang="de" country="DEU">Dokument hat Datei mit Maskenfeldern</TEXT>
    <TEXT id="22027" sym="" lang="de" country="DEU">Fehler beim Öffnen der Layoutdatei</TEXT>
    <TEXT id="27578" sym="" lang="de" country="DEU">Druckwerk Zeitüberschreitung Reinigung</TEXT>
    <TEXT id="22028" sym="" lang="de" country="DEU">Fehler beim Drucken der Datei</TEXT>
    <TEXT id="27579" sym="" lang="de" country="DEU">Druckwerk Zeitüberschreitung nicht bereit für Maschinenstart</TEXT>
    <TEXT id="27580" sym="" lang="de" country="DEU">Druckwerk bereit für Maschinenstart</TEXT>
    <TEXT id="22029" sym="" lang="de" country="DEU">Maskenliste hat mindesten einen ungültigen Wert</TEXT>
    <TEXT id="22030" sym="" lang="de" country="DEU">Warten auf das Maskenfeld</TEXT>
    <TEXT id="33175" sym="" lang="de" country="DEU">Layout Name Blistermaschine</TEXT>
    <TEXT id="10523" sym="" lang="de" country="DEU">Vorratsüberwachung Deckfolie</TEXT>
    <TEXT id="30645" sym="" lang="de" country="DEU">Simulation</TEXT>
    <TEXT id="34243" sym="" lang="de" country="DEU">Schneidtischklemme Abwickler aktiv</TEXT>
    <TEXT id="34244" sym="" lang="de" country="DEU">Tänzerwalzen Abwickler rechts</TEXT>
    <TEXT id="34245" sym="" lang="de" country="DEU">Tänzerwalzen Abwickler links</TEXT>
    <TEXT id="34246" sym="" lang="de" country="DEU">Folienende Abwickler</TEXT>
    <TEXT id="34247" sym="" lang="de" country="DEU">Schneidtischklemme Aufwickler aktiv</TEXT>
    <TEXT id="34248" sym="" lang="de" country="DEU">Tänzerwalzen Aufwickler unten</TEXT>
    <TEXT id="34250" sym="" lang="de" country="DEU">Rolle voll Aufwickler</TEXT>
    <TEXT id="34249" sym="" lang="de" country="DEU">Tänzerwalzen Aufwickler oben</TEXT>
    <TEXT id="34251" sym="" lang="de" country="DEU">Bahnkantensteuerung Aufwickler Fehler</TEXT>
    <TEXT id="34252" sym="" lang="de" country="DEU">Toner concentra­tion head 1 too high</TEXT>
    <TEXT id="34253" sym="" lang="de" country="DEU">Toner concentra­tion head 2 too high</TEXT>
    <TEXT id="34254" sym="" lang="de" country="DEU">Bahnkantsteuerung Abwickler Fehler</TEXT>
    <TEXT id="34255" sym="" lang="de" country="DEU">Residual toner container head 1 full</TEXT>
    <TEXT id="34256" sym="" lang="de" country="DEU">Residual toner container head 2 full</TEXT>
    <TEXT id="34257" sym="" lang="de" country="DEU">Residual toner container head 1 missing</TEXT>
    <TEXT id="34258" sym="" lang="de" country="DEU">Residual toner container head 2 missing</TEXT>
    <TEXT id="34260" sym="" lang="de" country="DEU">Toner mixer head 2 missing</TEXT>
    <TEXT id="34259" sym="" lang="de" country="DEU">Toner mixer head 1 missing</TEXT>
    <TEXT id="34261" sym="" lang="de" country="DEU">Developer head 1 not in position</TEXT>
    <TEXT id="34262" sym="" lang="de" country="DEU">Developer head 2 not in position</TEXT>
    <TEXT id="34263" sym="" lang="de" country="DEU">Developer head 1 not rotating</TEXT>
    <TEXT id="34264" sym="" lang="de" country="DEU">Developer head 2 not rotating</TEXT>
    <TEXT id="34265" sym="" lang="de" country="DEU">Toner filter head 1 not present</TEXT>
    <TEXT id="34266" sym="" lang="de" country="DEU">Toner filter head 2 not present</TEXT>
    <TEXT id="34267" sym="" lang="de" country="DEU">Toner level in mixer head 1 too low</TEXT>
    <TEXT id="34268" sym="" lang="de" country="DEU">Toner level in mixer head 2 too low</TEXT>
    <TEXT id="34270" sym="" lang="de" country="DEU">BIAS unit head 2 defective</TEXT>
    <TEXT id="34269" sym="" lang="de" country="DEU">BIAS unit head 1 defective</TEXT>
    <TEXT id="34271" sym="" lang="de" country="DEU">Reinigungsphase zu lang</TEXT>
    <TEXT id="34272" sym="" lang="de" country="DEU">Friction blocked</TEXT>
    <TEXT id="34273" sym="" lang="de" country="DEU">Bildwalze steht</TEXT>
    <TEXT id="34274" sym="" lang="de" country="DEU">Folie fehlt, steht oder ist blockiert</TEXT>
    <TEXT id="34275" sym="" lang="de" country="DEU">Druckluft fehlt</TEXT>
    <TEXT id="34276" sym="" lang="de" country="DEU">Friktion geöffnet</TEXT>
    <TEXT id="34277" sym="" lang="de" country="DEU">Charge sensor head 1 error</TEXT>
    <TEXT id="34278" sym="" lang="de" country="DEU">Bildwalzenabdeckung ausgefahren</TEXT>
    <TEXT id="34280" sym="" lang="de" country="DEU">Transfer roller head 2 not in position</TEXT>
    <TEXT id="34279" sym="" lang="de" country="DEU">Transfer roller head 1 not in position</TEXT>
    <TEXT id="34281" sym="" lang="de" country="DEU">Luftfilter für Reinigungseinheit fehlt</TEXT>
    <TEXT id="34282" sym="" lang="de" country="DEU">MHV Module 1 : electronics error</TEXT>
    <TEXT id="34283" sym="" lang="de" country="DEU">MHV Module 2 : electronics error</TEXT>
    <TEXT id="34284" sym="" lang="de" country="DEU">MSV Module 1 : electronics error</TEXT>
    <TEXT id="34285" sym="" lang="de" country="DEU">MSV Module 2 : electronics error</TEXT>
    <TEXT id="34286" sym="" lang="de" country="DEU">THV top module 1 : electronics error</TEXT>
    <TEXT id="34287" sym="" lang="de" country="DEU">THV top module 2 : electronics error</TEXT>
    <TEXT id="34288" sym="" lang="de" country="DEU">THV Bottom Module 1 : electronics error</TEXT>
    <TEXT id="34300" sym="" lang="de" country="DEU">Folienstraffung</TEXT>
    <TEXT id="34290" sym="" lang="de" country="DEU">Eraser 1 : electronics error</TEXT>
    <TEXT id="34289" sym="" lang="de" country="DEU">THV Bottom Module 2 : electronics error</TEXT>
    <TEXT id="34301" sym="" lang="de" country="DEU">Fehler Antrieb Folienabwickler</TEXT>
    <TEXT id="34291" sym="" lang="de" country="DEU">Eraser 2 : electronics error</TEXT>
    <TEXT id="34302" sym="" lang="de" country="DEU">Fehler Antrieb Aufwickler</TEXT>
    <TEXT id="34292" sym="" lang="de" country="DEU">Error in communication visualisation to slave head 1</TEXT>
    <TEXT id="34303" sym="" lang="de" country="DEU">Waiting for LifeLine</TEXT>
    <TEXT id="34293" sym="" lang="de" country="DEU">Error in communication visualisation to slave head 2</TEXT>
    <TEXT id="34304" sym="" lang="de" country="DEU">Warte auf Reckungsstart</TEXT>
    <TEXT id="34294" sym="" lang="de" country="DEU">Heißluftfixierung zu kalt</TEXT>
    <TEXT id="34305" sym="" lang="de" country="DEU">Warte auf DSP-Bild</TEXT>
    <TEXT id="34295" sym="" lang="de" country="DEU">Übertemperatur Heißluft</TEXT>
    <TEXT id="34306" sym="" lang="de" country="DEU">Kommunikation Fixierung fehlt</TEXT>
    <TEXT id="34296" sym="" lang="de" country="DEU">UV wird hochgefahren</TEXT>
    <TEXT id="34307" sym="" lang="de" country="DEU">Lüfter UV1 Fehler</TEXT>
    <TEXT id="34297" sym="" lang="de" country="DEU">Abdeckung Fixierschacht offen</TEXT>
    <TEXT id="34308" sym="" lang="de" country="DEU">Lüfter UV2 Fehler</TEXT>
    <TEXT id="34298" sym="" lang="de" country="DEU">Heißluft ausgefallen</TEXT>
    <TEXT id="34310" sym="" lang="de" country="DEU">UV Fehler</TEXT>
    <TEXT id="34309" sym="" lang="de" country="DEU">Fixierungsklappe Fehler</TEXT>
    <TEXT id="34299" sym="" lang="de" country="DEU">Kaltluft ausgefallen</TEXT>
    <TEXT id="34311" sym="" lang="de" country="DEU">Toner filter head 1 full</TEXT>
    <TEXT id="34312" sym="" lang="de" country="DEU">Toner filter head 2 full</TEXT>
    <TEXT id="34313" sym="" lang="de" country="DEU">Türentriegelung verweigert</TEXT>
    <TEXT id="34314" sym="" lang="de" country="DEU">Drucker nicht in Position</TEXT>
    <TEXT id="34315" sym="" lang="de" country="DEU">NOT-Aus im Drucker</TEXT>
    <TEXT id="34316" sym="" lang="de" country="DEU">Türen entriegelt</TEXT>
    <TEXT id="34317" sym="" lang="de" country="DEU">Sicherheitskreis offen</TEXT>
    <TEXT id="34318" sym="" lang="de" country="DEU">Antrieb BW Fehler</TEXT>
    <TEXT id="34320" sym="" lang="de" country="DEU">Communication Developer to Slave interrupted.</TEXT>
    <TEXT id="34319" sym="" lang="de" country="DEU">Antrieb Friktion Fehler</TEXT>
    <TEXT id="34321" sym="" lang="de" country="DEU">TOF Abstand zu kurz</TEXT>
    <TEXT id="34322" sym="" lang="de" country="DEU">Geschwindigkeit zu groß</TEXT>
    <TEXT id="34323" sym="" lang="de" country="DEU">Charge sensor head 1 not in position</TEXT>
    <TEXT id="34324" sym="" lang="de" country="DEU">Charge sensor head 2 not in position</TEXT>
    <TEXT id="34325" sym="" lang="de" country="DEU">Image monitoring error</TEXT>
    <TEXT id="34326" sym="" lang="de" country="DEU">Tonerfilter Reinigungseinheit voll</TEXT>
    <TEXT id="34327" sym="" lang="de" country="DEU">Kühlaggregat: Temperatur zu hoch</TEXT>
    <TEXT id="34328" sym="" lang="de" country="DEU">Kühlaggregat: Fehler</TEXT>
    <TEXT id="34330" sym="" lang="de" country="DEU">Kühlaggregat: Filter fast voll</TEXT>
    <TEXT id="34329" sym="" lang="de" country="DEU">Kühlaggregat: Filter voll</TEXT>
    <TEXT id="34331" sym="" lang="de" country="DEU">Kühaggregat nicht aktiv</TEXT>
    <TEXT id="34332" sym="" lang="de" country="DEU">Charge sensor head 2 error</TEXT>
    <TEXT id="34358" sym="" lang="de" country="DEU">Timeout Drucker-Kommunikation</TEXT>
    <TEXT id="34360" sym="" lang="de" country="DEU">Warten auf Layout-Wechsel des Druckers</TEXT>
    <TEXT id="34359" sym="" lang="de" country="DEU">Drucker wartet auf Start</TEXT>
    <TEXT id="34363" sym="" lang="de" country="DEU">Warten auf Layout-Laden des Druckers</TEXT>
    <TEXT id="34364" sym="" lang="de" country="DEU">Masken-Felder nicht gefunden</TEXT>
    <TEXT id="34365" sym="" lang="de" country="DEU">Anzahl der Masken-Felder stimmt nicht überein</TEXT>
    <TEXT id="34366" sym="" lang="de" country="DEU">Masken-Feld(er) nicht gefunden</TEXT>
    <TEXT id="34367" sym="" lang="de" country="DEU">Format nicht initialisiert</TEXT>
    <TEXT id="34368" sym="" lang="de" country="DEU">Format inkompatibel</TEXT>
    <TEXT id="34370" sym="" lang="de" country="DEU">Format-Inhalt fehlerhaft</TEXT>
    <TEXT id="34369" sym="" lang="de" country="DEU">Format-Dokument fehlerhaft</TEXT>
    <TEXT id="34371" sym="" lang="de" country="DEU">Nicht alle Format-Variablen wurden gesetzt</TEXT>
</TEXTS>

