<?xml version="1.0" encoding="UTF-8"?>
<!DOCTYPE TEXTS SYSTEM "file://localhost/vimacon/dtds/tc2_8/texts.dtd">

<TEXTS>
    <TEXT id="16610" sym="" lang="de" country="">PMC2 Achse 25 / Splicer Deckfolie</TEXT>
    <TEXT id="20013" sym="" lang="de" country="">VisioScan</TEXT>
    <TEXT id="12805" sym="" lang="de" country="">MSR Druckbildkontrolle</TEXT>
    <TEXT id="16599" sym="" lang="de" country="">PMC2 Achse 22 / Siegelwalze</TEXT>
    <TEXT id="16602" sym="" lang="de" country="">PMC2 Achse 26 / Bahnspannungsregelung</TEXT>
    <TEXT id="16600" sym="" lang="de" country="">PMC2 Achse 23 / Walzenzuführung</TEXT>
    <TEXT id="7282" sym="" lang="de" country="">C2065: Alle Werte für Kartoniermaschine</TEXT>
    <TEXT id="9920" sym="" lang="de" country="DEU">Druckwerk</TEXT>
    <TEXT id="13204" sym="" lang="de" country="">Anzahl Druckbilder</TEXT>
    <TEXT id="17801" sym="" lang="de" country="">VisioChromHR</TEXT>
    <TEXT id="16741" sym="" lang="de" country="DEU">Bias</TEXT>
    <TEXT id="13205" sym="" lang="de" country="">Zählart</TEXT>
    <TEXT id="4817" sym="" lang="de" country="">ERS</TEXT>
    <TEXT id="16601" sym="" lang="de" country="">PMC2 Achse 24 / Saugband</TEXT>
    <TEXT id="9423" sym="" lang="de" country="">Linienformat</TEXT>
    <TEXT id="16104" sym="" lang="de" country="">Einfärbung</TEXT>
    <TEXT id="12788" sym="" lang="de" country="DEU">Serienfehler</TEXT>
    <TEXT id="7262" sym="" lang="de" country="DEU">mm</TEXT>
    <TEXT id="16598" sym="" lang="de" country="">PMC2 Achse 21 / Füllschuh</TEXT>
    <TEXT id="16595" sym="" lang="de" country="">PMC2 Achse 18 / Prägestation</TEXT>
    <TEXT id="13720" sym="" lang="de" country="">Druckbildkontrolle OCR</TEXT>
    <TEXT id="16106" sym="" lang="de" country="">Andruck</TEXT>
    <TEXT id="13729" sym="" lang="de" country="DEU">Name Druckbild</TEXT>
    <TEXT id="13117" sym="" lang="de" country="">HAPA-DRUCKWERK</TEXT>
    <TEXT id="16742" sym="" lang="de" country="DEU">Fusing Energy</TEXT>
    <TEXT id="16596" sym="" lang="de" country="">PMC2 Achse 19 / Stanze</TEXT>
    <TEXT id="12784" sym="" lang="de" country="DEU">Offset-</TEXT>
    <TEXT id="10489" sym="" lang="de" country="DEU">Druckwerk nicht bereit</TEXT>
    <TEXT id="10510" sym="" lang="de" country="">Druckanwesenheitskontrolle Formfolie</TEXT>
    <TEXT id="16361" sym="" lang="de" country="">ACS</TEXT>
    <TEXT id="16592" sym="" lang="de" country="">PMC2 Achse 15 / Vorschub nach Siegeln</TEXT>
    <TEXT id="11480" sym="" lang="de" country="DEU">AUS</TEXT>
    <TEXT id="13719" sym="" lang="de" country="DEU">CSAT DRUCKWERK</TEXT>
    <TEXT id="12782" sym="" lang="de" country="DEU">Strecke</TEXT>
    <TEXT id="16740" sym="" lang="de" country="DEU">Abbild Intensität</TEXT>
    <TEXT id="16609" sym="" lang="de" country="">Lust Seitenkanalverdichter</TEXT>
    <TEXT id="16105" sym="" lang="de" country="">Längsregister</TEXT>
    <TEXT id="13207" sym="" lang="de" country="">MINDESTZÄHL.</TEXT>
    <TEXT id="16739" sym="" lang="de" country="DEU">Pos. Druckmarkensensor</TEXT>
    <TEXT id="10728" sym="" lang="de" country="">Serienfehler Druckwerk 1</TEXT>
    <TEXT id="10840" sym="" lang="de" country="DEU">Tänzerwalze CSAT-Drucker obere Endlage</TEXT>
    <TEXT id="16593" sym="" lang="de" country="">PMC2 Achse 16 /Vorschub MT</TEXT>
    <TEXT id="12783" sym="" lang="de" country="DEU">Offset+</TEXT>
    <TEXT id="13206" sym="" lang="de" country="">ABSOLUTZÄHL.</TEXT>
    <TEXT id="16608" sym="" lang="de" country="">Lust Hauptantrieb</TEXT>
    <TEXT id="12785" sym="" lang="de" country="DEU">Offset</TEXT>
    <TEXT id="19915" sym="" lang="de" country="">VisioChrom</TEXT>
    <TEXT id="11481" sym="" lang="de" country="DEU">EIN</TEXT>
    <TEXT id="16591" sym="" lang="de" country="">PMC2 Achse 14 / Vorschub nach Formen</TEXT>
    <TEXT id="16743" sym="" lang="de" country="DEU">Cycle length</TEXT>
    <TEXT id="19916" sym="" lang="de" country="">VisioRead</TEXT>
    <TEXT id="14091" sym="" lang="de" country="">Nutzen</TEXT>
    <TEXT id="11316" sym="" lang="de" country="DEU">Schalter Druckwerk</TEXT>
    <TEXT id="17669" sym="" lang="de" country="">MAX4</TEXT>
    <TEXT id="9200" sym="" lang="de" country="">MSR</TEXT>
    <TEXT id="16597" sym="" lang="de" country="">PMC2 Achse 20 / Abfallbeseitigung</TEXT>
    <TEXT id="11270" sym="" lang="de" country="">SPS</TEXT>
    <TEXT id="16594" sym="" lang="de" country="">PMC2 Achse 17 / Perforierstation</TEXT>
    <TEXT id="13346" sym="" lang="de" country="DEU">Druckwerk</TEXT>
    <TEXT id="16729" sym="" lang="de" country="DEU">Keine Bedruckung Deckfolie</TEXT>
    <TEXT id="7101" sym="" lang="de" country="DEU">Aus</TEXT>
    <TEXT id="7102" sym="" lang="de" country="DEU">Ein</TEXT>
    <TEXT id="16726" lang="de" country="DEU">1 Takt</TEXT>
    <TEXT id="16727" lang="de" country="DEU">2 Takte</TEXT>
    <TEXT id="16728" lang="de" country="DEU">3 Takte</TEXT>
    <TEXT id="13683" sym="" lang="de" country="DEU">CSAT Druckwerk</TEXT>
    <TEXT id="16445" sym="" lang="de" country="DEU">Konfigurationsfehler - Variable unbekannt (Treiber)</TEXT>
    <TEXT id="20396" sym="" lang="de" country="DEU">Kommunikation mit Client fehlgeschlagen</TEXT>
    <TEXT id="20397" sym="" lang="de" country="DEU">Datenbankfehler</TEXT>
    <TEXT id="20415" sym="" lang="de" country="DEU">Fehler beim Lesen der Daten vom Gerät. Das Gerät liefert unbekannte Prozessvariablen (siehe FDS LOG nach unknown variable)</TEXT>
    <TEXT id="20440" sym="" lang="de" country="DEU">Parsevorgang zum Treiber gescheitert</TEXT>
    <TEXT id="20439" sym="" lang="de" country="DEU">unbekannte Variable</TEXT>
    <TEXT id="20441" sym="" lang="de" country="DEU">interner Treiberfehler</TEXT>
    <TEXT id="20442" sym="" lang="de" country="DEU">Keine Default - Formatdaten vom FDS</TEXT>
    <TEXT id="20443" sym="" lang="de" country="DEU">Timeout - CSAT Drucker geht nicht OFFLINE</TEXT>
    <TEXT id="20444" sym="" lang="de" country="DEU">CSAT Druckbilddatei existiert nicht</TEXT>
    <TEXT id="20445" sym="" lang="de" country="DEU">CSAT Fehler (Interner Programmfehler) -&gt; siehe Logdatei</TEXT>
    <TEXT id="20446" sym="" lang="de" country="DEU">Timeout - CSAT Drucker geht nicht ONLINE</TEXT>
    <TEXT id="22012" sym="" lang="de" country="DEU">Ungültiges Zeichen</TEXT>
    <TEXT id="22013" sym="" lang="de" country="DEU">Ungültige Checksumme</TEXT>
    <TEXT id="22014" sym="" lang="de" country="DEU">Authentifizierung notwendig</TEXT>
    <TEXT id="22015" sym="" lang="de" country="DEU">Zugang gesperrt, User hat keine Druckrechte</TEXT>
    <TEXT id="15354" sym="" lang="de" country="DEU">Druckerinitialisierung</TEXT>
    <TEXT id="22016" sym="" lang="de" country="DEU">Zugang gesperrt</TEXT>
    <TEXT id="22017" sym="" lang="de" country="DEU">Authentifizierungsfehler</TEXT>
    <TEXT id="22018" sym="" lang="de" country="DEU">Ungültiges Nachrichtenformat</TEXT>
    <TEXT id="22020" sym="" lang="de" country="DEU">Unbekannte Voreinstellung</TEXT>
    <TEXT id="22019" sym="" lang="de" country="DEU">Speicherfehler</TEXT>
    <TEXT id="22021" sym="" lang="de" country="DEU">Maskenfeld nicht gefunden</TEXT>
    <TEXT id="22022" sym="" lang="de" country="DEU">Dokument hat keine Maskenfelder</TEXT>
    <TEXT id="22023" sym="" lang="de" country="DEU">Druck des Dokument nicht ausgelöst</TEXT>
    <TEXT id="22024" sym="" lang="de" country="DEU">Kein Dokument ausgewählt</TEXT>
    <TEXT id="22025" sym="" lang="de" country="DEU">Serverfehler: Fehler bei der Übertragung der Druckdaten</TEXT>
    <TEXT id="22026" sym="" lang="de" country="DEU">Dokument hat Datei mit Maskenfeldern</TEXT>
    <TEXT id="22027" sym="" lang="de" country="DEU">Fehler beim Öffnen der Layoutdatei</TEXT>
    <TEXT id="22028" sym="" lang="de" country="DEU">Fehler beim Drucken der Datei</TEXT>
    <TEXT id="22030" sym="" lang="de" country="DEU">Warten auf das Maskenfeld</TEXT>
    <TEXT id="22029" sym="" lang="de" country="DEU">Maskenliste hat mindesten einen ungültigen Wert</TEXT>
    <TEXT id="22031" sym="" lang="de" country="DEU">Anzahl der empfangenen Masken und der Layoutmasken unterschiedlich</TEXT>
    <TEXT id="22032" sym="" lang="de" country="DEU">Unterschied zwischen den empfangenen Masken und benötigten Layoutmasken</TEXT>
    <TEXT id="26" sym="" lang="de" country="DEU">Verbindungsabbruch</TEXT>
    <TEXT id="19943" sym="" lang="de" country="DEU">Keine Antwort vom Geraet. Bitte Format erneut senden !!!</TEXT>
    <TEXT id="7263" sym="" lang="de" country="DEU">s</TEXT>
    <TEXT id="16360" sym="" lang="de" country="DEU">Audit Trail-Einträge werden nicht durchgeführt</TEXT>
    <TEXT id="8487" sym="" lang="de" country="DEU">Fehler im Leseteil</TEXT>
    <TEXT id="8488" sym="" lang="de" country="DEU">Fehler im Schreibteil</TEXT>
    <TEXT id="8490" sym="" lang="de" country="DEU">Fehler bei Open Channel und Parametersettings</TEXT>
    <TEXT id="8489" sym="" lang="de" country="DEU">Fehler mit dem Gateway</TEXT>
    <TEXT id="8491" sym="" lang="de" country="DEU">Fehler bei Symbole laden</TEXT>
    <TEXT id="8492" sym="" lang="de" country="DEU">Variable aus VisiWin unbekannt</TEXT>
    <TEXT id="8493" sym="" lang="de" country="DEU">Timeout beim Warten auf Message von Gateway</TEXT>
    <TEXT id="8494" sym="" lang="de" country="DEU">Neues Projekt während Session in MAX4 geladen</TEXT>
    <TEXT id="8495" sym="" lang="de" country="DEU">Fehler von der ELAU-DLL</TEXT>
    <TEXT id="24466" sym="" lang="de" country="DEU">Drucker bereit</TEXT>
    <TEXT id="24467" sym="" lang="de" country="DEU">Drucker bereit nach Reinigen</TEXT>
    <TEXT id="19281" sym="" lang="de" country="DEU">Druckbild Deckfolie</TEXT>
    <TEXT id="8403" sym="" lang="de" country="DEU">Blister</TEXT>
    <TEXT id="14834" sym="" lang="de" country="DEU">MSR Druckwerk</TEXT>
    <TEXT id="25779" sym="" lang="de" country="DEU">Tänzerwalze CSAT-Drucker nicht in Position</TEXT>
    <TEXT id="27578" sym="" lang="de" country="DEU">Druckwerk Zeitüberschreitung Reinigung</TEXT>
    <TEXT id="27579" sym="" lang="de" country="DEU">Druckwerk Zeitüberschreitung nicht bereit für Maschinenstart</TEXT>
    <TEXT id="27580" sym="" lang="de" country="DEU">Druckwerk bereit für Maschinenstart</TEXT>
</TEXTS>
