<?xml version="1.0" encoding="UTF-8"?>

<!DOCTYPE TEXTS SYSTEM "file://localhost/vimacon/dtds/tc2_8/texts.dtd">

<TEXTS>
    <TEXT id="22031" sym="" lang="en" country="USA">No match count of masks beetwen FDS data and Layout</TEXT>
    <TEXT id="22032" sym="" lang="en" country="USA">No match masks beetwen FDS data and Layout</TEXT>
    <TEXT id="7101" sym="" lang="en" country="USA">OFF</TEXT>
    <TEXT id="16739" sym="" lang="en" country="USA">Pos. print mark registration</TEXT>
    <TEXT id="16740" sym="" lang="en" country="USA">Image Intensty</TEXT>
    <TEXT id="7102" sym="" lang="en" country="USA">ON</TEXT>
    <TEXT id="16741" sym="" lang="en" country="USA">Bias</TEXT>
    <TEXT id="16742" sym="" lang="en" country="USA">Fusing Energy</TEXT>
    <TEXT id="16743" sym="" lang="en" country="USA">Cycle length</TEXT>
    <TEXT id="24466" sym="" lang="en" country="USA">Printer ready</TEXT>
    <TEXT id="24467" sym="" lang="en" country="USA">Printer ready after cleaning</TEXT>
    <TEXT id="8487" sym="" lang="en" country="USA">Error in read section</TEXT>
    <TEXT id="8488" sym="" lang="en" country="USA">Error in write section</TEXT>
    <TEXT id="8490" sym="" lang="en" country="USA">Error on channel opening and parameter setting</TEXT>
    <TEXT id="8489" sym="" lang="en" country="USA">Error with gateway</TEXT>
    <TEXT id="8491" sym="" lang="en" country="USA">Error on symbol loading</TEXT>
    <TEXT id="8492" sym="" lang="en" country="USA">Variable from VisiWin unknown</TEXT>
    <TEXT id="8493" sym="" lang="en" country="USA">Timout on waiting for message from gateway</TEXT>
    <TEXT id="8494" sym="" lang="en" country="USA">New project loaded into MAX4 during session</TEXT>
    <TEXT id="8495" sym="" lang="en" country="USA">Error from ELAU-DLL</TEXT>
    <TEXT id="10489" sym="" lang="en" country="USA">Printer not ready</TEXT>
    <TEXT id="9920" sym="" lang="en" country="USA">Printer</TEXT>
    <TEXT id="13683" sym="" lang="en" country="USA">CSAT printer</TEXT>
    <TEXT id="13719" sym="" lang="en" country="USA">CSAT PRINTER</TEXT>
    <TEXT id="11316" sym="" lang="en" country="USA">Printer</TEXT>
    <TEXT id="13729" sym="" lang="en" country="USA">Name print image</TEXT>
    <TEXT id="20415" sym="" lang="en" country="USA">Error reading device data. The device sends unknown process variables (search in FDS Log for unknown variable)</TEXT>
    <TEXT id="7262" sym="" lang="en" country="USA">mm</TEXT>
    <TEXT id="7263" sym="" lang="en" country="USA">s</TEXT>
    <TEXT id="32967" sym="" lang="en" country="USA">Layout Name</TEXT>
    <TEXT id="32968" sym="" lang="en" country="USA">Lidfoil Code</TEXT>
    <TEXT id="14834" sym="" lang="en" country="USA">MSR Printer</TEXT>
    <TEXT id="32969" sym="" lang="en" country="USA">LOT 2</TEXT>
    <TEXT id="20443" sym="" lang="en" country="USA">Timeout - unable to set CSAT printer OFFLINE</TEXT>
    <TEXT id="20444" sym="" lang="en" country="USA">CSAT label file does not exist</TEXT>
    <TEXT id="20445" sym="" lang="en" country="USA">CSAT Error (Internal Progrmerror) -&gt; see Logfile</TEXT>
    <TEXT id="20446" sym="" lang="en" country="USA">Timeout - unable to set CSAT printer ONLINE</TEXT>
    <TEXT id="12782" sym="" lang="en" country="USA">Section</TEXT>
    <TEXT id="12783" sym="" lang="en" country="USA">Offset+</TEXT>
    <TEXT id="12784" sym="" lang="en" country="USA">Offset-</TEXT>
    <TEXT id="12785" sym="" lang="en" country="USA">Offset</TEXT>
    <TEXT id="8403" sym="" lang="en" country="USA">Blisters</TEXT>
    <TEXT id="25779" sym="" lang="en" country="USA">Dancer roller CSAT printer not in position</TEXT>
    <TEXT id="22012" sym="" lang="en" country="USA">Invalid Token</TEXT>
    <TEXT id="22013" sym="" lang="en" country="USA">Invalid Checksum</TEXT>
    <TEXT id="22014" sym="" lang="en" country="USA">Authenticate first</TEXT>
    <TEXT id="22015" sym="" lang="en" country="USA">Access denied - user has no print access</TEXT>
    <TEXT id="15354" sym="" lang="en" country="USA">Printer initialization</TEXT>
    <TEXT id="22016" sym="" lang="en" country="USA">Access denied</TEXT>
    <TEXT id="22017" sym="" lang="en" country="USA">Error authenticating user</TEXT>
    <TEXT id="22018" sym="" lang="en" country="USA">Invalid message format</TEXT>
    <TEXT id="22020" sym="" lang="en" country="USA">Unknown preset</TEXT>
    <TEXT id="22019" sym="" lang="en" country="USA">Server memory error</TEXT>
    <TEXT id="11480" sym="" lang="en" country="USA">OFF</TEXT>
    <TEXT id="22021" sym="" lang="en" country="USA">maskfield not found</TEXT>
    <TEXT id="11481" sym="" lang="en" country="USA">ON</TEXT>
    <TEXT id="22022" sym="" lang="en" country="USA">Document has no mask fields</TEXT>
    <TEXT id="22023" sym="" lang="en" country="USA">Document is not released</TEXT>
    <TEXT id="22024" sym="" lang="en" country="USA">No document selected</TEXT>
    <TEXT id="22025" sym="" lang="en" country="USA">Server error: error getting printer data</TEXT>
    <TEXT id="22026" sym="" lang="en" country="USA">Document has mask file</TEXT>
    <TEXT id="22027" sym="" lang="en" country="USA">Error opening file</TEXT>
    <TEXT id="27578" sym="" lang="en" country="USA">Printer timeout cleaning not ready</TEXT>
    <TEXT id="22028" sym="" lang="en" country="USA">Error printing file</TEXT>
    <TEXT id="27579" sym="" lang="en" country="USA">Printer timeout not ready for machine start</TEXT>
    <TEXT id="27580" sym="" lang="en" country="USA">Printer ready for machine start</TEXT>
    <TEXT id="22029" sym="" lang="en" country="USA">Mask table has at least one invalid value</TEXT>
    <TEXT id="22030" sym="" lang="en" country="USA">Waiting for mask</TEXT>
    <TEXT id="16445" sym="" lang="en" country="USA">Config error - unknown variable (Driver)</TEXT>
    <TEXT id="20440" sym="" lang="en" country="USA">Parse procedure to driver failed</TEXT>
    <TEXT id="20441" sym="" lang="en" country="USA">internal driver error</TEXT>
    <TEXT id="20442" sym="" lang="en" country="USA">none default - formatdata from FDS</TEXT>
    <TEXT id="33175" sym="" lang="en" country="USA">Layout name Blistermachine</TEXT>
    <TEXT id="26" sym="" lang="en" country="USA">Connection tear-down</TEXT>
    <TEXT id="19943" sym="" lang="en" country="USA">No response from device. Send format again !!</TEXT>
    <TEXT id="10523" sym="" lang="en" country="USA">Stock monitoring lid foil</TEXT>
    <TEXT id="30645" sym="" lang="en" country="USA">simulation</TEXT>
    <TEXT id="34243" sym="" lang="en" country="USA">Cutting table of unwinder: foil clamped</TEXT>
    <TEXT id="34244" sym="" lang="en" country="USA">Dancer roller of unwinder: Stop right</TEXT>
    <TEXT id="34245" sym="" lang="en" country="USA">Dancer roller of unwinder: Stop left</TEXT>
    <TEXT id="34246" sym="" lang="en" country="USA">Unwinder: Foil End</TEXT>
    <TEXT id="34247" sym="" lang="en" country="USA">Cutting table of sync. unit: Foil clamped</TEXT>
    <TEXT id="34248" sym="" lang="en" country="USA">Dancer roller of sync. unit: Stop bottom</TEXT>
    <TEXT id="34249" sym="" lang="en" country="USA">Dancer roller of sync. unit: Stop top</TEXT>
    <TEXT id="34250" sym="" lang="en" country="USA">Rewinder: Change roll</TEXT>
    <TEXT id="34251" sym="" lang="en" country="USA">Rewinder: Edge guider error</TEXT>
    <TEXT id="34252" sym="" lang="en" country="USA">Toner concentra­tion head 1 too high</TEXT>
    <TEXT id="34253" sym="" lang="en" country="USA">Toner concentra­tion head 2 too high</TEXT>
    <TEXT id="34254" sym="" lang="en" country="USA">Unwinder: Edge guider error</TEXT>
    <TEXT id="34255" sym="" lang="en" country="USA">Residual toner container head 1 full</TEXT>
    <TEXT id="34256" sym="" lang="en" country="USA">Residual toner container head 2 full</TEXT>
    <TEXT id="34257" sym="" lang="en" country="USA">Residual toner container head 1 missing</TEXT>
    <TEXT id="34258" sym="" lang="en" country="USA">Residual toner container head 2 missing</TEXT>
    <TEXT id="34260" sym="" lang="en" country="USA">Toner mixer head 2 missing</TEXT>
    <TEXT id="34259" sym="" lang="en" country="USA">Toner mixer head 1 missing</TEXT>
    <TEXT id="34261" sym="" lang="en" country="USA">Developer head 1 not in position</TEXT>
    <TEXT id="34262" sym="" lang="en" country="USA">Developer head 2 not in position</TEXT>
    <TEXT id="34263" sym="" lang="en" country="USA">Developer head 1 not rotating</TEXT>
    <TEXT id="34264" sym="" lang="en" country="USA">Developer head 2 not rotating</TEXT>
    <TEXT id="34265" sym="" lang="en" country="USA">Toner filter head 1 not present</TEXT>
    <TEXT id="34266" sym="" lang="en" country="USA">Toner filter head 2 not present</TEXT>
    <TEXT id="34267" sym="" lang="en" country="USA">Toner level in mixer head 1 too low</TEXT>
    <TEXT id="34268" sym="" lang="en" country="USA">Toner level in mixer head 2 too low</TEXT>
    <TEXT id="34270" sym="" lang="en" country="USA">BIAS unit head 2 defective</TEXT>
    <TEXT id="34269" sym="" lang="en" country="USA">BIAS unit head 1 defective</TEXT>
    <TEXT id="34271" sym="" lang="en" country="USA">Drum-cleaning phase too long</TEXT>
    <TEXT id="34272" sym="" lang="en" country="USA">Friction blocked</TEXT>
    <TEXT id="34273" sym="" lang="en" country="USA">Image drum does not rotate</TEXT>
    <TEXT id="34274" sym="" lang="en" country="USA">Foil missing, not moving or blocked</TEXT>
    <TEXT id="34275" sym="" lang="en" country="USA">Compressed air missing</TEXT>
    <TEXT id="34276" sym="" lang="en" country="USA">Friction unlocked</TEXT>
    <TEXT id="34277" sym="" lang="en" country="USA">Charge sensor head 1 error</TEXT>
    <TEXT id="34278" sym="" lang="en" country="USA">Cover of image drum extended</TEXT>
    <TEXT id="34280" sym="" lang="en" country="USA">Transfer roller head 2 not in position</TEXT>
    <TEXT id="34279" sym="" lang="en" country="USA">Transfer roller head 1 not in position</TEXT>
    <TEXT id="34281" sym="" lang="en" country="USA">Air filter for clean unit not in position</TEXT>
    <TEXT id="34282" sym="" lang="en" country="USA">MHV Module 1 : electronics error</TEXT>
    <TEXT id="34283" sym="" lang="en" country="USA">MHV Module 2 : electronics error</TEXT>
    <TEXT id="34284" sym="" lang="en" country="USA">MSV Module 1 : electronics error</TEXT>
    <TEXT id="34285" sym="" lang="en" country="USA">MSV Module 2 : electronics error</TEXT>
    <TEXT id="34286" sym="" lang="en" country="USA">THV top module 1 : electronics error</TEXT>
    <TEXT id="34287" sym="" lang="en" country="USA">THV top module 2 : electronics error</TEXT>
    <TEXT id="34288" sym="" lang="en" country="USA">THV Bottom Module 1 : electronics error</TEXT>
    <TEXT id="34289" sym="" lang="en" country="USA">THV Bottom Module 2 : electronics error</TEXT>
    <TEXT id="34290" sym="" lang="en" country="USA">Eraser 1 : electronics error</TEXT>
    <TEXT id="34300" sym="" lang="en" country="USA">Foil tautness</TEXT>
    <TEXT id="34291" sym="" lang="en" country="USA">Eraser 2 : electronics error</TEXT>
    <TEXT id="34301" sym="" lang="en" country="USA">Drive controller unwinder error</TEXT>
    <TEXT id="34292" sym="" lang="en" country="USA">Error in communication visualisation to slave head 1</TEXT>
    <TEXT id="34302" sym="" lang="en" country="USA">Drive controller rewinder error</TEXT>
    <TEXT id="34293" sym="" lang="en" country="USA">Error in communication visualisation to slave head 2</TEXT>
    <TEXT id="34303" sym="" lang="en" country="USA">Waiting for LifeLine</TEXT>
    <TEXT id="34294" sym="" lang="en" country="USA">Hot air fusing: Temp. too low</TEXT>
    <TEXT id="34304" sym="" lang="en" country="USA">Waiting for synchro start</TEXT>
    <TEXT id="34295" sym="" lang="en" country="USA">Hot air fusing: Temp. too high</TEXT>
    <TEXT id="34305" sym="" lang="en" country="USA">Waiting for DSP-image ready</TEXT>
    <TEXT id="34296" sym="" lang="en" country="USA">UV start up</TEXT>
    <TEXT id="34306" sym="" lang="en" country="USA">Fusing units: Comm. error</TEXT>
    <TEXT id="34297" sym="" lang="en" country="USA">Fuser duct: Cover open</TEXT>
    <TEXT id="34307" sym="" lang="en" country="USA">UV 1 Fan: Error</TEXT>
    <TEXT id="34298" sym="" lang="en" country="USA">Hot air fusing: Failure</TEXT>
    <TEXT id="34308" sym="" lang="en" country="USA">UV 2 Fan: Error</TEXT>
    <TEXT id="34299" sym="" lang="en" country="USA">Foil cooling: Failure</TEXT>
    <TEXT id="34309" sym="" lang="en" country="USA">Fusing flap: Error</TEXT>
    <TEXT id="34310" sym="" lang="en" country="USA">UV: Error</TEXT>
    <TEXT id="34311" sym="" lang="en" country="USA">Toner filter head 1 full</TEXT>
    <TEXT id="34312" sym="" lang="en" country="USA">Toner filter head 2 full</TEXT>
    <TEXT id="34313" sym="" lang="en" country="USA">Door release denied</TEXT>
    <TEXT id="34314" sym="" lang="en" country="USA">Printer not in position</TEXT>
    <TEXT id="34315" sym="" lang="en" country="USA">Emergency Stop at printer</TEXT>
    <TEXT id="34316" sym="" lang="en" country="USA">Door released</TEXT>
    <TEXT id="34317" sym="" lang="en" country="USA">Safety circuit open</TEXT>
    <TEXT id="34318" sym="" lang="en" country="USA">Drive of image drum: Failure</TEXT>
    <TEXT id="34319" sym="" lang="en" country="USA">Drive of friction: Failure</TEXT>
    <TEXT id="34320" sym="" lang="en" country="USA">Communication Developer to Slave interrupted.</TEXT>
    <TEXT id="34321" sym="" lang="en" country="USA">TOF distance too short</TEXT>
    <TEXT id="34322" sym="" lang="en" country="USA">Speed too high</TEXT>
    <TEXT id="34323" sym="" lang="en" country="USA">Charge sensor head 1 not in position</TEXT>
    <TEXT id="34324" sym="" lang="en" country="USA">Charge sensor head 2 not in position</TEXT>
    <TEXT id="34325" sym="" lang="en" country="USA">Image monitoring error</TEXT>
    <TEXT id="34326" sym="" lang="en" country="USA">Toner filter clean unit full</TEXT>
    <TEXT id="34327" sym="" lang="en" country="USA">Cooling unit: temperature too high</TEXT>
    <TEXT id="34328" sym="" lang="en" country="USA">Cooling unit: error</TEXT>
    <TEXT id="34329" sym="" lang="en" country="USA">Cooling unit: filter used up</TEXT>
    <TEXT id="34330" sym="" lang="en" country="USA">Cooling unit: filter nearly used up</TEXT>
    <TEXT id="34331" sym="" lang="en" country="USA">Cooling unit: not active</TEXT>
    <TEXT id="34332" sym="" lang="en" country="USA">Charge sensor head 2 error</TEXT>
    <TEXT id="34358" sym="" lang="en" country="USA">Timeout printer communication</TEXT>
    <TEXT id="34360" sym="" lang="en" country="USA">Waiting for layout change over of printer</TEXT>
    <TEXT id="34359" sym="" lang="en" country="USA">Printer is waiting for start</TEXT>
    <TEXT id="34363" sym="" lang="en" country="USA">Waiting for loading of art work on printer</TEXT>
    <TEXT id="34364" sym="" lang="en" country="USA">No mask fields found</TEXT>
    <TEXT id="34365" sym="" lang="en" country="USA">Number of mask fields does not match layout</TEXT>
    <TEXT id="34366" sym="" lang="en" country="USA">Mask field not found</TEXT>
    <TEXT id="34367" sym="" lang="en" country="USA">Format not initialized</TEXT>
    <TEXT id="34368" sym="" lang="en" country="USA">Format incompatible</TEXT>
    <TEXT id="34370" sym="" lang="en" country="USA">Format content faulty</TEXT>
    <TEXT id="34369" sym="" lang="en" country="USA">Format document faulty</TEXT>
    <TEXT id="34371" sym="" lang="en" country="USA">Not all format variables set</TEXT>
</TEXTS>

