<?xml version="1.0" encoding="UTF-8"?>
<!DOCTYPE TEXTS SYSTEM "file://localhost/vimacon/dtds/tc2_8/texts.dtd">

<TEXTS>
    <TEXT id="16610" sym="" lang="en" country="">PMC2 axle 25 / Splicer lid foil</TEXT>
    <TEXT id="20013" sym="" lang="en" country="">VisioScan</TEXT>
    <TEXT id="12805" sym="" lang="en" country="">MSR Print image control</TEXT>
    <TEXT id="16599" sym="" lang="en" country="">PMC2 axle 22 / Index roller ET</TEXT>
    <TEXT id="16602" sym="" lang="en" country="">PMC2 axle 25 / Traction control lid foil</TEXT>
    <TEXT id="16600" sym="" lang="en" country="">PMC2 axle 23 / Rolling feeder</TEXT>
    <TEXT id="7282" sym="" lang="en" country="">C2065: all values for cartoner</TEXT>
    <TEXT id="9920" sym="" lang="en" country="USA">Printer</TEXT>
    <TEXT id="13204" sym="" lang="en" country="">Number of print images</TEXT>
    <TEXT id="17801" sym="" lang="en" country="">VisioChromHR</TEXT>
    <TEXT id="16741" sym="" lang="en" country="USA">Bias</TEXT>
    <TEXT id="13205" sym="" lang="en" country="">Counting method</TEXT>
    <TEXT id="4817" sym="" lang="en" country="">ERS</TEXT>
    <TEXT id="16601" sym="" lang="en" country="">PMC2 axle 24 / Vacuum belt</TEXT>
    <TEXT id="9423" sym="" lang="en" country="">line format</TEXT>
    <TEXT id="16104" sym="" lang="en" country="">Inking</TEXT>
    <TEXT id="12788" sym="" lang="en" country="">Serial error</TEXT>
    <TEXT id="7262" sym="" lang="en" country="">mm</TEXT>
    <TEXT id="13346" lang="en" country="USA">Printer</TEXT>
    <TEXT id="16598" sym="" lang="en" country="">PMC2 axle 21 / Mainfold</TEXT>
    <TEXT id="16595" sym="" lang="en" country="">PMC2 axle 18 / Embossing station</TEXT>
    <TEXT id="13720" sym="" lang="en" country="">Print image control OCR</TEXT>
    <TEXT id="16106" sym="" lang="en" country="">Contact pressure</TEXT>
    <TEXT id="13729" sym="" lang="en" country="USA">Name print image</TEXT>
    <TEXT id="13117" sym="" lang="en" country="">HAPA PRINTER</TEXT>
    <TEXT id="16742" sym="" lang="en" country="USA">Fusing Energy</TEXT>
    <TEXT id="16596" sym="" lang="en" country="">PMC2 axle 19 / Punch</TEXT>
    <TEXT id="12784" lang="en" country="USA">Offset-</TEXT>
    <TEXT id="10489" sym="" lang="en" country="USA">Printer not ready</TEXT>
    <TEXT id="10510" sym="" lang="en" country="">Print control forming film</TEXT>
    <TEXT id="16361" sym="" lang="en" country="">ACS</TEXT>
    <TEXT id="16592" sym="" lang="en" country="">PMC2 axle 15 / Index after sealing</TEXT>
    <TEXT id="11480" sym="" lang="en" country="">OFF</TEXT>
    <TEXT id="13719" sym="" lang="en" country="USA">CSAT PRINTER</TEXT>
    <TEXT id="12782" sym="" lang="en" country="">Section</TEXT>
    <TEXT id="16740" sym="" lang="en" country="USA">Image Intensty</TEXT>
    <TEXT id="16609" sym="" lang="en" country="">LUST side channel compressor</TEXT>
    <TEXT id="16105" sym="" lang="en" country="">Lenght register</TEXT>
    <TEXT id="13207" sym="" lang="en" country="">MINIM.COUNT.</TEXT>
    <TEXT id="16739" sym="" lang="en" country="USA">Pos. print mark registration</TEXT>
    <TEXT id="10728" sym="" lang="en" country="">Serial error printer</TEXT>
    <TEXT id="10840" sym="" lang="en" country="USA">Dancer roller CSAT printer in upper end position</TEXT>
    <TEXT id="16593" sym="" lang="en" country="">PMC2 axle 16 / Index multiple-stroke</TEXT>
    <TEXT id="12783" lang="en" country="USA">Offset+</TEXT>
    <TEXT id="13206" sym="" lang="en" country="">ABSOL.COUNT.</TEXT>
    <TEXT id="16608" sym="" lang="en" country="">LUST main drive</TEXT>
    <TEXT id="12785" sym="" lang="en" country="USA">Offset</TEXT>
    <TEXT id="19915" sym="" lang="en" country="">VisioChrom</TEXT>
    <TEXT id="11481" sym="" lang="en" country="">ON</TEXT>
    <TEXT id="16591" sym="" lang="en" country="">PMC2 axle 14 / Index after forming</TEXT>
    <TEXT id="16743" sym="" lang="en" country="USA">Cycle length</TEXT>
    <TEXT id="19916" sym="" lang="en" country="">VisioRead</TEXT>
    <TEXT id="14091" sym="" lang="en" country="">Panel</TEXT>
    <TEXT id="11316" sym="" lang="en" country="USA">Printer</TEXT>
    <TEXT id="17669" sym="" lang="en" country="">MAX4</TEXT>
    <TEXT id="9200" sym="" lang="en" country="">MSR</TEXT>
    <TEXT id="16597" sym="" lang="en" country="">PMC2 axle 20 / Waste exhausting</TEXT>
    <TEXT id="11270" sym="" lang="en" country="">PLC</TEXT>
    <TEXT id="16594" sym="" lang="en" country="">PMC2 axle 17 / Perforating station</TEXT>
    <TEXT id="13346" lang="en" country="USA">Printer</TEXT>
    <TEXT id="16729" sym="" lang="en" country="USA">No print on lid foil</TEXT>
    <TEXT id="7101" sym="" lang="en" country="USA">OFF</TEXT>
    <TEXT id="7102" sym="" lang="en" country="USA">ON</TEXT>
    <TEXT id="16726" lang="en" country="USA">1 cycle</TEXT>
    <TEXT id="16727" lang="en" country="USA">2 cycle</TEXT>
    <TEXT id="16728" lang="en" country="USA">3 cycle</TEXT>
    <TEXT id="13683" sym="" lang="en" country="USA">CSAT printer</TEXT>
    <TEXT id="16445" sym="" lang="en" country="USA">Config error - unknown variable (Driver)</TEXT>
    <TEXT id="20396" sym="" lang="en" country="USA">communication with client timed out</TEXT>
    <TEXT id="20397" sym="" lang="en" country="USA">Database error</TEXT>
    <TEXT id="20415" sym="" lang="en" country="USA">Error reading device data. The device sends unknown process variables (search in FDS Log for unknown variable)</TEXT>
    <TEXT id="20440" sym="" lang="en" country="USA">Parse procedure to driver failed</TEXT>
    <TEXT id="20439" sym="" lang="en" country="USA">unknown Variable</TEXT>
    <TEXT id="20441" sym="" lang="en" country="USA">internal driver error</TEXT>
    <TEXT id="20442" sym="" lang="en" country="USA">none default - formatdata from FDS</TEXT>
    <TEXT id="20443" sym="" lang="en" country="USA">Timeout - unable to set CSAT printer OFFLINE</TEXT>
    <TEXT id="20444" sym="" lang="en" country="USA">CSAT label file does not exist</TEXT>
    <TEXT id="20445" sym="" lang="en" country="USA">CSAT Error (Internal Progrmerror) -&gt; see Logfile</TEXT>
    <TEXT id="20446" sym="" lang="en" country="USA">Timeout - unable to set CSAT printer ONLINE</TEXT>
    <TEXT id="22012" sym="" lang="en" country="USA">Invalid Token</TEXT>
    <TEXT id="22013" sym="" lang="en" country="USA">Invalid Checksum</TEXT>
    <TEXT id="22014" sym="" lang="en" country="USA">Authenticate first</TEXT>
    <TEXT id="22015" sym="" lang="en" country="USA">Access denied - user has no print access</TEXT>
    <TEXT id="15354" sym="" lang="en" country="USA">Printer initialization</TEXT>
    <TEXT id="22016" sym="" lang="en" country="USA">Access denied</TEXT>
    <TEXT id="22017" sym="" lang="en" country="USA">Error authenticating user</TEXT>
    <TEXT id="22018" sym="" lang="en" country="USA">Invalid message format</TEXT>
    <TEXT id="22020" sym="" lang="en" country="USA">Unknown preset</TEXT>
    <TEXT id="22019" sym="" lang="en" country="USA">Server memory error</TEXT>
    <TEXT id="22021" sym="" lang="en" country="USA">maskfield not found</TEXT>
    <TEXT id="22022" sym="" lang="en" country="USA">Document has no mask fields</TEXT>
    <TEXT id="22023" sym="" lang="en" country="USA">Document is not released</TEXT>
    <TEXT id="22024" sym="" lang="en" country="USA">No document selected</TEXT>
    <TEXT id="22025" sym="" lang="en" country="USA">Server error: error getting printer data</TEXT>
    <TEXT id="22026" sym="" lang="en" country="USA">Document has mask file</TEXT>
    <TEXT id="22027" sym="" lang="en" country="USA">Error opening file</TEXT>
    <TEXT id="22028" sym="" lang="en" country="USA">Error printing file</TEXT>
    <TEXT id="22030" sym="" lang="en" country="USA">Waiting for mask</TEXT>
    <TEXT id="22029" sym="" lang="en" country="USA">Mask table has at least one invalid value</TEXT>
    <TEXT id="22031" sym="" lang="en" country="USA">No match count of masks beetwen FDS data and Layout</TEXT>
    <TEXT id="22032" sym="" lang="en" country="USA">No match masks beetwen FDS data and Layout</TEXT>
    <TEXT id="26" sym="" lang="en" country="USA">Connection tear-down</TEXT>
    <TEXT id="19943" sym="" lang="en" country="USA">No response from device. Send format again !!</TEXT>
    <TEXT id="16360" sym="" lang="en" country="USA">Audit Trail entries not possible</TEXT>
    <TEXT id="8487" sym="" lang="en" country="USA">Error in read section</TEXT>
    <TEXT id="8488" sym="" lang="en" country="USA">Error in write section</TEXT>
    <TEXT id="8490" sym="" lang="en" country="USA">Error on channel opening and parameter setting</TEXT>
    <TEXT id="8489" sym="" lang="en" country="USA">Error with gateway</TEXT>
    <TEXT id="8491" sym="" lang="en" country="USA">Error on symbol loading</TEXT>
    <TEXT id="8492" sym="" lang="en" country="USA">Variable from VisiWin unknown</TEXT>
    <TEXT id="8493" sym="" lang="en" country="USA">Timout on waiting for message from gateway</TEXT>
    <TEXT id="8494" sym="" lang="en" country="USA">New project loaded into MAX4 during session</TEXT>
    <TEXT id="8495" sym="" lang="en" country="USA">Error from ELAU-DLL</TEXT>
    <TEXT id="24466" sym="" lang="en" country="USA">Printer ready</TEXT>
    <TEXT id="24467" sym="" lang="en" country="USA">Printer ready after cleaning</TEXT>
    <TEXT id="19281" sym="" lang="en" country="USA">Lid foil label</TEXT>
    <TEXT id="8403" sym="" lang="en" country="USA">Blisters</TEXT>
    <TEXT id="14834" sym="" lang="en" country="USA">MSR Printer</TEXT>
    <TEXT id="25779" sym="" lang="en" country="USA">Dancer roller CSAT printer not in position</TEXT>
    <TEXT id="27578" sym="" lang="en" country="USA">Printer timeout cleaning not ready</TEXT>
    <TEXT id="27579" sym="" lang="en" country="USA">Printer timeout not ready for machine start</TEXT>
    <TEXT id="27580" sym="" lang="en" country="USA">Printer ready for machine start</TEXT>
</TEXTS>
