<?xml version='1.0' encoding="UTF-8" ?>
<?xml-stylesheet type='text/xsl' href="file://C:/vimacon/stylesheets/vico/almanach.xsl" ?>


<HISTORY module="HMI_137_VR_PrintControl" company="Uhlmann" author="Alexander Stoeferle" created="2006-03-13">
    <DESC lang="de">OCR 1 Kamera</DESC>
    <DESC lang="en">OCR 1 camera</DESC>
    <RECORD type="vico_generated" user="graf" timestamp="1239104700" date="2009-04-07T13:45:00">
        <USER_COMMENT user="graf" date="2009-04-07T13:45:00">Initial Module Document Generated by Vico Module Management System</USER_COMMENT>
        <MACHINE name="B1880 Novartis Schweiz" serialno="1410100" version="3.49" kind="BLM" type="B1880" subtype="MTI"/>
        <MODDESC kind="lidfoil_print_image_control" version="1.0.0"/>
    </RECORD>
</HISTORY>

