<?xml version="1.0" encoding="ISO-8859-1"?>
<!DOCTYPE HMI_CONTROLS SYSTEM "file://localhost/vimacon/dtds/tc2_8/hmi_controls.dtd">

<HMI_CONTROLS>
    <GROUP name="Basic_GRP_MSR_Basic_Parameter" pvPrefix="" text="12775" help="50159" cmt="MSR_Grundparameter" stateActive="16760735" category="" rightVisible="2072" rightActive="2064" icon="">
        <CONFIG name=".CON_NoBlsLanesSR1" pvName="Basic_CON_MSR_NoBlsLanesSR1" cmt="MSR Anzahl Blister Bahnen Schieberegister 1" text="12776" help="100002" stateActive="16760735" pdcActive="0" anyPosActive="1" unit="0" format="" formula="" category="" rightVisible="2072" rightActive="2064"/>
        <CONFIG name=".CON_BlistersRowsIndex" pvName="Basic_CON_MSR_NoBlsRowsSR1" cmt="MSR Anzahl Blisterreihen je Formtakt" text="12777" help="100002" stateActive="16760735" pdcActive="0" anyPosActive="1" unit="0" format="" formula="" category="" rightVisible="2072" rightActive="2064"/>
    </GROUP>
    <CONFIG name="Statistic_CON_CNT_Good" pvName="Statistic_CON_CNT_Good" cmt="Gutblister" text="12806" help="170991" stateActive="0" pdcActive="1" anyPosActive="1" unit="" format="" formula="" category="" rightVisible="2108" rightActive="2108"/>
    <CONFIG name="Statistic_CON_CNT_Bad" pvName="Statistic_CON_CNT_Bad" cmt=" Schlechtblister" text="12807" help="100002" stateActive="0" pdcActive="0" anyPosActive="0" unit="" format="" formula="" category="" rightVisible="2108" rightActive="2108"/>
    <CONFIG name="Basic_MSR_I_StatCount_Reset" pvName="Basic_MSR_I_StatCount_Reset" cmt="Reset" text="14329" help="170002" stateActive="0" pdcActive="0" anyPosActive="0" unit="" format="" formula="" category="" rightVisible="2108" rightActive="2108"/>
    <CONFIG name="Basic_MSR_I_StatCount_TestRun" pvName="Basic_MSR_I_StatCount_TestRun" cmt="Testlauf / Anfahrbetrieb" text="16247" help="170007" stateActive="0" pdcActive="0" anyPosActive="0" unit="" format="" formula="" category="" rightVisible="2108" rightActive="2108"/>
    <CONFIG name="VacBelt_MSR_I_StatCount_TotReject" pvName="VacBelt_MSR_I_StatCount_TotReject" cmt="Gesamtausscheidung" text="16248" help="170008" stateActive="0" pdcActive="0" anyPosActive="0" unit="" format="" formula="" category="" rightVisible="2108" rightActive="2108"/>
</HMI_CONTROLS>
