<?xml version='1.0' encoding="UTF-8" ?>
<?xml-stylesheet type='text/xsl' href="file://C:/vimacon/stylesheets/vico/almanach.xsl" ?>


<HISTORY module="HMI_120321_PinholeFormingFoil" company="Uhlmann" author="Walter Graf" created="2007-04-11">
    <DESC lang="de">Risserkennung Formfolie</DESC>
    <DESC lang="en">Pinhole detection forming foil</DESC>
    <RECORD type="vico_generated" user="dreyer_r" timestamp="1239881550" date="2009-04-16T13:32:30">
        <USER_COMMENT user="dreyer_r" date="2009-04-16T13:32:30">Initial Module Document Generated by Vico Module Management System</USER_COMMENT>
        <MACHINE name="591401" serialno="" version="" kind="BLM" type="B1240" subtype="ET"/>
        <MODDESC kind="formingfoil_pinhole_detection" version="1.0.0"/>
    </RECORD>
</HISTORY>

