<?xml version='1.0' encoding="UTF-8" ?>
<?xml-stylesheet type='text/xsl' href="file://C:/vimacon/stylesheets/vico/almanach.xsl" ?>


<HISTORY module="HMI_137_Decurling_ACompLoop" company="Uhlmann" author="Walter Graf" created="2007-06-26">
    <DESC lang="de">Glätteinrichtung Folienstrang</DESC>
    <DESC lang="en">decurling device web</DESC>
    <RECORD type="vico_generated" user="graf_w" timestamp="1182864144" date="2007-06-26T15:22:24">
        <USER_COMMENT user="graf_w" date="2007-06-26T15:22:24">Initial Module Document Generated by Vico Module Management System</USER_COMMENT>
        <MACHINE name="B1880 STANDARD LINEMA" serialno="137/XXX" version="3.xx" kind="TFM" type="B1880" subtype="MTI"/>
        <MODDESC kind="web_decurling" version="1.0.0"/>
    </RECORD>
</HISTORY>

