<?xml version="1.0" encoding="UTF-8"?>
<!DOCTYPE ALARMS SYSTEM "file://localhost/vimacon/dtds/tc3_0/alarm.dtd">

<ALARMS>
    <ALARM id="98" text="19943" help="100001" cmt="vom Geraet wurde auf ein Write keine Antwort empfangen" type="0" sigLevel="0" cycle="0" singleConfirmation="0"/>
    <ALARM id="99" text="26" help="10019" cmt="Verbindungsabbruch" type="0" sigLevel="0" cycle="0" singleConfirmation="0"/>
    <ALARM id="9001" text="8487" help="9001" cmt="Fehlernummer bei Fehlern im Leseteil" type="3" sigLevel="0" cycle="0" singleConfirmation="0"/>
    <ALARM id="9002" text="8488" help="9002" cmt="Fehlernummer bei Fehlern im Schreibteil" type="3" sigLevel="0" cycle="0" singleConfirmation="0"/>
    <ALARM id="9003" text="8489" help="9003" cmt="Fehlernummer bei Fehlern mit Gateway" type="3" sigLevel="0" cycle="0" singleConfirmation="0"/>
    <ALARM id="9004" text="8490" help="9004" cmt="Fehlernummer bei Fehlern bei Open Channel und Parametersettings" type="3" sigLevel="0" cycle="0" singleConfirmation="0"/>
    <ALARM id="9005" text="8491" help="9005" cmt="Fehlernummer bei Fehlern bei Symbolen laden" type="3" sigLevel="0" cycle="0" singleConfirmation="0"/>
    <ALARM id="9006" text="8492" help="9006" cmt="Fehlernummer für Variable aus VisiWin unbekannt" type="3" sigLevel="0" cycle="0" singleConfirmation="0"/>
    <ALARM id="9007" text="8493" help="9007" cmt="Fehlernummer Timeout beim Warten auf Message von Gateway" type="3" sigLevel="0" cycle="0" singleConfirmation="0"/>
    <ALARM id="9008" text="8494" help="9008" cmt="Fehlernummer Neues Projekt während Session in MAX4 geladen" type="3" sigLevel="0" cycle="0" singleConfirmation="0"/>
    <ALARM id="9009" text="8495" help="9009" cmt="Fehlernummer Error von der Elau DLL" type="3" sigLevel="0" cycle="0" singleConfirmation="0"/>
    <ALARM id="9010" text="20440" help="9010" cmt="Parsevorgang zum Treiber gescheitert" type="0" sigLevel="0" cycle="0" singleConfirmation="0"/>
    <ALARM id="9011" text="20441" help="9011" cmt="interner Treiberfehler" type="0" sigLevel="0" cycle="0" singleConfirmation="0"/>
    <ALARM id="9012" text="20442" help="9012" cmt="keine Defaultwerte" type="0" sigLevel="0" cycle="0" singleConfirmation="0"/>
    <ALARM id="9013" text="16445" help="9013" cmt="Konfigurationsfehler der pm2001.xml" type="0" sigLevel="0" cycle="0" singleConfirmation="0"/>
    <ALARM id="66000" text="16360 " help="66000" cmt="Audit Trail Einträge nicht möglich" type="0" sigLevel="0" cycle="0" singleConfirmation="0"/>
    <ALARM id="66001" text="20396 " help="66001" cmt="Kommunikationsfehler mit Broker Client" type="0" sigLevel="0" cycle="0" singleConfirmation="0"/>
    <ALARM id="66002" text="20397 " help="66002" cmt="Datenbankfehler" type="0" sigLevel="0" cycle="0" singleConfirmation="0"/>
    <ALARM id="20415" text="20415" help="0" cmt=" Fehler beim Lesen der Daten vom Gerät." type="0" cycle="0" singleConfirmation="0"/>
    <ALARM id="58000" text="20443" help="58000" cmt="CSAT Fehler Timeout Offline" type="0" cycle="0" singleConfirmation="0"/>
    <ALARM id="58001" text="20444" help="58001" cmt="CSAT Fehler Datei existiert nicht" type="0" cycle="0" singleConfirmation="0"/>
    <ALARM id="58002" text="20445" help="58002" cmt="CSAT Fehler (Interner Programmfehler) -&gt;" type="0" cycle="0" singleConfirmation="0"/>
    <ALARM id="58010" text="20446" help="58010" cmt="CSAT Fehler Timeout Online " type="0" cycle="0" singleConfirmation="0"/>
    <ALARM id="58030" text="26" help="58030" cmt="Verbindungsabbruch" type="0" cycle="0" singleConfirmation="0"/>
    <ALARM id="58031" text="22012" help="0" cmt="Invalid Token" type="0" cycle="0" singleConfirmation="0"/>
    <ALARM id="58032" text="22013" help="0" cmt="Invalid Checksum" type="0" cycle="0" singleConfirmation="0"/>
    <ALARM id="58033" text="22014" help="0" cmt="Authenticate First" type="0" cycle="0" singleConfirmation="0"/>
    <ALARM id="58034" text="22015" help="0" cmt="Acces denied - user has no print acces" type="0" cycle="0" singleConfirmation="0"/>
    <ALARM id="58035" text="22016" help="0" cmt="Acces denied" type="0" cycle="0" singleConfirmation="0"/>
    <ALARM id="58036" text="22017" help="0" cmt="Error authenticating user" type="0" cycle="0" singleConfirmation="0"/>
    <ALARM id="58037" text="22018" help="0" cmt="Invalid message format" type="0" cycle="0" singleConfirmation="0"/>
    <ALARM id="58038" text="22019" help="0" cmt="Server memory error" type="0" cycle="0" singleConfirmation="0"/>
    <ALARM id="58039" text="22020" help="0" cmt="Unknown preset" type="0" cycle="0" singleConfirmation="0"/>
    <ALARM id="58040" text="22021" help="58040" cmt="maskfield not found" type="0" cycle="0" singleConfirmation="0"/>
    <ALARM id="58041" text="22022" help="0" cmt="Document has no mask fields" type="0" cycle="0" singleConfirmation="0"/>
    <ALARM id="58042" text="22023" help="0" cmt="Document is not released" type="0" cycle="0" singleConfirmation="0"/>
    <ALARM id="58043" text="22024" help="0" cmt="No document selected" type="0" cycle="0" singleConfirmation="0"/>
    <ALARM id="58044" text="22025" help="0" cmt="Server error: error getting printer data" type="0" cycle="0" singleConfirmation="0"/>
    <ALARM id="58045" text="22026" help="0" cmt="Document has mask file" type="0" cycle="0" singleConfirmation="0"/>
    <ALARM id="58046" text="22027" help="0" cmt="Error opening file" type="0" cycle="0" singleConfirmation="0"/>
    <ALARM id="58047" text="22028" help="0" cmt="Error printing file" type="0" cycle="0" singleConfirmation="0"/>
    <ALARM id="58048" text="22029" help="0" cmt="Mask table has at least one invalid valu" type="0" cycle="0" singleConfirmation="0"/>
    <ALARM id="58049" text="22030" help="0" cmt="Waiting for mask" type="0" cycle="0" singleConfirmation="0"/>
    <ALARM id="58060" text="22031" help="0" cmt="No match count between FDS data and Layo" type="0" cycle="0" singleConfirmation="0"/>
    <ALARM id="58061" text="22032" help="0" cmt="No match mask between FDS data and Layou" type="0" cycle="0" singleConfirmation="0"/>
    <ALARM id="58062" text="20440" help="0" cmt="keine gültige Daten empfangen" type="0" cycle="0" singleConfirmation="0"/>
    <ALARM id="58063" text="20442" help="0" cmt="keine Default Daten" type="0" cycle="0" singleConfirmation="0"/>
    <ALARM id="58090" text="20440" help="0" cmt="Druckwerk nicht bereit" type="0" cycle="0" singleConfirmation="0"/>
    <ALARM id="66000" text="16360" help="66000" cmt="Druckwerk nicht bereit" type="0" cycle="0" singleConfirmation="0"/>
    <ALARM id="66001" text="20396" help="66001" cmt="Druckwerk nicht bereit" type="0" cycle="0" singleConfirmation="0"/>
    <ALARM id="66002" text="20397" help="66002" cmt="Druckwerk nicht bereit" type="0" cycle="0" singleConfirmation="0"/>
    <ALARM id="1" text="34243" help="1867" cmt="Schneidtischklemme Abwickler aktiv" type="1" cycle="0" rightConfirm="-1"/>
    <ALARM id="2" text="34244" help="1867" cmt="" type="1" cycle="0" rightConfirm="-1"/>
    <ALARM id="3" text="34245" help="1867" cmt="" type="1" cycle="0" rightConfirm="-1"/>
    <ALARM id="4" text="34246" help="1867" cmt="" type="1" cycle="0" rightConfirm="-1"/>
    <ALARM id="6" text="34247" help="1867" cmt="" type="1" cycle="0" rightConfirm="-1"/>
    <ALARM id="7" text="34248" help="1867" cmt="" type="1" cycle="0" rightConfirm="-1"/>
    <ALARM id="8" text="34249" help="1867" cmt="" type="1" cycle="0" rightConfirm="-1"/>
    <ALARM id="9" text="34250" help="1867" cmt="" type="1" cycle="0" rightConfirm="-1"/>
    <ALARM id="12" text="34251" help="1867" cmt="" type="1" cycle="0" rightConfirm="-1"/>
    <ALARM id="200" text="34252" help="1867" cmt="" type="1" cycle="0" rightConfirm="-1"/>
    <ALARM id="201" text="34253" help="1867" cmt="" type="1" cycle="0" rightConfirm="-1"/>
    <ALARM id="14" text="34254" help="1867" cmt="" type="1" cycle="0" rightConfirm="-1"/>
    <ALARM id="202" text="34255" help="1867" cmt="" type="1" cycle="0" rightConfirm="-1"/>
    <ALARM id="203" text="34256" help="1867" cmt="" type="1" cycle="0" rightConfirm="-1"/>
    <ALARM id="204" text="34257" help="1867" cmt="" type="1" cycle="0" rightConfirm="-1"/>
    <ALARM id="205" text="34258" help="1867" cmt="" type="1" cycle="0" rightConfirm="-1"/>
    <ALARM id="206" text="34259" help="1867" cmt="" type="1" cycle="0" rightConfirm="-1"/>
    <ALARM id="207" text="34260" help="1867" cmt="" type="1" cycle="0" rightConfirm="-1"/>
    <ALARM id="208" text="34261" help="1867" cmt="" type="1" cycle="0" rightConfirm="-1"/>
    <ALARM id="209" text="34262" help="1867" cmt="" type="1" cycle="0" rightConfirm="-1"/>
    <ALARM id="210" text="34263" help="1867" cmt="" type="1" cycle="0" rightConfirm="-1"/>
    <ALARM id="211" text="34264" help="1867" cmt="" type="1" cycle="0" rightConfirm="-1"/>
    <ALARM id="212" text="34265" help="1867" cmt="" type="1" cycle="0" rightConfirm="-1"/>
    <ALARM id="213" text="34266" help="1867" cmt="" type="1" cycle="0" rightConfirm="-1"/>
    <ALARM id="214" text="34267" help="1867" cmt="" type="1" cycle="0" rightConfirm="-1"/>
    <ALARM id="215" text="34268" help="1867" cmt="" type="1" cycle="0" rightConfirm="-1"/>
    <ALARM id="216" text="34269" help="1867" cmt="" type="1" cycle="0" rightConfirm="-1"/>
    <ALARM id="217" text="34270" help="1867" cmt="" type="1" cycle="0" rightConfirm="-1"/>
    <ALARM id="26" text="34271" help="1867" cmt="" type="1" cycle="0" rightConfirm="-1"/>
    <ALARM id="218" text="34272" help="1867" cmt="" type="1" cycle="0" rightConfirm="-1"/>
    <ALARM id="28" text="34273" help="1867" cmt="" type="1" cycle="0" rightConfirm="-1"/>
    <ALARM id="29" text="34274" help="1867" cmt="" type="1" cycle="0" rightConfirm="-1"/>
    <ALARM id="32" text="34275" help="1867" cmt="" type="1" cycle="0" rightConfirm="-1"/>
    <ALARM id="35" text="34276" help="1867" cmt="" type="1" cycle="0" rightConfirm="-1"/>
    <ALARM id="219" text="34277" help="1867" cmt="" type="1" cycle="0" rightConfirm="-1"/>
    <ALARM id="43" text="34278" help="1867" cmt="" type="1" cycle="0" rightConfirm="-1"/>
    <ALARM id="221" text="34279" help="1867" cmt="" type="1" cycle="0" rightConfirm="-1"/>
    <ALARM id="222" text="34280" help="1867" cmt="" type="1" cycle="0" rightConfirm="-1"/>
    <ALARM id="45" text="34281" help="1867" cmt="" type="1" cycle="0" rightConfirm="-1"/>
    <ALARM id="223" text="34282" help="1867" cmt="" type="1" cycle="0" rightConfirm="-1"/>
    <ALARM id="224" text="34283" help="1867" cmt="" type="1" cycle="0" rightConfirm="-1"/>
    <ALARM id="225" text="34284" help="1867" cmt="" type="1" cycle="0" rightConfirm="-1"/>
    <ALARM id="226" text="34285" help="1867" cmt="" type="1" cycle="0" rightConfirm="-1"/>
    <ALARM id="227" text="34286" help="1867" cmt="" type="1" cycle="0" rightConfirm="-1"/>
    <ALARM id="228" text="34287" help="1867" cmt="" type="1" cycle="0" rightConfirm="-1"/>
    <ALARM id="229" text="34288" help="1867" cmt="" type="1" cycle="0" rightConfirm="-1"/>
    <ALARM id="230" text="34289" help="1867" cmt="" type="0" cycle="0" rightConfirm="-1"/>
    <ALARM id="231" text="34290" help="1867" cmt="" type="0" cycle="0" rightConfirm="-1"/>
    <ALARM id="232" text="34291" help="1867" cmt="" type="1" cycle="0" rightConfirm="-1"/>
    <ALARM id="59" text="34294" help="1867" cmt="" type="1" cycle="0" rightConfirm="-1"/>
    <ALARM id="60" text="34295" help="1867" cmt="" type="1" cycle="0" rightConfirm="-1"/>
    <ALARM id="61" text="34296" help="1867" cmt="" type="1" cycle="0" rightConfirm="-1"/>
    <ALARM id="63" text="34297" help="1867" cmt="" type="1" cycle="0" rightConfirm="-1"/>
    <ALARM id="65" text="34298" help="1867" cmt="" type="1" cycle="0" rightConfirm="-1"/>
    <ALARM id="66" text="34299" help="1867" cmt="" type="1" cycle="0" rightConfirm="-1"/>
    <ALARM id="79" text="34300" help="1867" cmt="" type="1" cycle="0" rightConfirm="-1"/>
    <ALARM id="80" text="34301" help="1867" cmt="" type="1" cycle="0" rightConfirm="-1"/>
    <ALARM id="81" text="34302" help="1867" cmt="" type="1" cycle="0" rightConfirm="-1"/>
    <ALARM id="235" text="34303" help="1867" cmt="" type="1" cycle="0" rightConfirm="-1"/>
    <ALARM id="83" text="34304" help="1867" cmt="" type="1" cycle="0" rightConfirm="-1"/>
    <ALARM id="84" text="34305" help="1867" cmt="" type="1" cycle="0" rightConfirm="-1"/>
    <ALARM id="85" text="34306" help="1867" cmt="" type="1" cycle="0" rightConfirm="-1"/>
    <ALARM id="86" text="34307" help="1867" cmt="" type="1" cycle="0" rightConfirm="-1"/>
    <ALARM id="87" text="34308" help="1867" cmt="" type="1" cycle="0" rightConfirm="-1"/>
    <ALARM id="88" text="34309" help="1867" cmt="" type="1" cycle="0" rightConfirm="-1"/>
    <ALARM id="89" text="34310" help="1867" cmt="" type="1" cycle="0" rightConfirm="-1"/>
    <ALARM id="236" text="34311" help="1867" cmt="" type="1" cycle="0" rightConfirm="-1"/>
    <ALARM id="237" text="34312" help="1867" cmt="" type="1" cycle="0" rightConfirm="-1"/>
    <ALARM id="91" text="34313" help="1867" cmt="" type="1" cycle="0" rightConfirm="-1"/>
    <ALARM id="92" text="34314" help="1867" cmt="" type="1" cycle="0" rightConfirm="-1"/>
    <ALARM id="93" text="34315" help="1867" cmt="" type="1" cycle="0" rightConfirm="-1"/>
    <ALARM id="94" text="34316" help="1867" cmt="" type="1" cycle="0" rightConfirm="-1"/>
    <ALARM id="95" text="34317" help="1867" cmt="" type="1" cycle="0" rightConfirm="-1"/>
    <ALARM id="96" text="34318" help="1867" cmt="" type="1" cycle="0" rightConfirm="-1"/>
    <ALARM id="97" text="34319" help="1867" cmt="" type="1" cycle="0" rightConfirm="-1"/>
    <ALARM id="238" text="34320" help="1867" cmt="" type="1" cycle="0" rightConfirm="-1"/>
    <ALARM id="99" text="34321" help="1867" cmt="" type="1" cycle="0" rightConfirm="-1"/>
    <ALARM id="100" text="34322" help="1867" cmt="" type="1" cycle="0" rightConfirm="-1"/>
    <ALARM id="239" text="34323" help="1867" cmt="" type="1" cycle="0" rightConfirm="-1"/>
    <ALARM id="240" text="34324" help="1867" cmt="" type="1" cycle="0" rightConfirm="-1"/>
    <ALARM id="241" text="34325" help="1867" cmt="" type="1" cycle="0" rightConfirm="-1"/>
    <ALARM id="104" text="34326" help="1867" cmt="" type="1" cycle="0" rightConfirm="-1"/>
    <ALARM id="107" text="34327" help="1867" cmt="" type="1" cycle="0" rightConfirm="-1"/>
    <ALARM id="108" text="34328" help="1867" cmt="" type="1" cycle="0" rightConfirm="-1"/>
    <ALARM id="109" text="34329" help="1867" cmt="" type="1" cycle="0" rightConfirm="-1"/>
    <ALARM id="110" text="34330" help="1867" cmt="" type="1" cycle="0" rightConfirm="-1"/>
    <ALARM id="111" text="34331" help="1867" cmt="" type="1" cycle="0" rightConfirm="-1"/>
    <ALARM id="220" text="34332" help="1867" cmt="" type="1" cycle="0" rightConfirm="-1"/>
    <ALARM id="233" text="34292" help="1867" cmt="" type="1" cycle="0" rightConfirm="-1"/>
    <ALARM id="234" text="34293" help="1867" cmt="" type="1" cycle="0" singleConfirmation="0" rightConfirm="-1"/>
    <ALARM id="9019" text="34358" help="1867" cmt="Timeout Drucker-Kommunikation" type="1" cycle="0" singleConfirmation="0" rightConfirm="-1"/>
    <ALARM id="9020" text="34359" help="1867" cmt="Drucker wartet auf Start" type="1" cycle="0" singleConfirmation="0" rightConfirm="-1"/>
    <ALARM id="9021" text="34360" help="1867" cmt="Warten auf Layout-Wechsel des Druckers" type="1" cycle="0" singleConfirmation="0" rightConfirm="-1"/>
    <ALARM id="9022" text="34363" help="1867" cmt="Warten auf Layout-Laden des Druckers" type="1" cycle="0" singleConfirmation="0" rightConfirm="-1"/>
    <ALARM id="9023" text="34364" help="100001" cmt="Masken-Felder nicht gefunden" type="1" cycle="0" singleConfirmation="0" rightConfirm="-1"/>
    <ALARM id="9024" text="34365" help="100001" cmt="Anzahl der Masken-Felder stimmt nicht überein" type="0" cycle="0" singleConfirmation="0" rightConfirm="-1"/>
    <ALARM id="9025" text="34366" help="100001" cmt="Masken-Feld(er) nicht gefunden" type="0" cycle="0" singleConfirmation="0" rightConfirm="-1"/>
    <ALARM id="9026" text="34367" help="100001" cmt="Format nicht initialisiert" type="0" cycle="0" singleConfirmation="0" rightConfirm="-1"/>
    <ALARM id="9027" text="34368" help="100001" cmt="Format inkompatibel" type="0" cycle="0" singleConfirmation="0" rightConfirm="-1"/>
    <ALARM id="9028" text="34369" help="100001" cmt="Format-Dokument fehlerhaft" type="0" cycle="0" singleConfirmation="0" rightConfirm="-1"/>
    <ALARM id="9029" text="34370" help="100001" cmt="Format-Inhalt fehlerhaft" type="0" cycle="0" singleConfirmation="0" rightConfirm="-1"/>
    <ALARM id="9030" text="34371" help="100001" cmt="Nicht alle Format-Variablen wurden gesetzt" type="0" cycle="0" singleConfirmation="0" rightConfirm="-1"/>
    <ALARM id="40001" text="10523" help="40001" cmt="Vorratsüberwachung Deckfolie" type="1" sig_level="0" cycle="0" single_confirm="0" right_confirm="0" criticalAlarm="0"/>
</ALARMS>
