<?xml version="1.0" encoding="UTF-8"?>
<!DOCTYPE TEXTS SYSTEM "file://localhost/vimacon/dtds/tc2_8/texts.dtd">

<TEXTS>
    <TEXT id="4818" sym="" lang="de" country="">Neuen Verzeichnisnamen eingeben</TEXT>
    <TEXT id="4831" sym="" lang="de" country="">Verzeichnis nicht verfügbar</TEXT>
    <TEXT id="6000" sym="" lang="de" country="">OK</TEXT>
    <TEXT id="6001" sym="" lang="de" country="">Abbrechen</TEXT>
    <TEXT id="6004" sym="" lang="de" country="">Speichern</TEXT>
    <TEXT id="8084" sym="" lang="de" country="">Ja</TEXT>
    <TEXT id="8154" sym="" lang="de" country="">Nein</TEXT>
    <TEXT id="8545" sym="" lang="de" country="">Dateiauswahl</TEXT>
    <TEXT id="8546" sym="" lang="de" country="">Dateiname</TEXT>
    <TEXT id="8547" sym="" lang="de" country="">Grösse</TEXT>
    <TEXT id="8548" sym="" lang="de" country="">Letzte Änderung</TEXT>
    <TEXT id="8549" sym="" lang="de" country="">Ziellaufwerk existiert nicht!</TEXT>
    <TEXT id="8550" sym="" lang="de" country="">Quelldatei existiert nicht!</TEXT>
    <TEXT id="8551" sym="" lang="de" country="">Datei löschen</TEXT>
    <TEXT id="8552" sym="" lang="de" country="">Verzeichnis löschen</TEXT>
    <TEXT id="8553" sym="" lang="de" country="">Sind Sie sicher?</TEXT>
    <TEXT id="8554" sym="" lang="de" country="">Kopieren</TEXT>
    <TEXT id="8555" sym="" lang="de" country="">Von:</TEXT>
    <TEXT id="8556" sym="" lang="de" country="">Nach:</TEXT>
    <TEXT id="9038" sym="" lang="de" country="">Parameter</TEXT>
    <TEXT id="9388" sym="" lang="de" country="">Benutzername</TEXT>
    <TEXT id="9389" sym="" lang="de" country="">Kennwort</TEXT>
    <TEXT id="11638" sym="" lang="de" country="">Modus:</TEXT>
    <TEXT id="12452" sym="" lang="de" country="">Einstellung</TEXT>
    <TEXT id="16702" sym="" lang="de" country="">Daten erfolgreich kopiert.</TEXT>
    <TEXT id="16718" sym="" lang="de" country="">Auf das ausgewählte Laufwerk kann nicht zugegriffen werden.</TEXT>
    <TEXT id="20385" sym="" lang="de" country="">Zielverzeichnis existiert nicht. Jetzt anlegen?</TEXT>
    <TEXT id="20386" sym="" lang="de" country="">Quelldatei: Zugriff auf Systemdatei verweigert</TEXT>
    <TEXT id="20387" sym="" lang="de" country="">Zielverzeichnis: Zugriff auf Systemverzeichnis verweigert.</TEXT>
    <TEXT id="20388" sym="" lang="de" country="">Datei existiert bereits. Jetzt überschreiben?</TEXT>
    <TEXT id="20389" sym="" lang="de" country="">Kopiervorgang fehlgeschlagen</TEXT>
    <TEXT id="20390" sym="" lang="de" country="">alt</TEXT>
    <TEXT id="20391" sym="" lang="de" country="">neu</TEXT>
    <TEXT id="20784" sym="" lang="de" country="">Schließen</TEXT>
    <TEXT id="20809" sym="" lang="de" country="">Konfiguration speichern</TEXT>
    <TEXT id="20822" sym="" lang="de" country="">Modus umsch.</TEXT>
    <TEXT id="21697" sym="" lang="de" country="">Kunden Einstellungen</TEXT>
    <TEXT id="28640" sym="" lang="de" country="">Datei speichern</TEXT>
    <TEXT id="28641" sym="" lang="de" country="">Datei öffnen</TEXT>
    <TEXT id="28642" sym="" lang="de" country="">Verzeichnis wählen</TEXT>
    <TEXT id="28691" sym="" lang="de" country="">Datei existiert bereits und darf nicht überschrieben werden.</TEXT>
    <TEXT id="28715" sym="" lang="de" country="">Bitte warten. Verbinde Netzlaufwerk:</TEXT>
    <TEXT id="28716" sym="" lang="de" country="">Ihre Berechtigungen für:</TEXT>
    <TEXT id="28717" sym="" lang="de" country="">Ordner erstellen</TEXT>
    <TEXT id="28718" sym="" lang="de" country="">Dateien löschen</TEXT>
    <TEXT id="28719" sym="" lang="de" country="">Ordner löschen</TEXT>
    <TEXT id="28720" sym="" lang="de" country="">Ordner öffnen</TEXT>
    <TEXT id="28721" sym="" lang="de" country="">Dateien überschreiben</TEXT>
    <TEXT id="28724" sym="" lang="de" country="">Level</TEXT>
    <TEXT id="28725" sym="" lang="de" country="">Verzeichnis</TEXT>
    <TEXT id="28735" sym="" lang="de" country="">Konfigurationsname</TEXT>
    <TEXT id="28736" sym="" lang="de" country="">Es muss mindestens ein Level ausgewählt werden.</TEXT>
    <TEXT id="28737" sym="" lang="de" country="">Ungültiger Parameter</TEXT>
    <TEXT id="28738" sym="" lang="de" country="">Es besteht bereits eine Konfiguration für diesen Pfad</TEXT>
    <TEXT id="28739" sym="" lang="de" country="">Diese Konfiguration wurde von Uhlmann erzeugt und kann nicht gelöscht werden. Sollen die Werte stattessen auf die Standard-Werte zurückgesetzt werden?</TEXT>
    <TEXT id="28740" sym="" lang="de" country="">Wollen Sie %1 wirklich löschen?</TEXT>
    <TEXT id="28741" sym="" lang="de" country="">Eingegebener Wert ist ungültig</TEXT>
    <TEXT id="28748" sym="" lang="de" country="">Ganzen Ordner kopieren</TEXT>
    <TEXT id="28751" sym="" lang="de" country="">Ausgewählte Datei kopieren</TEXT>
    <TEXT id="28764" sym="" lang="de" country="">Der Zielordner darf nicht gleich dem Quellordner sein!</TEXT>
    <TEXT id="28765" sym="" lang="de" country="">Der Zielordner darf nicht innerhalb des Quellordners sein!</TEXT>
    <TEXT id="28766" sym="" lang="de" country="">Bitte wählen sie einen gültigen Order aus.</TEXT>
    <TEXT id="28781" sym="" lang="de" country="">Sie haben keine Berechtigung Unterordner zu erstellen. Soll der Kopiervorgang ohne Unterordner gestartet werden?</TEXT>
    <TEXT id="28792" sym="" lang="de" country="">Untersuche Dateien</TEXT>
    <TEXT id="28814" sym="" lang="de" country="">Es existieren bereits zu kopierende Dateien im Zielverzeichnis. Sollen diese Überschrieben werden?</TEXT>
    <TEXT id="28816" sym="" lang="de" country="">Es existieren bereits zu kopierende Dateien im Zielverzeichnis. Diese Dateien werden nicht kopiert!</TEXT>
    <TEXT id="28828" sym="" lang="de" country="">Kopiere Datei</TEXT>
    <TEXT id="28829" sym="" lang="de" country="">%1 Dateien kopiert</TEXT>
    <TEXT id="28830" sym="" lang="de" country="">%1 Dateien übersprungen</TEXT>
    <TEXT id="28857" sym="" lang="de" country="">Der eingegebene Pfad ist nicht erreichbar. Trotzdem speichern?</TEXT>
</TEXTS>
