<?xml version="1.0" encoding="UTF-8"?>
<!DOCTYPE TEXTS SYSTEM "file://localhost/vimacon/dtds/tc2_8/texts.dtd">

<TEXTS>
    <TEXT id="9020" sym="" lang="de" country="">Import</TEXT>
    <TEXT id="9021" sym="" lang="de" country="">Export</TEXT>
    <TEXT id="20788" sym="" lang="de" country="">Datenbank Sicherungsverzeichnis</TEXT>
    <TEXT id="30329" sym="" lang="de" country="">USB-Laufwerk</TEXT>
    <TEXT id="30330" sym="" lang="de" country="">CD-Laufwerk</TEXT>
    <TEXT id="32768" sym="" lang="de" country="">Temporäre Daten</TEXT>
</TEXTS>
