<?xml version="1.0" encoding="UTF-8"?>
<!DOCTYPE TEXTS SYSTEM "file://localhost/vimacon/dtds/tc2_8/texts.dtd">

<TEXTS>
    <TEXT id="8594" sym="" lang="de" country="">Strg</TEXT>
    <TEXT id="8595" sym="" lang="de" country="">Umschalt</TEXT>
    <TEXT id="8596" sym="" lang="de" country="">Einf</TEXT>
    <TEXT id="8597" sym="" lang="de" country="">Entf</TEXT>
    <TEXT id="8598" sym="" lang="de" country="">AltGr</TEXT>
    <TEXT id="8599" sym="" lang="de" country="">OK</TEXT>
    <TEXT id="8600" sym="" lang="de" country="">Abbrechen</TEXT>
    <TEXT id="9034" sym="" lang="de" country="">Min.</TEXT>
    <TEXT id="9035" sym="" lang="de" country="">Wert</TEXT>
    <TEXT id="9036" sym="" lang="de" country="">Max.</TEXT>
    <TEXT id="9037" sym="" lang="de" country="">Exit</TEXT>
</TEXTS>
