<?xml version="1.0" encoding="UTF-8"?>
<!DOCTYPE TEXTS SYSTEM "file://localhost/vimacon/dtds/tc2_8/texts.dtd">

<TEXTS>
    <TEXT id="6001" sym="" lang="de" country="">Abbrechen</TEXT>
    <TEXT id="9311" sym="" lang="de" country="">Unbekannter Benutzername oder falsches Kennwort.</TEXT>
    <TEXT id="9413" sym="" lang="de" country="">Hinweis: Die Aktion wurde unterschrieben von dem Benutzer &lt;</TEXT>
    <TEXT id="9414" sym="" lang="de" country="">Elektronische Signatur</TEXT>
    <TEXT id="9415" sym="" lang="de" country="">Benutzerverifikation fehlgeschlagen oder Signaturberechtigung nicht vorhanden.</TEXT>
    <TEXT id="9416" sym="" lang="de" country="">Sie haben nicht die notwendige Berechtigung zum Durchführen dieser Aktion.</TEXT>
    <TEXT id="9418" sym="" lang="de" country="">Benutzername</TEXT>
    <TEXT id="9419" sym="" lang="de" country="">Kennwort</TEXT>
    <TEXT id="9420" sym="" lang="de" country="">Signieren</TEXT>
    <TEXT id="22406" sym="" lang="de" country="">Kommentar</TEXT>
    <TEXT id="30460" sym="" lang="de" country="">Eine weitere Person muss die Aktion unterschreiben.</TEXT>
    <TEXT id="30461" sym="" lang="de" country="">Erste und zweite Unterschrift waren identlisch. Bitte wiederholen Sie die zweite Eingabe mit einem anderen Benutzer.</TEXT>
</TEXTS>
