<?xml version="1.0" encoding="UTF-8"?>
<!DOCTYPE TEXTS SYSTEM "file://localhost/vimacon/dtds/tc2_8/texts.dtd">

<TEXTS>
    <TEXT id="9020" sym="" lang="en" country="">Import</TEXT>
    <TEXT id="9021" sym="" lang="en" country="">Export</TEXT>
    <TEXT id="20788" sym="" lang="en" country="">Database backup directory</TEXT>
    <TEXT id="30329" sym="" lang="en" country="">USB drive</TEXT>
    <TEXT id="30330" sym="" lang="en" country="">CD drive</TEXT>
    <TEXT id="32768" sym="" lang="en" country="">Temporary data</TEXT>
</TEXTS>
