<?xml version="1.0" encoding="UTF-8"?>
<!DOCTYPE TEXTS SYSTEM "file://localhost/vimacon/dtds/tc2_8/texts.dtd">

<TEXTS>
    <TEXT id="4818" sym="" lang="en" country="">Enter name of new directory</TEXT>
    <TEXT id="4831" sym="" lang="en" country="">Folder nor available</TEXT>
    <TEXT id="6000" sym="" lang="en" country="">OK</TEXT>
    <TEXT id="6001" sym="" lang="en" country="">Cancel</TEXT>
    <TEXT id="6004" sym="" lang="en" country="">Save</TEXT>
    <TEXT id="8084" sym="" lang="en" country="">Yes</TEXT>
    <TEXT id="8154" sym="" lang="en" country="">No</TEXT>
    <TEXT id="8545" sym="" lang="en" country="">File selection</TEXT>
    <TEXT id="8546" sym="" lang="en" country="">Filename</TEXT>
    <TEXT id="8547" sym="" lang="en" country="">Size</TEXT>
    <TEXT id="8548" sym="" lang="en" country="">Last change</TEXT>
    <TEXT id="8549" sym="" lang="en" country="">Destination drive doesn't exist!</TEXT>
    <TEXT id="8550" sym="" lang="en" country="">Source file doesn't exist!</TEXT>
    <TEXT id="8551" sym="" lang="en" country="">Delete file</TEXT>
    <TEXT id="8552" sym="" lang="en" country="">Delete directory</TEXT>
    <TEXT id="8553" sym="" lang="en" country="">Are you sure?</TEXT>
    <TEXT id="8554" sym="" lang="en" country="">Copy</TEXT>
    <TEXT id="8555" sym="" lang="en" country="">From:</TEXT>
    <TEXT id="8556" sym="" lang="en" country="">To:</TEXT>
    <TEXT id="9038" sym="" lang="en" country="">Parameter</TEXT>
    <TEXT id="9388" sym="" lang="en" country="">User name</TEXT>
    <TEXT id="9389" sym="" lang="en" country="">Password</TEXT>
    <TEXT id="11638" sym="" lang="en" country="">Mode :</TEXT>
    <TEXT id="12452" sym="" lang="en" country="">Setting</TEXT>
    <TEXT id="16702" sym="" lang="en" country="">Data was copied successfully.</TEXT>
    <TEXT id="16718" sym="" lang="en" country="">The selected drive is not available.</TEXT>
    <TEXT id="20385" sym="" lang="en" country="">Destination directory doesn't exist. Create now?</TEXT>
    <TEXT id="20386" sym="" lang="en" country="">Source file: Access to systemfile denied</TEXT>
    <TEXT id="20387" sym="" lang="en" country="">Destination directory: Access to system directory denied</TEXT>
    <TEXT id="20388" sym="" lang="en" country="">File is already existing. Overwrite now?</TEXT>
    <TEXT id="20389" sym="" lang="en" country="">Copy process aborted</TEXT>
    <TEXT id="20390" sym="" lang="en" country="">old</TEXT>
    <TEXT id="20391" sym="" lang="en" country="">new</TEXT>
    <TEXT id="20784" sym="" lang="en" country="">Close</TEXT>
    <TEXT id="20809" sym="" lang="en" country="">Save Configuration</TEXT>
    <TEXT id="20822" sym="" lang="en" country="">Change Mode</TEXT>
    <TEXT id="21697" sym="" lang="en" country="">Customer settings</TEXT>
    <TEXT id="28640" sym="" lang="en" country="">Save file</TEXT>
    <TEXT id="28641" sym="" lang="en" country="">Open file</TEXT>
    <TEXT id="28642" sym="" lang="en" country="">Choose folder</TEXT>
    <TEXT id="28691" sym="" lang="en" country="">File already exists and may not be overwritten.</TEXT>
    <TEXT id="28715" sym="" lang="en" country="">Please wait. Connecting network drive:</TEXT>
    <TEXT id="28716" sym="" lang="en" country="">Your permissions for:</TEXT>
    <TEXT id="28717" sym="" lang="en" country="">Create folder</TEXT>
    <TEXT id="28718" sym="" lang="en" country="">Delete files</TEXT>
    <TEXT id="28719" sym="" lang="en" country="">Delete folder</TEXT>
    <TEXT id="28720" sym="" lang="en" country="">Open folder</TEXT>
    <TEXT id="28721" sym="" lang="en" country="">Overwrite files</TEXT>
    <TEXT id="28724" sym="" lang="en" country="">Level</TEXT>
    <TEXT id="28725" sym="" lang="en" country="">Folder</TEXT>
    <TEXT id="28735" sym="" lang="en" country="">Configuration name</TEXT>
    <TEXT id="28736" sym="" lang="en" country="">At least one level must be checked.</TEXT>
    <TEXT id="28737" sym="" lang="en" country="">Invalid parameter</TEXT>
    <TEXT id="28738" sym="" lang="en" country="">A configuration for this folder already exists</TEXT>
    <TEXT id="28739" sym="" lang="en" country="">This configuration was created by Uhlmann and can not be deleted. Reset values to their default values instead?</TEXT>
    <TEXT id="28740" sym="" lang="en" country="">Do you realy want to delete %1?</TEXT>
    <TEXT id="28741" sym="" lang="en" country="">Entered value is not valid</TEXT>
    <TEXT id="28748" sym="" lang="en" country="">Copy whole folder</TEXT>
    <TEXT id="28751" sym="" lang="en" country="">Copy selected file</TEXT>
    <TEXT id="28764" sym="" lang="en" country="">The targed folder mustn't be the same folder like the source folder!</TEXT>
    <TEXT id="28765" sym="" lang="en" country="">The target folder mustn't be a part of the source folder!</TEXT>
    <TEXT id="28766" sym="" lang="en" country="">Please select a valid folder!</TEXT>
    <TEXT id="28781" sym="" lang="en" country="">You haven't the permissions to create subfolders. Start copy without subfolders?</TEXT>
    <TEXT id="28792" sym="" lang="en" country="">Checking files</TEXT>
    <TEXT id="28814" sym="" lang="en" country="">Files that are selected to copy already exists at target folder. Overwrite them?</TEXT>
    <TEXT id="28816" sym="" lang="en" country="">Files that are selected to copy already exists at target folder. Those files won't be copied!</TEXT>
    <TEXT id="28828" sym="" lang="en" country="">Copying file</TEXT>
    <TEXT id="28829" sym="" lang="en" country="">%1 files copied</TEXT>
    <TEXT id="28830" sym="" lang="en" country="">%1 files skipped</TEXT>
    <TEXT id="28857" sym="" lang="en" country="">The entered path is not accessible. Save anyway?</TEXT>
</TEXTS>
