<?xml version="1.0" encoding="UTF-8"?>
<!DOCTYPE TEXTS SYSTEM "file://localhost/vimacon/dtds/tc2_8/texts.dtd">

<TEXTS>
    <TEXT id="8594" sym="" lang="en" country="">Ctrl</TEXT>
    <TEXT id="8595" sym="" lang="en" country="">Shift</TEXT>
    <TEXT id="8596" sym="" lang="en" country="">Ins</TEXT>
    <TEXT id="8597" sym="" lang="en" country="">Del</TEXT>
    <TEXT id="8598" sym="" lang="en" country="">AltGr</TEXT>
    <TEXT id="8599" sym="" lang="en" country="">OK</TEXT>
    <TEXT id="8600" sym="" lang="en" country="">Cancel</TEXT>
    <TEXT id="9034" sym="" lang="en" country="">Min.</TEXT>
    <TEXT id="9035" sym="" lang="en" country="">Value</TEXT>
    <TEXT id="9036" sym="" lang="en" country="">Max.</TEXT>
    <TEXT id="9037" sym="" lang="en" country="">Exit</TEXT>
</TEXTS>
