<?xml version="1.0" encoding="UTF-8"?>
<!DOCTYPE TEXTS SYSTEM "file://localhost/vimacon/dtds/tc2_8/texts.dtd">

<TEXTS>
    <TEXT id="6001" sym="" lang="en" country="">Cancel</TEXT>
    <TEXT id="9311" sym="" lang="en" country="">Unknown user name or bad password.</TEXT>
    <TEXT id="9413" sym="" lang="en" country="">The action was signed by the user &lt;</TEXT>
    <TEXT id="9414" sym="" lang="en" country="">Electronic Signature</TEXT>
    <TEXT id="9415" sym="" lang="en" country="">User verification failed or you have no signature authorization.</TEXT>
    <TEXT id="9416" sym="" lang="en" country="">You are not authorized to perform this action.</TEXT>
    <TEXT id="9418" sym="" lang="en" country="">User name</TEXT>
    <TEXT id="9419" sym="" lang="en" country="">Password</TEXT>
    <TEXT id="9420" sym="" lang="en" country="">Sign</TEXT>
    <TEXT id="22406" sym="" lang="en" country="">Comment</TEXT>
    <TEXT id="30460" sym="" lang="en" country="">Another person must sign the action.</TEXT>
    <TEXT id="30461" sym="" lang="en" country="">Second signature was the same like the first one. Please repeat second signature with another user.</TEXT>
</TEXTS>
