<?xml version="1.0" encoding="UTF-8"?>

<!DOCTYPE TEXTS SYSTEM "file://localhost/vimacon/dtds/tc2_8/texts.dtd">

<TEXTS>
    <TEXT id="12311" lang="de" country="DEU">SIMTAP - Zuführung</TEXT>
    <TEXT id="10997" sym="" lang="de" country="DEU">DAUERBETRIEB</TEXT>
    <TEXT id="8331" sym="" lang="de" country="DEU">Zuführung</TEXT>
    <TEXT id="30325" sym="" lang="de" country="DEU">Signalqualität</TEXT>
    <TEXT id="30326" sym="" lang="de" country="DEU">Status Synchronisation Simtap III</TEXT>
    <TEXT id="30328" sym="" lang="de" country="DEU">Status Synchronisation Maschine</TEXT>
    <TEXT id="7176" sym="" lang="de" country="DEU">Automatik</TEXT>
    <TEXT id="9029" sym="" lang="de" country="DEU">Aus</TEXT>
    <TEXT id="29971" sym="" lang="de" country="DEU">Simtap III - Zuführung</TEXT>
    <TEXT id="12271" sym="" lang="de" country="DEU">Trichterauslauf</TEXT>
    <TEXT id="12483" sym="" lang="de" country="DEU">Füllguteinlaufplatte</TEXT>
    <TEXT id="12550" sym="" lang="de" country="DEU">Füllrohre</TEXT>
    <TEXT id="7262" sym="" lang="de" country="DEU">mm</TEXT>
    <TEXT id="8948" sym="" lang="de" country="DEU">Absperrgehäuse</TEXT>
    <TEXT id="8949" sym="" lang="de" country="DEU">Füllschuhhalteplatte</TEXT>
    <TEXT id="8951" sym="" lang="de" country="DEU">Füllschuh</TEXT>
    <TEXT id="13498" sym="" lang="de" country="DEU">Füllrohre (Anzahl)</TEXT>
    <TEXT id="13640" sym="" lang="de" country="DEU">Lochblech</TEXT>
    <TEXT id="31939" sym="" lang="de" country="DEU">Bruchausscheidung</TEXT>
    <TEXT id="13385" sym="" lang="de" country="DEU">Sortierplatte</TEXT>
    <TEXT id="29684" sym="" lang="de" country="DEU">Simtap III</TEXT>
    <TEXT id="9028" sym="" lang="de" country="DEU">Ein</TEXT>
    <TEXT id="12588" sym="" lang="de" country="DEU">Pos. Simtapzuführung</TEXT>
    <TEXT id="34194" sym="" lang="de" country="DEU">Zusatzfunktion Anschluss 2/3</TEXT>
    <TEXT id="34195" sym="" lang="de" country="DEU">Zusatzfunktion Anschluss 5/6</TEXT>
    <TEXT id="10043" sym="" lang="de" country="DEU">bar</TEXT>
    <TEXT id="11797" sym="" lang="de" country="DEU">Produkte entfernen</TEXT>
</TEXTS>

