<?xml version="1.0" encoding="UTF-8"?>

<!DOCTYPE TEXTS SYSTEM "file://localhost/vimacon/dtds/tc2_8/texts.dtd">

<TEXTS>
    <TEXT id="12311" lang="en" country="USA">SIMTAP feeder</TEXT>
    <TEXT id="10997" sym="" lang="en" country="USA">CONT. OPER.</TEXT>
    <TEXT id="8331" sym="" lang="en" country="USA">Feeder</TEXT>
    <TEXT id="30325" sym="" lang="en" country="USA">Signal quality</TEXT>
    <TEXT id="30326" sym="" lang="en" country="USA">State synchronization Simtap III</TEXT>
    <TEXT id="30328" sym="" lang="en" country="USA">State synchronization machine</TEXT>
    <TEXT id="12271" sym="" lang="en" country="USA">Hopper outlet</TEXT>
    <TEXT id="12483" sym="" lang="en" country="USA">Product infeed plate</TEXT>
    <TEXT id="12550" sym="" lang="en" country="USA">Fill tubes</TEXT>
    <TEXT id="8948" sym="" lang="en" country="USA">shut off housing</TEXT>
    <TEXT id="8949" sym="" lang="en" country="USA">manifold retaining plate</TEXT>
    <TEXT id="8951" sym="" lang="en" country="USA">manifold</TEXT>
    <TEXT id="13498" sym="" lang="en" country="USA">Fill tubes (number)</TEXT>
    <TEXT id="13640" sym="" lang="en" country="USA">Perforated plate</TEXT>
    <TEXT id="31939" sym="" lang="en" country="USA">Breakage reject</TEXT>
    <TEXT id="13385" sym="" lang="en" country="USA">Sorting plate</TEXT>
    <TEXT id="7176" sym="" lang="en" country="USA">Automatic</TEXT>
    <TEXT id="29684" sym="" lang="en" country="USA">Simtap III</TEXT>
    <TEXT id="12588" sym="" lang="en" country="USA">Position SIMTAP feeder</TEXT>
    <TEXT id="11797" sym="" lang="en" country="USA">Remove products</TEXT>
</TEXTS>

