<?xml version='1.0' encoding="UTF-8" ?>
<?xml-stylesheet type='text/xsl' href="file://C:/vimacon/stylesheets/vico/almanach.xsl" ?>


<HISTORY module="CounterView_BLM" company="Uhlmann" author="J. Preusch kopiert von 3.42" created="2009-04-01">
    <DESC lang="de">Anzeige der Statistik Gut- und (Gesamt)Schlechtzähler </DESC>
    <DESC lang="en">View of statistics overall good- and bad-counter</DESC>
    <RECORD type="vico_generated" user="preusch" timestamp="1238601154" date="2009-04-01T17:52:34">
        <USER_COMMENT user="preusch" date="2009-04-01T17:52:34">Initial Module Document Generated by Vico Module Management System</USER_COMMENT>
        <MACHINE name="B1880 139/307" serialno="139/307" version="3.50" kind="BLM" type="B1880" subtype="MTK"/>
        <MODDESC kind="" version="3.50.0"/>
    </RECORD>
</HISTORY>

