<?xml version="1.0" encoding="ISO-8859-1"?>
<!DOCTYPE EQUIPMENT SYSTEM "file://localhost/vimacon/dtds/tc3_0/equipment.dtd">

<EQUIPMENT name="Pallet_LLS540" id="20" text="41395" pingInterval="15000" bootIndex="6" commandLine="c:\pm2004\bin\tc\prog\Pallet_LLS540\VDMASock.exe,c:\pm2004\bin\tc\prog\Pallet_LLS540,Pallet_LLS540,Pallet_LLS540" configPath="\bin\tc\prog\Pallet_LLS540\config">
    <BASE_CONF activated="1" class="79" ifDevice="192.168.80.20" format="Pallet_LLS540_FormatData" formatLoadLock="Pallet_LLS540_FormatLoadLock" stateFormatProgress="Pallet_LLS540_FormatProgress" fdsDeviceInit="FDS_DeviceInit" fdsChangeNotification="FDS_ChangeNotification" errorSet="Pallet_LLS540_ErrorReport" errorReset="Pallet_LLS540_ErrorReset" timeoutWrite="10"/>
    <DRIVER_CONF>
        <connection>
            <deviceIpAdr>localhost</deviceIpAdr>
        </connection>
        <simulation>
            <startSimulationMode>2</startSimulationMode>
        </simulation>
        <driverVariables>
            <deviceFormatProgress>LoadFormatProgress</deviceFormatProgress>
            <ServerState>VDMA_ServerStatus</ServerState>
            <statusConnected>connection to wt-device established</statusConnected>
            <deviceReferenceProgress>LoadReferenceProgress</deviceReferenceProgress>
            <atsTimeout>30000</atsTimeout>
            <fdsTimeout>120000</fdsTimeout>
            <deviceTimeout>60000</deviceTimeout>
            <watchDogFromPLC>5000</watchDogFromPLC>
            <watchDog>5000</watchDog>
            <formelDll>c:\pm2004\bin\tc\prog\formel.dll</formelDll>
            <tcVarToSubscribe/>
        </driverVariables>
    </DRIVER_CONF>
    <DEVICE_ERRORS>
        <errorVarUnknown>9006</errorVarUnknown>
        <errorNoValidData>9010</errorNoValidData>
        <errorWriteFailed>35000</errorWriteFailed>
        <errorInternal>98</errorInternal>
        <errorNoDefaultFormatdata>9012</errorNoDefaultFormatdata>
        <errorConfiguration>9013</errorConfiguration>
        <errorWriteSimulationMode>97</errorWriteSimulationMode>
        <errorDeviceCommunication>99</errorDeviceCommunication>
        <errorLNSetup>9014</errorLNSetup>
    </DEVICE_ERRORS>
    <!-- Do not change order. VDMA_Server needs special order -->
    <VDMA_SERVER>
        <Application>
            <Name>Pallet LLS540</Name>
            <Protocol>v1.1.1</Protocol>
            <Device>
                <iBox-LLS540>
                    <Connection>
                        <Port type="API">31712</Port>
                    </Connection>
                    <AuditTrail>
                        <Package>true</Package>
                        <Acknowledge>true</Acknowledge>
                        <ResendTime>5000</ResendTime>
                    </AuditTrail>
                </iBox-LLS540>
            </Device>
        </Application>
    </VDMA_SERVER>
    <CODETYPE_Conf>
        <CODETYPE type="0" cmt="CodaBar" text="19925" inputEditor="1"/>
        <CODETYPE type="1" cmt="Code39" text="19926" inputEditor="1"/>
        <CODETYPE type="2" cmt="UPC" text="19927" inputEditor="1"/> 
        <CODETYPE type="3" cmt="EAN" text="19928" inputEditor="1"/>
        <CODETYPE type="4" cmt="2/5 Interleaved" text="19929" inputEditor="1"/>
        <CODETYPE type="5" cmt="MSI" text="19930" inputEditor="1"/>
        <CODETYPE type="6" cmt="Code93" text="19931" inputEditor="1"/>
        <CODETYPE type="7" cmt="Code128" text="19932" inputEditor="1"/>
        <CODETYPE type="8" cmt="Pharmacode" text="19923" inputEditor="0"/>
    </CODETYPE_Conf>
    <PV_CONF>
        <EPVS>
            <TC_VAR NAME="VDMA_ServerStatus" TEXTID="0" TYPE="DWORD" COMMENT="VDMA server state" AUDITTRAIL="0" ADRESSSTR="ServerStatus" READ_WRITE="0" ARRAYELEM="1" FORMAT="0" CHANGEVALUE="0" FORMELTODEVICE="" FORMELTOBROKER=""/>
            <TC_VAR NAME="Pallet_LLS540_FormatLoadLock" TEXTID="0" TYPE="DWORD" COMMENT="Format load lock" AUDITTRAIL="0" ADRESSSTR="" READ_WRITE="0" ARRAYELEM="1" FORMAT="0" CHANGEVALUE="0" FORMELTODEVICE="" FORMELTOBROKER=""/>
        </EPVS>
    </PV_CONF>
</EQUIPMENT>
