<?xml version="1.0" encoding="UTF-8"?>
<!DOCTYPE TEXTS SYSTEM "file://localhost/vimacon/dtds/tc2_8/texts.dtd">

<TEXTS>
  <TEXT id="5" sym="" lang="en" country="">Device</TEXT>
  <TEXT id="6" sym="" lang="en" country="">Number</TEXT>
  <TEXT id="9409" sym="" lang="en" country="">This is your legally binding signature for the following action:</TEXT>
  <TEXT id="9416" sym="" lang="en" country="">You are not authorized to perform this action.</TEXT>
  <TEXT id="11680" sym="" lang="en" country="">Name</TEXT>
  <TEXT id="12000" sym="" lang="en" country="">Type</TEXT>
  <TEXT id="22466" sym="" lang="en" country="">State</TEXT>
  <TEXT id="30601" sym="" lang="en" country="">Ping all</TEXT>
  <TEXT id="30602" sym="" lang="en" country="">Node</TEXT>
  <TEXT id="30603" sym="" lang="en" country="">Node active</TEXT>
  <TEXT id="30604" sym="" lang="en" country="">Guard state</TEXT>
  <TEXT id="30605" sym="" lang="en" country="">Ping</TEXT>
  <TEXT id="30606" sym="" lang="en" country="">send</TEXT>
  <TEXT id="30607" sym="" lang="en" country="">CAN Diagnostics</TEXT>
  <TEXT id="30608" sym="" lang="en" country="">Working Table</TEXT>
  <TEXT id="30642" sym="" lang="en" country="">CAN bus state</TEXT>
  <TEXT id="30668" sym="" lang="en" country="">Show all</TEXT>
  <TEXT id="30669" sym="" lang="en" country="">Show errors</TEXT>
  <TEXT id="30670" sym="" lang="en" country="">Restart CAN-Bus</TEXT>
  <TEXT id="30736" sym="" lang="en" country="">change</TEXT>
  <TEXT id="30894" sym="" lang="en" country="">Show disabled</TEXT>
	<TEXT id="32141" sym="" lang="en" country="">Module</TEXT>
  <TEXT id="32608" sym="" lang="en" country="">This function is not available.</TEXT>
</TEXTS>

