<?xml version="1.0" encoding="UTF-8"?>
<!DOCTYPE PPVS SYSTEM "file://localhost/vimacon/dtds/tc3_0/ppvs.dtd">

<PPVS>
    <PPV name="FF_PinHole_SWI_MSR_PinHole_Active" varTxt="13706" cmt="MSR_Risserkennung_FF_EIN_AUS" kind="" dataType="" fmtSvr="format" procCat="" protTxt="0" protCat="" fmtTxt="0" fmtCat="1" validate="1" sign="0" protocol="1" unit="">0</PPV>
    <PPV name="FF_PinHole_CON_MSR_PinHole_Section" varTxt="12782" cmt="MSR_Risserkennung_FF_Strecke" kind="" dataType="" fmtSvr="format" procCat="" protTxt="0" protCat="" fmtTxt="0" fmtCat="1" validate="1" sign="0" protocol="1" unit="" min="2.0" max="486.0" deadband="">2.0</PPV>
    <PPV name="FF_PinHole_CON_MSR_PinHole_OffsetPlus" varTxt="12783" cmt="MSR_Risserkennung_FF_Offset+" kind="" dataType="" fmtSvr="format" procCat="" protTxt="0" protCat="" fmtTxt="0" fmtCat="1" validate="1" sign="0" protocol="1" unit="" min="0.0" max="25.0" deadband="">0.0</PPV>
    <PPV name="FF_PinHole_CON_MSR_PinHole_OffsetMinus" varTxt="12784" cmt="MSR_Risserkennung_FF_Offset-" kind="" dataType="" fmtSvr="format" procCat="" protTxt="0" protCat="" fmtTxt="0" fmtCat="1" validate="1" sign="0" protocol="1" unit="" min="0.0" max="25.0" deadband="">0.0</PPV>
    <PPV name="FF_PinHole_CON_MSR_PinHole_SerialError" varTxt="12788" cmt="MSR_Risserkennung_FF_Serienfehler" kind="" dataType="" fmtSvr="format" procCat="" protTxt="0" protCat="" fmtTxt="0" fmtCat="1" validate="1" sign="0" protocol="1" unit="" min="0.0" max="255.0" deadband="">0.0</PPV>
    <PPV name="FF_PinHole_CON_MSR_PinHole_I_SerialError" varTxt="32909" cmt="Zählung Risserkennung FF" kind="" dataType="" fmtSvr="" procCat="" protTxt="0" protCat="" fmtTxt="0" fmtCat="1" validate="0" sign="0" protocol="0" unit=""/>
    <PPV name="FF_PinHole_I_StatCount_PinHole" varTxt="16366" cmt="Statistikzähler Folienriss" kind="" dataType="" fmtSvr="" procCat="" protTxt="0" protCat="" fmtTxt="0" fmtCat="1" validate="0" sign="0" protocol="0" unit="" pdaArrayIndex="22" pdaCounterType="3"/>
</PPVS>
