<?xml version="1.0" encoding="ISO-8859-1"?>
<!DOCTYPE EPVS SYSTEM "file://localhost/vimacon/dtds/tc3_0/epvs.dtd">

<EPVS>
    <EPV name="STapIII_SET_SIMTAP" item="" address="" rwu="0" cmt="" type="STRING" dsunit="" changeValue="0" size="1"/>
    <EPV name="STapIII_SET_SortingPlate" item="" address="" rwu="0" cmt="" type="STRING" dsunit="" changeValue="0" size="1"/>
    <EPV name="STapIII_SET_ProductInfeedPlate" item="" address="" rwu="0" cmt="" type="STRING" dsunit="" changeValue="0" size="1"/>
    <EPV name="STapIII_SET_ShutOffHousing" item="" address="" rwu="0" cmt="" type="STRING" dsunit="" changeValue="0" size="1"/>
    <EPV name="STapIII_SET_Manifold" item="" address="" rwu="0" cmt="" type="STRING" dsunit="" changeValue="0" size="1"/>
    <EPV name="STapIII_SET_ManifoldRetainingPlate" item="" address="" rwu="0" cmt="" type="STRING" dsunit="" changeValue="0" size="1"/>
    <EPV name="STapIII_SET_FillTubes" item="" address="" rwu="0" cmt="" type="STRING" dsunit="" changeValue="0" size="1"/>
    <EPV name="STapIII_SET_NumberFillTubes" item="" address="" rwu="0" cmt="" type="STRING" dsunit="" changeValue="0" size="1"/>
    <EPV name="STapIII_SET_HopperOutlet" item="" address="" rwu="0" cmt="" type="STRING" dsunit="" changeValue="0" size="1"/>
    <EPV name="STapIII_SET_PerforatedPlate" item="" address="" rwu="2" cmt="" type="STRING" dsunit="" changeValue="0" size="1"/>
    <EPV name="STapIII_SET_BreakageReject" item="" address="" rwu="0" cmt="" type="STRING" dsunit="" changeValue="0" size="1"/>
    <EPV name="Feeder_SWI_Simtap3OnOff" item=".HMI_Sw_Simtap3OnOff" address="07:00,01,01,V,@item," rwu="2" cmt="07:00,01,01,V,@item," type="boolean" dsunit="" changeValue="0" size="1" conv="" conv2=""/>
</EPVS>
