<?xml version="1.0" encoding="UTF-8"?>

<!DOCTYPE TEXTS SYSTEM "file://localhost/vimacon/dtds/tc2_8/texts.dtd">

<TEXTS>
    <TEXT id="16445" sym="" lang="de" country="DEU">Konfigurationsfehler - Variable unbekannt (Treiber)</TEXT>
    <TEXT id="11017" sym="" lang="de" country="DEU">INAKTIV</TEXT>
    <TEXT id="20439" sym="" lang="de" country="DEU">unbekannte Variable</TEXT>
    <TEXT id="20440" sym="" lang="de" country="DEU">Parsevorgang zum Treiber gescheitert</TEXT>
    <TEXT id="20441" sym="" lang="de" country="DEU">interner Treiberfehler</TEXT>
    <TEXT id="20442" sym="" lang="de" country="DEU">Keine Default - Formatdaten vom FDS</TEXT>
    <TEXT id="23403" sym="" lang="de" country="DEU">Parameteränderung im Offlinemodus</TEXT>
    <TEXT id="27854" sym="" lang="de" country="DEU">Referenzcode Deckfolie</TEXT>
    <TEXT id="27855" sym="" lang="de" country="DEU">Codetyp Deckfolie</TEXT>
    <TEXT id="27856" sym="" lang="de" country="DEU">Istcode Deckfolie</TEXT>
    <TEXT id="26" sym="" lang="de" country="DEU">Verbindungsabbruch</TEXT>
    <TEXT id="19923" sym="" lang="de" country="DEU">Pharmacode</TEXT>
    <TEXT id="19925" sym="" lang="de" country="DEU">CodaBar</TEXT>
    <TEXT id="19926" sym="" lang="de" country="DEU">Code39</TEXT>
    <TEXT id="19927" sym="" lang="de" country="DEU">UPC</TEXT>
    <TEXT id="19928" sym="" lang="de" country="DEU">EAN</TEXT>
    <TEXT id="19929" sym="" lang="de" country="DEU">2/5 Interleaved</TEXT>
    <TEXT id="19930" sym="" lang="de" country="DEU">MSI</TEXT>
    <TEXT id="19931" sym="" lang="de" country="DEU">Code93</TEXT>
    <TEXT id="19932" sym="" lang="de" country="DEU">Code128</TEXT>
    <TEXT id="19943" sym="" lang="de" country="DEU">Keine Antwort vom Geraet. Bitte Format erneut senden !!!</TEXT>
    <TEXT id="19944" sym="" lang="de" country="DEU">Falsche Daten</TEXT>
    <TEXT id="19992" sym="" lang="de" country="DEU">Formatdatensatz Deckfolie</TEXT>
    <TEXT id="28207" sym="" lang="de" country="DEU">Gerät im Offlinemodus</TEXT>
    <TEXT id="16109" sym="" lang="de" country="DEU">Deckfoliencode</TEXT>
    <TEXT id="17560" sym="" lang="de" country="DEU">Deckfolie-Codeleser</TEXT>
    <TEXT id="11963" sym="" lang="de" country="DEU">AKTIV</TEXT>
    <TEXT id="16360" sym="" lang="de" country="DEU">Audit Trail-Einträge werden nicht durchgeführt</TEXT>
    <TEXT id="24438" sym="" lang="de" country="DEU">Codeänderungen sind nicht möglich, Laetus-Navigator ist in Setupmodus</TEXT>
    <TEXT id="27384" sym="" lang="de" country="DEU">Referenzcode Faltschachtel Einschubseite</TEXT>
</TEXTS>

