<?xml version="1.0" encoding="UTF-8"?>

<!DOCTYPE TEXTS SYSTEM "file://localhost/vimacon/dtds/tc2_8/texts.dtd">

<TEXTS>
    <TEXT id="16445" sym="" lang="en" country="USA">Config error - unknown variable (Driver)</TEXT>
    <TEXT id="20439" sym="" lang="en" country="USA">unknown Variable</TEXT>
    <TEXT id="20440" sym="" lang="en" country="USA">Parse procedure to driver failed</TEXT>
    <TEXT id="20441" sym="" lang="en" country="USA">internal driver error</TEXT>
    <TEXT id="20442" sym="" lang="en" country="USA">none default - formatdata from FDS</TEXT>
    <TEXT id="23403" sym="" lang="en" country="USA">Parameter change at offline mode</TEXT>
    <TEXT id="27854" sym="" lang="en" country="USA">Reference code lid foil</TEXT>
    <TEXT id="27855" sym="" lang="en" country="USA">Code type lid foil</TEXT>
    <TEXT id="27856" sym="" lang="en" country="USA">Actual code lid foil</TEXT>
    <TEXT id="26" sym="" lang="en" country="USA">Connection tear-down</TEXT>
    <TEXT id="19923" sym="" lang="en" country="USA">Pharmacode</TEXT>
    <TEXT id="19925" sym="" lang="en" country="USA">CodaBar</TEXT>
    <TEXT id="19926" sym="" lang="en" country="USA">Code39</TEXT>
    <TEXT id="19927" sym="" lang="en" country="USA">UPC</TEXT>
    <TEXT id="19928" sym="" lang="en" country="USA">EAN</TEXT>
    <TEXT id="19929" sym="" lang="en" country="USA">2/5 Interleaved</TEXT>
    <TEXT id="19930" sym="" lang="en" country="USA">MSI</TEXT>
    <TEXT id="19931" sym="" lang="en" country="USA">Code93</TEXT>
    <TEXT id="19932" sym="" lang="en" country="USA">Code128</TEXT>
    <TEXT id="19943" sym="" lang="en" country="USA">No response from device. Send format again !!</TEXT>
    <TEXT id="19944" sym="" lang="en" country="USA">wrong data</TEXT>
    <TEXT id="19992" sym="" lang="en" country="USA">formatdata lid foil</TEXT>
    <TEXT id="28207" sym="" lang="en" country="USA">Device is in offline mode</TEXT>
    <TEXT id="17560" sym="" lang="en" country="USA">Lid foil codereader</TEXT>
    <TEXT id="11963" sym="" lang="en" country="USA">ACTIVE</TEXT>
    <TEXT id="16360" sym="" lang="en" country="USA">Audit Trail entries not possible</TEXT>
    <TEXT id="24438" sym="" lang="en" country="USA">No possibilty to change the barcode, because LaetusNavigator is in setup mode</TEXT>
    <TEXT id="27384" sym="" lang="en" country="USA">Reference code carton loading side</TEXT>
</TEXTS>

