<?xml version='1.0' encoding="UTF-8" ?>
<?xml-stylesheet type='text/xsl' href="file://C:/vimacon/stylesheets/vico/almanach.xsl" ?>


<HISTORY module="ATSDbSync" company="Uhlmann" author="J. Preusch kopiert von 3.42" created="2009-04-01">
    <DESC lang="de">AuditTrail Synchronisation Maschine - Linie</DESC>
    <DESC lang="en">AuditTrail synchronisation machine - line</DESC>
    <RECORD type="vico_generated" user="eichner_p" timestamp="1251281341" date="2009-08-26T12:09:01">
        <USER_COMMENT user="eichner_p" date="2009-08-26T12:09:01">Initial Module Document Generated by Vico Module Management System</USER_COMMENT>
        <MACHINE name="B1660" serialno="1380102" version="3.50.2.1" kind="BLM" type="B1550" subtype="ET"/>
        <MODDESC kind="equip_atsdbsync" version="3.50.0"/>
    </RECORD>
</HISTORY>

