<?xml version='1.0'  encoding="ISO-8859-1"?>
<!DOCTYPE EPVS SYSTEM "file://localhost/vimacon/dtds/tc3_0/epvs.dtd">

<EPVS>
    <EPV name="ElauPLC_CanDiagNames" item=".HMI_I_CAN_NodeName" address="07:00,01,01,V,@item," rwu="2" cmt="" type="STRING" dsunit="" changeValue="" size="100"/>
    <EPV name="ElauPLC_CanDiagActGuardState" item=".HMI_I_CANDiag_ActGuardState" address="07:00,01,01,V,@item," rwu="2" cmt="" type="DWORD" dsunit="" changeValue="" size="100"/>
    <EPV name="ElauPLC_CanDiagDeviceType" item=".HMI_I_CANDiag_DeviceType" address="07:00,01,01,V,@item," rwu="2" cmt="" type="DWORD" dsunit="" changeValue="" size="100"/>
    <EPV name="ElauPLC_CanDiagNodeActive" item=".HMI_I_CANDiag_NodeActive" address="07:00,01,01,V,@item," rwu="2" cmt="" type="DWORD" dsunit="" changeValue="" size="100"/>
    <EPV name="ElauPLC_CanDiagNodeNumber" item=".HMI_I_CANDiag_NodeNumber" address="07:00,01,01,V,@item," rwu="2" cmt="" type="DWORD" dsunit="" changeValue="" size="100"/>
    <EPV name="ElauPLC_CanDiagPingState" item=".HMI_I_CANDiag_PingState" address="07:00,01,01,V,@item," rwu="2" cmt="" type="DWORD" dsunit="" changeValue="" size="100"/>
    <EPV name="ElauPLC_CanDiagSetGuardState" item=".HMI_I_CANDiag_SetGuardState" address="07:00,01,01,V,@item," rwu="2" cmt="" type="DWORD" dsunit="" changeValue="" size="100"/>
    <EPV name="ElauPLC_CanDiagSwNodeActive" item=".HMI_Sw_CANDiag_NodeActive" address="07:00,01,01,V,@item," rwu="2" cmt="" type="DWORD" dsunit="" changeValue="" size="100"/>
    <EPV name="ElauPLC_CanDiagSwSendPing" item=".HMI_Sw_CANDiag_SendPing" address="07:00,01,01,V,@item," rwu="2" cmt="" type="DWORD" dsunit="" changeValue="" size="100"/>
    <EPV name="ElauPLC_CanDiagNodesUsed" item=".HMI_I_CAN_NodesUsed" address="07:00,01,01,V,@item," rwu="2" cmt="" type="DWORD" dsunit="" changeValue="" size="1"/>
    <EPV name="ElauPLC_CanDiagStateCanBus" item=".HMI_I_StateCANBus" address="07:00,01,01,V,@item," rwu="2" cmt="" type="DWORD" dsunit="" changeValue="" size="1"/>
    <EPV name="ElauPLC_CanDiagPingAllNodes" item=".HMI_Sw_CAN_PingAllNodes" address="07:00,01,01,V,@item," rwu="2" cmt="" type="DWORD" dsunit="" changeValue="" size="1"/>
    <EPV name="ElauPLC_CanDiagRestart" item=".HMI_Sw_CAN_Restart" address="07:00,01,01,V,@item," rwu="2" cmt="" type="DWORD" dsunit="" changeValue="" size="1"/>
    <EPV name="ElauPLC_WorkingTable" item=".HMI_I_WorkingTable" address="07:00,01,01,V,@item," rwu="2" cmt="" type="DWORD" dsunit="" changeValue="" size="100"/>
</EPVS>
