<?xml version='1.0' encoding="ISO-8859-1"?>
<!DOCTYPE PPVS SYSTEM "file://localhost/vimacon/dtds/tc3_0/ppvs.dtd">

<PPVS>
    <PPV name="DC_PreparePDA" varTxt="0" cmt="DC_PreparePDA" unit="" kind="" dataType="" fmtSvr="" fmtTxt="" fmtCat="1" procCat="" protCat="" protTxt="" validate="0" sign="0" protocol="0" logActive="" logMaxItems=""/>
    <PPV name="DC_FinalizePDA" varTxt="0" cmt="DC_FinalizePDA" unit="" kind="" dataType="" fmtSvr="" fmtTxt="" fmtCat="1" procCat="" protCat="" protTxt="" validate="0" sign="0" protocol="0" logActive="" logMaxItems=""/>
    <PPV name="DC_LineStatus" varTxt="0" cmt="DC_LineStatus" unit="" kind="" dataType="" fmtSvr="" fmtTxt="" fmtCat="1" procCat="" protCat="" protTxt="" validate="0" sign="0" protocol="0" logActive="" logMaxItems=""/>
    <PPV name="DC_LineMode" varTxt="0" cmt="DC_LineMode" unit="" kind="" dataType="" fmtSvr="" fmtTxt="" fmtCat="1" procCat="" protCat="" protTxt="" validate="0" sign="0" protocol="0" logActive="" logMaxItems=""/>
    <PPV name="DC_StatusDC" varTxt="0" cmt="DC_StatusDC" unit="" kind="" dataType="" fmtSvr="" fmtTxt="" fmtCat="1" procCat="" protCat="" protTxt="" validate="0" sign="0" protocol="0" logActive="" logMaxItems=""/>
    <PPV name="DC_StopReasonCategories" varTxt="19295" cmt="DC_StopReasonCategories" unit="" kind="" dataType="" fmtSvr="" fmtTxt="" fmtCat="1" procCat="" protCat="" protTxt="" validate="0" sign="0" protocol="0" logActive="" logMaxItems=""/>
    <PPV name="DC_StopReason" varTxt="0" cmt="DC_StopReason" unit="" kind="" dataType="" fmtSvr="" fmtTxt="" fmtCat="1" procCat="" protCat="" protTxt="" validate="0" sign="0" protocol="0" logActive="" logMaxItems=""/>
    <PPV name="ReasonReporting_Active" varTxt="19296" cmt="ReasonReporting_Active" unit="" kind="" dataType="" fmtSvr="" fmtTxt="" fmtCat="1" procCat="" protCat="" protTxt="" validate="0" sign="0" protocol="1" logActive="" logMaxItems=""/>
    <PPV name="FaultReporting_TimeThreshold" varTxt="19297" cmt="FaultReporting_TimeThreshold" unit="" kind="" dataType="" fmtSvr="" fmtTxt="" fmtCat="1" procCat="" protCat="" protTxt="" validate="0" sign="0" protocol="1" logActive="" logMaxItems=""/>
    <PPV name="SCADA_DT_Categories" varTxt="0" cmt="SCADA_DT_Categories" unit="" kind="" dataType="" fmtSvr="" fmtTxt="" fmtCat="1" procCat="" protCat="" protTxt="" validate="0" sign="0" protocol="0" logActive="" logMaxItems=""/>
    <PPV name="FeedbackExpected" varTxt="0" cmt="FeedbackExpected" unit="" kind="" dataType="" fmtSvr="" fmtTxt="" fmtCat="1" procCat="" protCat="" protTxt="" validate="0" sign="0" protocol="0" logActive="" logMaxItems=""/>
    <PPV name="StopReason" varTxt="0" cmt="StopReason_UserInfo" unit="" kind="" dataType="" fmtSvr="" fmtTxt="" fmtCat="1" procCat="" protCat="" protTxt="" validate="0" sign="0" protocol="0" logActive="" logMaxItems=""/>
    <PPV name="Current_Mode_PDA" varTxt="0" cmt="Current_Mode_PDA" unit="" kind="" dataType="" fmtSvr="" fmtTxt="" fmtCat="1" procCat="" protCat="" protTxt="" validate="0" sign="0" protocol="0" opcActive="1" opcDataType="INT" opcRwu="0"/>
    <PPV name="Current_State_PDA" varTxt="0" cmt="Current_State_PDA" unit="" kind="" dataType="" fmtSvr="" fmtTxt="" fmtCat="1" procCat="" protCat="" protTxt="" validate="0" sign="0" protocol="0" opcActive="1" opcDataType="INT" opcRwu="0"/>
    <PPV name="MachineType" varTxt="0" cmt="MachineType" unit="" kind="" dataType="" fmtSvr="" fmtTxt="" fmtCat="1" procCat="" protCat="" protTxt="" validate="0" sign="0" protocol="0" logActive="" logMaxItems="1"/>
    <PPV name="MachineID" varTxt="0" cmt="MachineID" unit="" kind="" dataType="" fmtSvr="" fmtTxt="" fmtCat="1" procCat="" protCat="" protTxt="" validate="0" sign="0" protocol="0" logActive="" logMaxItems="1"/>
    <PPV name="MachineYear" varTxt="0" cmt="MachineYear" unit="" kind="" dataType="" fmtSvr="" fmtTxt="" fmtCat="1" procCat="" protCat="" protTxt="" validate="0" sign="0" protocol="0" logActive="" logMaxItems="1"/>
    <PPV name="HourCounterPDA" varTxt="0" cmt="HourCounterPDA" unit="" kind="" dataType="" fmtSvr="" fmtTxt="" fmtCat="1" procCat="" protCat="" protTxt="" validate="0" sign="0" protocol="0" logActive="" logMaxItems=""/>
    <PPV name="HourCounterPLC" varTxt="0" cmt="HourCounterPLC" unit="" kind="" dataType="" fmtSvr="" fmtTxt="" fmtCat="1" procCat="" protCat="" protTxt="" validate="0" sign="0" protocol="0" logActive="" logMaxItems=""/>
    <PPV name="ActualSpeed" varTxt="0" cmt="ActualSpeed" unit="" kind="" dataType="" fmtSvr="" fmtTxt="" fmtCat="1" procCat="" protCat="" protTxt="" validate="0" sign="0" protocol="0" opcActive="1" opcDataType="INT" opcRwu="0"/>
    <PPV name="Pack_Ratio_PDA" varTxt="0" cmt="Pack_Ratio_PDA" unit="" kind="" dataType="" fmtSvr="" fmtTxt="" fmtCat="1" procCat="" protCat="" protTxt="" validate="0" sign="0" protocol="0" logActive="" logMaxItems=""/>
    <PPV name="MaterialState" varTxt="0" cmt="MaterialState" unit="" kind="" dataType="" fmtSvr="" fmtTxt="" fmtCat="1" procCat="" protCat="" protTxt="" validate="0" sign="0" protocol="0" logActive="" logMaxItems=""/>
    <PPV name="CounterProduction" varTxt="0" cmt="CounterProduction" unit="" kind="" dataType="int" fmtSvr="" fmtTxt="" fmtCat="1" procCat="" protCat="" protTxt="" validate="0" sign="0" protocol="0"/>
</PPVS>
