<?xml version="1.0" encoding="UTF-8"?>
<!DOCTYPE TEXTS SYSTEM "file://localhost/vimacon/dtds/tc2_8/texts.dtd">

<TEXTS>
  <TEXT id="19" sym="" lang="de" country="">Referenzfahrt</TEXT>
  <TEXT id="22" sym="" lang="de" country="">Maschine startbereit</TEXT>
  <TEXT id="23" sym="" lang="de" country="">Anlaufphase</TEXT>
  <TEXT id="24" sym="" lang="de" country="">Maschine / Linie läuft</TEXT>
  <TEXT id="27" sym="" lang="de" country="">Warte auf Referenz</TEXT>
  <TEXT id="9044" sym="" lang="de" country="">Fehler</TEXT>
  <TEXT id="11594" sym="" lang="de" country="">Störung</TEXT>
  <TEXT id="12345" sym="" lang="de" country="">Kontaktkühlung</TEXT>
  <TEXT id="13006" sym="" lang="de" country="">Einrichten/Betrieb</TEXT>
  <TEXT id="16300" sym="" lang="de" country="">Initialisierung Druckwerk</TEXT>
  <TEXT id="18638" sym="" lang="de" country="">Initialisierung</TEXT>
  <TEXT id="18639" sym="" lang="de" country="">Leerlauf</TEXT>
  <TEXT id="18787" sym="" lang="de" country="">Stopp wird eingeleitet</TEXT>
  <TEXT id="18788" sym="" lang="de" country="">Gestoppt</TEXT>
  <TEXT id="18789" sym="" lang="de" country="">Wiederanlauf</TEXT>
  <TEXT id="19250" sym="" lang="de" country="">Ungeplante Zeit</TEXT>
  <TEXT id="19251" sym="" lang="de" country="">Maschinenfehler</TEXT>
  <TEXT id="19252" sym="" lang="de" country="">Unbekannt</TEXT>
  <TEXT id="19253" sym="" lang="de" country="">Fehler in der Konfiguration der DC2-Komponente.</TEXT>
  <TEXT id="19254" sym="" lang="de" country="">Die BDE-Zähler auf der SPS sind nicht zurückgesetzt.</TEXT>
  <TEXT id="19255" sym="" lang="de" country="">Das vorgegebene Schichtmodell ist inkonsistent.</TEXT>
  <TEXT id="19256" sym="" lang="de" country="">Die vorgegebenen Nebenzeiten sind inkonsistent.</TEXT>
  <TEXT id="19257" sym="" lang="de" country="">Die Text IDs der Zählerarrays konnten nicht von der SPS gelesen werden.</TEXT>
  <TEXT id="19258" sym="" lang="de" country="">BDE aktiv</TEXT>
  <TEXT id="19259" sym="" lang="de" country="">Undefiniert / Kein Signal</TEXT>
  <TEXT id="19268" sym="" lang="de" country="">Störung</TEXT>
  <TEXT id="19269" sym="" lang="de" country="">Einrichten/Justierung</TEXT>
  <TEXT id="19270" sym="" lang="de" country="">Kurzer Stopp/Leerlauf</TEXT>
  <TEXT id="19271" sym="" lang="de" country="">Verminderte Arbeitsgeschwindigkeit</TEXT>
  <TEXT id="19272" sym="" lang="de" country="">Fehlprodukte in der Anlaufphase</TEXT>
  <TEXT id="19273" sym="" lang="de" country="">Fehlprodukte während der Produktion</TEXT>
  <TEXT id="20397" sym="" lang="de" country="">Datenbankfehler</TEXT>
</TEXTS>

