<?xml version="1.0" encoding="UTF-8"?>
<!DOCTYPE TEXTS SYSTEM "file://localhost/vimacon/dtds/tc2_8/texts.dtd">

<TEXTS>
  <TEXT id="19" sym="" lang="de" country="">Referenzfahrt</TEXT>
  <TEXT id="22" sym="" lang="de" country="">Maschine startbereit</TEXT>
  <TEXT id="23" sym="" lang="de" country="">Anlaufphase</TEXT>
  <TEXT id="24" sym="" lang="de" country="">Maschine / Linie läuft</TEXT>
  <TEXT id="27" sym="" lang="de" country="">Warte auf Referenz</TEXT>
  <TEXT id="1261" sym="" lang="de" country="">Wartung</TEXT>
  <TEXT id="4905" sym="" lang="de" country="">Blister</TEXT>
  <TEXT id="7175" sym="" lang="de" country="">Manuell</TEXT>
  <TEXT id="7325" sym="" lang="de" country="">m</TEXT>
  <TEXT id="7880" sym="" lang="de" country="">Sammelpacker</TEXT>
  <TEXT id="7914" sym="" lang="de" country="">Maschine leerfahren</TEXT>
  <TEXT id="8427" sym="" lang="de" country="">Blister/min</TEXT>
  <TEXT id="8478" sym="" lang="de" country="">Faltschachtel/min</TEXT>
  <TEXT id="8479" sym="" lang="de" country="">Gebinde/min</TEXT>
  <TEXT id="8486" sym="" lang="de" country="">Produktion</TEXT>
  <TEXT id="8864" sym="" lang="de" country="">Aufheizphase</TEXT>
  <TEXT id="9185" sym="" lang="de" country="">Etikettierer</TEXT>
  <TEXT id="9193" sym="" lang="de" country="">Faltschachteln</TEXT>
  <TEXT id="10372" sym="" lang="de" country="">Zähler</TEXT>
  <TEXT id="11558" sym="" lang="de" country="">Kartoniermaschine</TEXT>
  <TEXT id="11594" sym="" lang="de" country="">Störung</TEXT>
  <TEXT id="11972" sym="" lang="de" country="">Prospekt</TEXT>
  <TEXT id="12408" sym="" lang="de" country="">Reinigung</TEXT>
  <TEXT id="12412" sym="" lang="de" country="">Testlauf</TEXT>
  <TEXT id="14087" sym="" lang="de" country="">Waage</TEXT>
  <TEXT id="16233" sym="" lang="de" country="">Aktuelle Geschwindigkeit</TEXT>
  <TEXT id="16300" sym="" lang="de" country="">Initialisierung Druckwerk</TEXT>
  <TEXT id="16434" sym="" lang="de" country="">TESTLAUF</TEXT>
  <TEXT id="16464" sym="" lang="de" country="">TIPPEN</TEXT>
  <TEXT id="16560" sym="" lang="de" country="">Warte auf Synchronposition</TEXT>
  <TEXT id="16561" sym="" lang="de" country="">Fahrt auf Synchronposition</TEXT>
  <TEXT id="17525" sym="" lang="de" country="">Drucker nicht bereit</TEXT>
  <TEXT id="18526" sym="" lang="de" country="">Broschuere</TEXT>
  <TEXT id="18638" sym="" lang="de" country="">Initialisierung</TEXT>
  <TEXT id="18787" sym="" lang="de" country="">Stopp wird eingeleitet</TEXT>
  <TEXT id="18788" sym="" lang="de" country="">Gestoppt</TEXT>
  <TEXT id="18789" sym="" lang="de" country="">Wiederanlauf</TEXT>
  <TEXT id="19250" sym="" lang="de" country="">Ungeplante Zeit</TEXT>
  <TEXT id="19252" sym="" lang="de" country="">Unbekannt</TEXT>
  <TEXT id="19259" sym="" lang="de" country="">Undefiniert / Kein Signal</TEXT>
  <TEXT id="19268" sym="" lang="de" country="">Störung</TEXT>
  <TEXT id="19269" sym="" lang="de" country="">Einrichten/Justierung</TEXT>
  <TEXT id="19270" sym="" lang="de" country="">Kurzer Stopp/Leerlauf</TEXT>
  <TEXT id="19271" sym="" lang="de" country="">Verminderte Arbeitsgeschwindigkeit</TEXT>
  <TEXT id="19272" sym="" lang="de" country="">Fehlprodukte in der Anlaufphase</TEXT>
  <TEXT id="19273" sym="" lang="de" country="">Fehlprodukte während der Produktion</TEXT>
  <TEXT id="20449" sym="" lang="de" country="">Montag</TEXT>
  <TEXT id="20450" sym="" lang="de" country="">Dienstag</TEXT>
  <TEXT id="20451" sym="" lang="de" country="">Mittwoch</TEXT>
  <TEXT id="20452" sym="" lang="de" country="">Donnerstag</TEXT>
  <TEXT id="20453" sym="" lang="de" country="">Freitag</TEXT>
  <TEXT id="20454" sym="" lang="de" country="">Samstag</TEXT>
  <TEXT id="20455" sym="" lang="de" country="">Sonntag</TEXT>
  <TEXT id="20571" sym="" lang="de" country="">Pause</TEXT>
  <TEXT id="20573" sym="" lang="de" country="">Besprechung</TEXT>
  <TEXT id="20614" sym="" lang="de" country="">Warten auf Störgrundeingabe</TEXT>
  <TEXT id="20615" sym="" lang="de" country="">Format laden</TEXT>
  <TEXT id="20616" sym="" lang="de" country="">Wallets/min</TEXT>
  <TEXT id="20617" sym="" lang="de" country="">Ampullen/min</TEXT>
  <TEXT id="20618" sym="" lang="de" country="">Bündel/min</TEXT>
  <TEXT id="20629" sym="" lang="de" country="">Kartons/min</TEXT>
  <TEXT id="20901" sym="" lang="de" country="">Initialisierung Zuführung</TEXT>
  <TEXT id="21742" sym="" lang="de" country="">Casepacker</TEXT>
  <TEXT id="22108" sym="" lang="de" country="">Organisatorisch bedingte Verlustzeit</TEXT>
  <TEXT id="22234" sym="" lang="de" country="">Formatname</TEXT>
  <TEXT id="22336" sym="" lang="de" country="">Komponente deaktiviert.</TEXT>
  <TEXT id="22447" sym="" lang="de" country="">Leerlauf</TEXT>
  <TEXT id="22448" sym="" lang="de" country="">Schulung</TEXT>
  <TEXT id="22449" sym="" lang="de" country="">Test</TEXT>
  <TEXT id="22450" sym="" lang="de" country="">Mittagspause</TEXT>
  <TEXT id="22536" sym="" lang="de" country="">Geplante Nebenzeit</TEXT>
  <TEXT id="23006" sym="" lang="de" country="">Technischer Eingriff</TEXT>
  <TEXT id="23007" sym="" lang="de" country="">Wechsel Verpackungskomponenten</TEXT>
  <TEXT id="23008" sym="" lang="de" country="">Schichtübergabe</TEXT>
  <TEXT id="23009" sym="" lang="de" country="">Formatwechsel</TEXT>
  <TEXT id="23010" sym="" lang="de" country="">Zwischenbilanz</TEXT>
  <TEXT id="23011" sym="" lang="de" country="">Sonderprozesse</TEXT>
  <TEXT id="23012" sym="" lang="de" country="">Ungeplante Besprechung / Weiterbildung - Ausscheidung</TEXT>
  <TEXT id="23013" sym="" lang="de" country="">Chargenbeginn</TEXT>
  <TEXT id="23014" sym="" lang="de" country="">Chargenende</TEXT>
  <TEXT id="23015" sym="" lang="de" country="">Fehlende Verpackungsmittel</TEXT>
  <TEXT id="23051" sym="" lang="de" country="">Benutzerspezifisch</TEXT>
  <TEXT id="23306" sym="" lang="de" country="">BLISTERMASCHINE</TEXT>
  <TEXT id="23478" sym="" lang="de" country="">Linie befüllen</TEXT>
  <TEXT id="24120" sym="" lang="de" country="">Formatversion</TEXT>
  <TEXT id="24485" sym="" lang="de" country="">Automatischer Wiederanlauf</TEXT>
  <TEXT id="25388" sym="" lang="de" country="">Tippen</TEXT>
  <TEXT id="26689" sym="" lang="de" country="">Prod./min</TEXT>
  <TEXT id="27194" sym="" lang="de" country="">Startup HMI, Boot PLC</TEXT>
  <TEXT id="27557" sym="" lang="de" country="">Materialverbrauch</TEXT>
  <TEXT id="30098" sym="" lang="de" country="">Gesamt</TEXT>
  <TEXT id="30099" sym="" lang="de" country="">Gut</TEXT>
  <TEXT id="30180" sym="" lang="de" country="">Gesamt Schlechtprodukte</TEXT>
  <TEXT id="30181" sym="" lang="de" country="">Einzelschlecht</TEXT>
  <TEXT id="30182" sym="" lang="de" country="">Eingang</TEXT>
  <TEXT id="30210" sym="" lang="de" country="">Nur Anzeige</TEXT>
  <TEXT id="32622" sym="" lang="de" country="">Fehlende Stoppgrundrückmeldung</TEXT>
  <TEXT id="40317" sym="" lang="de" country="">Palettierer</TEXT>
</TEXTS>

