<?xml version="1.0" encoding="UTF-8"?>
<!DOCTYPE TEXTS SYSTEM "file://localhost/vimacon/dtds/tc2_8/texts.dtd">

<TEXTS>
  <TEXT id="5" sym="" lang="de" country="">Gerät</TEXT>
  <TEXT id="6" sym="" lang="de" country="">Nummer</TEXT>
  <TEXT id="5000" sym="" lang="de" country="">Sprache</TEXT>
  <TEXT id="5009" sym="" lang="de" country="">Konfig</TEXT>
  <TEXT id="5021" sym="" lang="de" country="">Konfiguration</TEXT>
  <TEXT id="5028" sym="" lang="de" country="">Einheit</TEXT>
  <TEXT id="6000" sym="" lang="de" country="">OK</TEXT>
  <TEXT id="6001" sym="" lang="de" country="">Abbrechen</TEXT>
  <TEXT id="6007" sym="" lang="de" country="">Bearbeiten</TEXT>
  <TEXT id="6008" sym="" lang="de" country="">Wert</TEXT>
  <TEXT id="7266" sym="" lang="de" country="">Löschen</TEXT>
  <TEXT id="7285" sym="" lang="de" country="">Ist</TEXT>
  <TEXT id="8084" sym="" lang="de" country="">Ja</TEXT>
  <TEXT id="8154" sym="" lang="de" country="">Nein</TEXT>
  <TEXT id="8168" sym="" lang="de" country="">Information</TEXT>
  <TEXT id="8172" sym="" lang="de" country="">Datum</TEXT>
  <TEXT id="8173" sym="" lang="de" country="">Maschine</TEXT>
  <TEXT id="8407" sym="" lang="de" country="">Linie</TEXT>
  <TEXT id="8442" sym="" lang="de" country="">Drucken</TEXT>
  <TEXT id="8449" sym="" lang="de" country="">Status</TEXT>
  <TEXT id="8612" sym="" lang="de" country="">Alles</TEXT>
  <TEXT id="9038" sym="" lang="de" country="">Parameter</TEXT>
  <TEXT id="9054" sym="" lang="de" country="">Kategorie</TEXT>
  <TEXT id="12000" sym="" lang="de" country="">Typ</TEXT>
  <TEXT id="12103" sym="" lang="de" country="">Maschine</TEXT>
  <TEXT id="12786" sym="" lang="de" country="">Zeit</TEXT>
  <TEXT id="12938" sym="" lang="de" country="">Version</TEXT>
  <TEXT id="12973" sym="" lang="de" country="">Deutsch</TEXT>
  <TEXT id="12974" sym="" lang="de" country="">Englisch</TEXT>
  <TEXT id="13162" sym="" lang="de" country="">Dänisch</TEXT>
  <TEXT id="13193" sym="" lang="de" country="">Französisch</TEXT>
  <TEXT id="13231" sym="" lang="de" country="">Minute</TEXT>
  <TEXT id="13337" sym="" lang="de" country="">Ungarisch</TEXT>
  <TEXT id="13469" sym="" lang="de" country="">Spanisch</TEXT>
  <TEXT id="13724" sym="" lang="de" country="">Portugiesisch</TEXT>
  <TEXT id="13593" sym="" lang="de" country="">Takte/min</TEXT>
  <TEXT id="13753" sym="" lang="de" country="">Slowenisch</TEXT>
  <TEXT id="13775" sym="" lang="de" country="">Maschine:</TEXT>
  <TEXT id="13870" sym="" lang="de" country="">Japanisch</TEXT>
  <TEXT id="14115" sym="" lang="de" country="">Schwedisch</TEXT>
  <TEXT id="15280" sym="" lang="de" country="">Italienisch</TEXT>
  <TEXT id="17350" sym="" lang="de" country="">Index</TEXT>
  <TEXT id="17351" sym="" lang="de" country="">Alter Wert</TEXT>
  <TEXT id="17352" sym="" lang="de" country="">Neuer Wert</TEXT>
  <TEXT id="17353" sym="" lang="de" country="">Zusatztext</TEXT>
  <TEXT id="17354" sym="" lang="de" country="">Unterschrift ID</TEXT>
  <TEXT id="17355" sym="" lang="de" country="">Unterschrift Name</TEXT>
  <TEXT id="17356" sym="" lang="de" country="">Unterschrift Bedeutung</TEXT>
  <TEXT id="17667" sym="" lang="de" country="">Isländisch</TEXT>
  <TEXT id="17831" sym="" lang="de" country="">Russisch</TEXT>
  <TEXT id="18832" sym="" lang="de" country="">Modus</TEXT>
  <TEXT id="19268" sym="" lang="de" country="">Störung</TEXT>
  <TEXT id="19269" sym="" lang="de" country="">Einrichten/Justierung</TEXT>
  <TEXT id="19270" sym="" lang="de" country="">Kurzer Stopp/Leerlauf</TEXT>
  <TEXT id="19279" sym="" lang="de" country="">Los</TEXT>
  <TEXT id="20342" sym="" lang="de" country="">Update</TEXT>
  <TEXT id="20430" sym="" lang="de" country="">Mandarin</TEXT>
  <TEXT id="20530" sym="" lang="de" country="">Gesamtzähler</TEXT>
  <TEXT id="20531" sym="" lang="de" country="">Gutzähler</TEXT>
  <TEXT id="20604" sym="" lang="de" country="">Türkisch</TEXT>
  <TEXT id="20872" sym="" lang="de" country="">Bulgarisch</TEXT>
  <TEXT id="22079" sym="" lang="de" country="">Text</TEXT>
  <TEXT id="22403" sym="" lang="de" country="">BDE</TEXT>
  <TEXT id="22500" sym="" lang="de" country="">Audit Trail</TEXT>
  <TEXT id="26144" sym="" lang="de" country="">Aktuelles Los</TEXT>
  <TEXT id="27557" sym="" lang="de" country="">Materialverbrauch</TEXT>
  <TEXT id="27964" sym="" lang="de" country="">Blistermaschine</TEXT>
  <TEXT id="30032" sym="" lang="de" country="">N/A</TEXT>
  <TEXT id="30034" sym="" lang="de" country="">Schicht bearbeiten</TEXT>
  <TEXT id="30035" sym="" lang="de" country="">Betriebsart</TEXT>
  <TEXT id="30036" sym="" lang="de" country="">Schichtbeginn</TEXT>
  <TEXT id="30037" sym="" lang="de" country="">Schichtende</TEXT>
  <TEXT id="30038" sym="" lang="de" country="">Schichtname</TEXT>
  <TEXT id="30039" sym="" lang="de" country="">Wochentag Beginn</TEXT>
  <TEXT id="30040" sym="" lang="de" country="">Wochentag Ende</TEXT>
  <TEXT id="30041" sym="" lang="de" country="">Schicht löschen</TEXT>
  <TEXT id="30042" sym="" lang="de" country="">Geplante Schichten</TEXT>
  <TEXT id="30043" sym="" lang="de" country="">Verfall:</TEXT>
  <TEXT id="30044" sym="" lang="de" country="">Maschinen Info</TEXT>
  <TEXT id="30045" sym="" lang="de" country="">Auftrag</TEXT>
  <TEXT id="30046" sym="" lang="de" country="">Akt. Produkt:</TEXT>
  <TEXT id="30047" sym="" lang="de" country="">Zustand</TEXT>
  <TEXT id="30048" sym="" lang="de" country="">Auftragsbeginn:</TEXT>
  <TEXT id="30049" sym="" lang="de" country="">Laufzeit des Auftrags:</TEXT>
  <TEXT id="30050" sym="" lang="de" country="">Auftrag beendet</TEXT>
  <TEXT id="30051" sym="" lang="de" country="">Auftrag gestartet</TEXT>
  <TEXT id="30052" sym="" lang="de" country="">Produkt:</TEXT>
  <TEXT id="30053" sym="" lang="de" country="">Verfalldatum:</TEXT>
  <TEXT id="30054" sym="" lang="de" country="">Rezeptur:</TEXT>
  <TEXT id="30055" sym="" lang="de" country="">Beschreibung:</TEXT>
  <TEXT id="30056" sym="" lang="de" country="">Los:</TEXT>
  <TEXT id="30057" sym="" lang="de" country="">Status:</TEXT>
  <TEXT id="30058" sym="" lang="de" country="">Produkt Code</TEXT>
  <TEXT id="30059" sym="" lang="de" country="">Zeitkonten</TEXT>
  <TEXT id="30060" sym="" lang="de" country="">min</TEXT>
  <TEXT id="30061" sym="" lang="de" country="">max</TEXT>
  <TEXT id="30062" sym="" lang="de" country="">Gerät:</TEXT>
  <TEXT id="30063" sym="" lang="de" country="">Benutzer:</TEXT>
  <TEXT id="30064" sym="" lang="de" country="">Herstellungsjahr</TEXT>
  <TEXT id="30065" sym="" lang="de" country="">Maschinen Betriebsstundenzähler</TEXT>
  <TEXT id="30066" sym="" lang="de" country="">Geplante Nebenzeit</TEXT>
  <TEXT id="30067" sym="" lang="de" country="">Geplante Nr.</TEXT>
  <TEXT id="30068" sym="" lang="de" country="">Zeit Beginn</TEXT>
  <TEXT id="30069" sym="" lang="de" country="">Zeit Ende</TEXT>
  <TEXT id="30070" sym="" lang="de" country="">Störgrundkategorie</TEXT>
  <TEXT id="30071" sym="" lang="de" country="">Wochentag oder Datum</TEXT>
  <TEXT id="30072" sym="" lang="de" country="">Datum Beginn</TEXT>
  <TEXT id="30073" sym="" lang="de" country="">Datum Ende</TEXT>
  <TEXT id="30074" sym="" lang="de" country="">Eingabefehler</TEXT>
  <TEXT id="30075" sym="" lang="de" country="">Fehlerzuweisung zum Verlustkonto</TEXT>
  <TEXT id="30076" sym="" lang="de" country="">Zählerzuweisung zum Verlustkonto</TEXT>
  <TEXT id="30077" sym="" lang="de" country="">Störgrundzuweisung zum Verlustkonto</TEXT>
  <TEXT id="30078" sym="" lang="de" country="">Maschine_ID</TEXT>
  <TEXT id="30079" sym="" lang="de" country="">Fehler_ID</TEXT>
  <TEXT id="30080" sym="" lang="de" country="">Zähler_ID</TEXT>
  <TEXT id="30081" sym="" lang="de" country="">Produkt Code:</TEXT>
  <TEXT id="30082" sym="" lang="de" country="">Wochentag</TEXT>
  <TEXT id="30083" sym="" lang="de" country="">Zeilen:</TEXT>
  <TEXT id="30084" sym="" lang="de" country="">Zeit:</TEXT>
  <TEXT id="30085" sym="" lang="de" country="">Kategorie:</TEXT>
  <TEXT id="30086" sym="" lang="de" country="">Nur Startzeit</TEXT>
  <TEXT id="30087" sym="" lang="de" country="">Nur Endzeit</TEXT>
  <TEXT id="30088" sym="" lang="de" country="">Start- und Endzeit</TEXT>
  <TEXT id="30089" sym="" lang="de" country="">Schicht</TEXT>
  <TEXT id="30090" sym="" lang="de" country="">Nr.</TEXT>
  <TEXT id="30091" sym="" lang="de" country="">Verlustzeiten</TEXT>
  <TEXT id="30092" sym="" lang="de" country="">Betriebsarten</TEXT>
  <TEXT id="30093" sym="" lang="de" country="">Zustände</TEXT>
  <TEXT id="30094" sym="" lang="de" country="">Absolut</TEXT>
  <TEXT id="30095" sym="" lang="de" country="">Verhältnis Einzelschlecht</TEXT>
  <TEXT id="30096" sym="" lang="de" country="">Einrichten abs.</TEXT>
  <TEXT id="30097" sym="" lang="de" country="">Einrichten rel.%</TEXT>
  <TEXT id="30098" sym="" lang="de" country="">Gesamt</TEXT>
  <TEXT id="30099" sym="" lang="de" country="">Gut</TEXT>
  <TEXT id="30100" sym="" lang="de" country="">Schlecht</TEXT>
  <TEXT id="30101" sym="" lang="de" country="">Verlustkonto</TEXT>
  <TEXT id="30102" sym="" lang="de" country="">Fehler</TEXT>
  <TEXT id="30104" sym="" lang="de" country="">OEE Konfiguration</TEXT>
  <TEXT id="30105" sym="" lang="de" country="">Störgrund</TEXT>
  <TEXT id="30106" sym="" lang="de" country="">Auto. Buchen der gepl. Nebenzeit</TEXT>
  <TEXT id="30108" sym="" lang="de" country="">Prozessmonitor</TEXT>
  <TEXT id="30109" sym="" lang="de" country="">Gesamte Verfügbarkeit</TEXT>
  <TEXT id="30110" sym="" lang="de" country="">Geplante Produktionszeit</TEXT>
  <TEXT id="30111" sym="" lang="de" country="">Zeile</TEXT>
  <TEXT id="30112" sym="" lang="de" country="">Produktionszeit</TEXT>
  <TEXT id="30113" sym="" lang="de" country="">Laufzeit</TEXT>
  <TEXT id="30114" sym="" lang="de" country="">Qualitätszeit</TEXT>
  <TEXT id="30115" sym="" lang="de" country="">Tatsächl. Nebenzeit</TEXT>
  <TEXT id="30116" sym="" lang="de" country="">Ausfallzeit</TEXT>
  <TEXT id="30117" sym="" lang="de" country="">Ausschusszeit</TEXT>
  <TEXT id="30118" sym="" lang="de" country="">Leerlaufzeit</TEXT>
  <TEXT id="30119" sym="" lang="de" country="">Verlustzeit</TEXT>
  <TEXT id="30120" sym="" lang="de" country="">Qualitätskennzahl:</TEXT>
  <TEXT id="30121" sym="" lang="de" country="">Fehler &amp; Stopps</TEXT>
  <TEXT id="30122" sym="" lang="de" country="">Verfügbarkeit:</TEXT>
  <TEXT id="30123" sym="" lang="de" country="">Fehler</TEXT>
  <TEXT id="30124" sym="" lang="de" country="">Dauer</TEXT>
  <TEXT id="30125" sym="" lang="de" country="">Dau. rel.%</TEXT>
  <TEXT id="30126" sym="" lang="de" country="">MTBF</TEXT>
  <TEXT id="30127" sym="" lang="de" country="">MTTR</TEXT>
  <TEXT id="30128" sym="" lang="de" country="">Fre.</TEXT>
  <TEXT id="30129" sym="" lang="de" country="">Fre. rel.%</TEXT>
  <TEXT id="30130" sym="" lang="de" country="">Kategorie</TEXT>
  <TEXT id="30131" sym="" lang="de" country="">Stopps durch Bediener</TEXT>
  <TEXT id="30132" sym="" lang="de" country="">Berichte</TEXT>
  <TEXT id="30133" sym="" lang="de" country="">Zeitraum</TEXT>
  <TEXT id="30134" sym="" lang="de" country="">Zeitraum:</TEXT>
  <TEXT id="30135" sym="" lang="de" country="">Start:</TEXT>
  <TEXT id="30136" sym="" lang="de" country="">Ende:</TEXT>
  <TEXT id="30137" sym="" lang="de" country="">Soll Daten</TEXT>
  <TEXT id="30138" sym="" lang="de" country="">Ist Daten</TEXT>
  <TEXT id="30139" sym="" lang="de" country="">Zähler Überblick</TEXT>
  <TEXT id="30140" sym="" lang="de" country="">Schlecht Zähler:</TEXT>
  <TEXT id="30141" sym="" lang="de" country="">Auftragsdaten:</TEXT>
  <TEXT id="30142" sym="" lang="de" country="">Linienübersicht</TEXT>
  <TEXT id="30143" sym="" lang="de" country="">Filter</TEXT>
  <TEXT id="30144" sym="" lang="de" country="">Effizienz (OEE)</TEXT>
  <TEXT id="30145" sym="" lang="de" country="">Verfügbarkeit</TEXT>
  <TEXT id="30146" sym="" lang="de" country="">Leistung</TEXT>
  <TEXT id="30147" sym="" lang="de" country="">Qualität</TEXT>
  <TEXT id="30148" sym="" lang="de" country="">Gutprodukte</TEXT>
  <TEXT id="30149" sym="" lang="de" country="">Schlechtprodukte</TEXT>
  <TEXT id="30150" sym="" lang="de" country="">Anstehender Fehler</TEXT>
  <TEXT id="30151" sym="" lang="de" country="">Dauer</TEXT>
  <TEXT id="30152" sym="" lang="de" country="">Alle Sprachen</TEXT>
  <TEXT id="30160" sym="" lang="de" country="">Schicht:</TEXT>
  <TEXT id="30161" sym="" lang="de" country="">Alle Produkt Codes ausgewählt</TEXT>
  <TEXT id="30162" sym="" lang="de" country="">Alle Lose ausgewählt</TEXT>
  <TEXT id="30163" sym="" lang="de" country="">Los Nr.:</TEXT>
  <TEXT id="30165" sym="" lang="de" country="">Charge:</TEXT>
  <TEXT id="30166" sym="" lang="de" country="">Theoretische Laufzeit</TEXT>
  <TEXT id="30173" sym="" lang="de" country="">Vorgabezeit</TEXT>
  <TEXT id="30180" sym="" lang="de" country="">Gesamt Schlechtprodukte</TEXT>
  <TEXT id="30181" sym="" lang="de" country="">Einzelschlecht</TEXT>
  <TEXT id="30182" sym="" lang="de" country="">Eingang</TEXT>
  <TEXT id="30183" sym="" lang="de" country="">Zählertyp</TEXT>
  <TEXT id="30184" sym="" lang="de" country="">Zähler</TEXT>
  <TEXT id="30192" sym="" lang="de" country="">Zähler</TEXT>
  <TEXT id="30205" sym="" lang="de" country="">Prozent</TEXT>
  <TEXT id="30206" sym="" lang="de" country="">Bericht Stoppgründe</TEXT>
  <TEXT id="30207" sym="" lang="de" country="">Bericht OEE</TEXT>
  <TEXT id="30208" sym="" lang="de" country="">Bericht Wöchentlicher OEE Trend</TEXT>
  <TEXT id="30209" sym="" lang="de" country="">Bericht TOP15 Fehler</TEXT>
  <TEXT id="30210" sym="" lang="de" country="">Nur Anzeige</TEXT>
  <TEXT id="30213" sym="" lang="de" country="">Global</TEXT>
  <TEXT id="30214" sym="" lang="de" country="">Kein Diagramm</TEXT>
  <TEXT id="30215" sym="" lang="de" country="">TOP 5 Verlustkonto</TEXT>
  <TEXT id="30216" sym="" lang="de" country="">Select</TEXT>
  <TEXT id="30217" sym="" lang="de" country="">Info</TEXT>
  <TEXT id="30218" sym="" lang="de" country="">Home</TEXT>
  <TEXT id="30219" sym="" lang="de" country="">Übernehmen</TEXT>
  <TEXT id="30220" sym="" lang="de" country="">Monitor</TEXT>
  <TEXT id="30221" sym="" lang="de" country="">Maschinen Verlustkonto</TEXT>
  <TEXT id="30222" sym="" lang="de" country="">Stopp Zeit</TEXT>
  <TEXT id="30223" sym="" lang="de" country="">Start Zeit</TEXT>
  <TEXT id="30224" sym="" lang="de" country="">Bediener Stopp</TEXT>
  <TEXT id="30225" sym="" lang="de" country="">Ereignis Start</TEXT>
  <TEXT id="30226" sym="" lang="de" country="">Ereignis Stopp</TEXT>
  <TEXT id="30227" sym="" lang="de" country="">Kommentar</TEXT>
  <TEXT id="30228" sym="" lang="de" country="">Stoppgrund</TEXT>
  <TEXT id="30229" sym="" lang="de" country="">Stoppdauer</TEXT>
  <TEXT id="30230" sym="" lang="de" country="">Ereignisdauer</TEXT>
  <TEXT id="30231" sym="" lang="de" country="">Bericht Gerätestatistik</TEXT>
  <TEXT id="30232" sym="" lang="de" country="">Woche</TEXT>
  <TEXT id="30233" sym="" lang="de" country="">Nebenzeit</TEXT>
  <TEXT id="30234" sym="" lang="de" country="">Verlustkategoriezuweisung zum Verlustkonto</TEXT>
  <TEXT id="30263" sym="" lang="de" country="">Auftrag:</TEXT>
  <TEXT id="30628" sym="" lang="de" country="">Virtuelle Maschine 1</TEXT>
  <TEXT id="30629" sym="" lang="de" country="">Virtuelle Maschine 2</TEXT>
  <TEXT id="30630" sym="" lang="de" country="">Virtuelle Maschine 3</TEXT>
  <TEXT id="30631" sym="" lang="de" country="">Virtuelle Maschine 4</TEXT>
  <TEXT id="30632" sym="" lang="de" country="">Virtuelle Maschine 5</TEXT>
  <TEXT id="30633" sym="" lang="de" country="">Virtuelle Maschine 6</TEXT>
  <TEXT id="30634" sym="" lang="de" country="">Virtuelle Maschine 7</TEXT>
  <TEXT id="30635" sym="" lang="de" country="">Virtuelle Maschine 8</TEXT>
  <TEXT id="30636" sym="" lang="de" country="">Virtuelle Maschine 9</TEXT>
  <TEXT id="30637" sym="" lang="de" country="">Virtuelle Maschine 10</TEXT>
  <TEXT id="30638" sym="" lang="de" country="">Prozess</TEXT>  
  <TEXT id="31538" sym="" lang="de" country="">Track &amp; Trace</TEXT>
  <TEXT id="31642" sym="" lang="de" country="">Häufigkeit</TEXT>
  <TEXT id="31643" sym="" lang="de" country="">Häufigkeit rel. %</TEXT>
</TEXTS>

