<?xml version="1.0" encoding="UTF-8"?>
<!DOCTYPE TEXTS SYSTEM "file://localhost/vimacon/dtds/tc2_8/texts.dtd">

<TEXTS>
  <TEXT id="19" sym="" lang="en" country="">Reference run</TEXT>
  <TEXT id="22" sym="" lang="en" country="">Machine ready to start</TEXT>
  <TEXT id="23" sym="" lang="en" country="">Start-up time</TEXT>
  <TEXT id="24" sym="" lang="en" country="">Machine / line running</TEXT>
  <TEXT id="27" sym="" lang="en" country="">Waiting for reference</TEXT>
  <TEXT id="9044" sym="" lang="en" country="">error</TEXT>
  <TEXT id="11594" sym="" lang="en" country="">Fault</TEXT>
  <TEXT id="12345" sym="" lang="en" country="">Contact cooling</TEXT>
  <TEXT id="13006" sym="" lang="en" country="">Inching/Operation</TEXT>
  <TEXT id="16300" sym="" lang="en" country="">Initializing printer</TEXT>
  <TEXT id="18638" sym="" lang="en" country="">Initialization</TEXT>
  <TEXT id="18639" sym="" lang="en" country="">Idle</TEXT>
  <TEXT id="18787" sym="" lang="en" country="">Aborting</TEXT>
  <TEXT id="18788" sym="" lang="en" country="">Stopped</TEXT>
  <TEXT id="18789" sym="" lang="en" country="">Standby</TEXT>
  <TEXT id="19250" sym="" lang="en" country="">Unscheduled Time</TEXT>
  <TEXT id="19251" sym="" lang="en" country="">Machine fault</TEXT>
  <TEXT id="19252" sym="" lang="en" country="">Unknown</TEXT>
  <TEXT id="19253" sym="" lang="en" country="">Error in the configuration of the DC2 component.</TEXT>
  <TEXT id="19254" sym="" lang="en" country="">The PDA counter on the PLC have not been reset.</TEXT>
  <TEXT id="19255" sym="" lang="en" country="">The defined shift model is inconsistent.</TEXT>
  <TEXT id="19256" sym="" lang="en" country="">The Planned Downtimes are inconsistent.</TEXT>
  <TEXT id="19257" sym="" lang="en" country="">The text IDs of the counter arrays could not be read from the PLC.</TEXT>
  <TEXT id="19258" sym="" lang="en" country="">PDA active</TEXT>
  <TEXT id="19259" sym="" lang="en" country="">Undefined / No Signal</TEXT>
  <TEXT id="19268" sym="" lang="en" country="">Breakdowns</TEXT>
  <TEXT id="19269" sym="" lang="en" country="">Setup/Adjustments</TEXT>
  <TEXT id="19270" sym="" lang="en" country="">Short Stops/Idling</TEXT>
  <TEXT id="19271" sym="" lang="en" country="">Reduced Speed</TEXT>
  <TEXT id="19272" sym="" lang="en" country="">Startup Rejects</TEXT>
  <TEXT id="19273" sym="" lang="en" country="">Production Rejects</TEXT>
  <TEXT id="20397" sym="" lang="en" country="">Database error</TEXT>
</TEXTS>

