<?xml version="1.0" encoding="UTF-8"?>
<!DOCTYPE TEXTS SYSTEM "file://localhost/vimacon/dtds/tc2_8/texts.dtd">

<TEXTS>
  <TEXT id="19" sym="" lang="en" country="">Reference run</TEXT>
  <TEXT id="22" sym="" lang="en" country="">Machine ready to start</TEXT>
  <TEXT id="23" sym="" lang="en" country="">Start-up time</TEXT>
  <TEXT id="24" sym="" lang="en" country="">Machine / line running</TEXT>
  <TEXT id="27" sym="" lang="en" country="">Waiting for reference</TEXT>
  <TEXT id="1261" sym="" lang="en" country="">Maintenance</TEXT>
  <TEXT id="4905" sym="" lang="en" country="">Blister</TEXT>
  <TEXT id="7175" sym="" lang="en" country="">Manual</TEXT>
  <TEXT id="7325" sym="" lang="en" country="">m</TEXT>
  <TEXT id="7880" sym="" lang="en" country="">Stretchbander</TEXT>
  <TEXT id="7914" sym="" lang="en" country="">Run machine empty</TEXT>
  <TEXT id="8427" sym="" lang="en" country="">Blisters/min.</TEXT>
  <TEXT id="8478" sym="" lang="en" country="">Cartons/min</TEXT>
  <TEXT id="8479" sym="" lang="en" country="">Bundles/min</TEXT>
  <TEXT id="8486" sym="" lang="en" country="">Production</TEXT>
  <TEXT id="8864" sym="" lang="en" country="">Heating up</TEXT>
  <TEXT id="9185" sym="" lang="en" country="">Labeler</TEXT>
  <TEXT id="9193" sym="" lang="en" country="">Cartons</TEXT>
  <TEXT id="10372" sym="" lang="en" country="">Counter</TEXT>
  <TEXT id="11558" sym="" lang="en" country="">Cartoner</TEXT>
  <TEXT id="11594" sym="" lang="en" country="">Fault</TEXT>
  <TEXT id="11972" sym="" lang="en" country="">Leaflet</TEXT>
  <TEXT id="12408" sym="" lang="en" country="">Cleaning</TEXT>
  <TEXT id="12412" sym="" lang="en" country="">Test run</TEXT>
  <TEXT id="14087" sym="" lang="en" country="">Checkweigher</TEXT>
  <TEXT id="16233" sym="" lang="en" country="">Current speed</TEXT>
  <TEXT id="16300" sym="" lang="en" country="">Initializing printer</TEXT>
  <TEXT id="16434" sym="" lang="en" country="">TEST RUN</TEXT>
  <TEXT id="16464" sym="" lang="en" country="">JOGGING</TEXT>
  <TEXT id="16560" sym="" lang="en" country="">Waiting for synchronous pos.</TEXT>
  <TEXT id="16561" sym="" lang="en" country="">Approach to synchronous pos.</TEXT>
  <TEXT id="17525" sym="" lang="en" country="">Printer not ready</TEXT>
  <TEXT id="18526" sym="" lang="en" country="">Booklet</TEXT>
  <TEXT id="18638" sym="" lang="en" country="">Initialization</TEXT>
  <TEXT id="18787" sym="" lang="en" country="">Aborting</TEXT>
  <TEXT id="18788" sym="" lang="en" country="">Stopped</TEXT>
  <TEXT id="18789" sym="" lang="en" country="">Standby</TEXT>
  <TEXT id="19250" sym="" lang="en" country="">Unscheduled Time</TEXT>
  <TEXT id="19252" sym="" lang="en" country="">Unknown</TEXT>
  <TEXT id="19259" sym="" lang="en" country="">Undefined / No Signal</TEXT>
  <TEXT id="19268" sym="" lang="en" country="">Breakdowns</TEXT>
  <TEXT id="19269" sym="" lang="en" country="">Setup/Adjustments</TEXT>
  <TEXT id="19270" sym="" lang="en" country="">Short Stops/Idling</TEXT>
  <TEXT id="19271" sym="" lang="en" country="">Reduced Speed</TEXT>
  <TEXT id="19272" sym="" lang="en" country="">Startup Rejects</TEXT>
  <TEXT id="19273" sym="" lang="en" country="">Production Rejects</TEXT>
  <TEXT id="20449" sym="" lang="en" country="">Monday</TEXT>
  <TEXT id="20450" sym="" lang="en" country="">Tuesday</TEXT>
  <TEXT id="20451" sym="" lang="en" country="">Wednesday</TEXT>
  <TEXT id="20452" sym="" lang="en" country="">Thursday</TEXT>
  <TEXT id="20453" sym="" lang="en" country="">Friday</TEXT>
  <TEXT id="20454" sym="" lang="en" country="">Saturday</TEXT>
  <TEXT id="20455" sym="" lang="en" country="">Sunday</TEXT>
  <TEXT id="20571" sym="" lang="en" country="">Break</TEXT>
  <TEXT id="20573" sym="" lang="en" country="">Meeting</TEXT>
  <TEXT id="20614" sym="" lang="en" country="">Wait for stop reason feedback</TEXT>
  <TEXT id="20615" sym="" lang="en" country="">Format load</TEXT>
  <TEXT id="20616" sym="" lang="en" country="">Wallets/min</TEXT>
  <TEXT id="20617" sym="" lang="en" country="">Cartridges/min</TEXT>
  <TEXT id="20618" sym="" lang="en" country="">Bundles/min</TEXT>
  <TEXT id="20629" sym="" lang="en" country="">Cases/min</TEXT>
  <TEXT id="20901" sym="" lang="en" country="">Initializing feeder</TEXT>
  <TEXT id="21742" sym="" lang="en" country="">Casepacker</TEXT>
  <TEXT id="22108" sym="" lang="en" country="">Organisational induced loss time</TEXT>
  <TEXT id="22234" sym="" lang="en" country="">Format name</TEXT>
  <TEXT id="22336" sym="" lang="en" country="">Component deactivated.</TEXT>
  <TEXT id="22447" sym="" lang="en" country="">Running Idle</TEXT>
  <TEXT id="22448" sym="" lang="en" country="">Training</TEXT>
  <TEXT id="22449" sym="" lang="en" country="">Test</TEXT>
  <TEXT id="22450" sym="" lang="en" country="">Lunch</TEXT>
  <TEXT id="22536" sym="" lang="en" country="">Planned Downtime</TEXT>
  <TEXT id="23006" sym="" lang="en" country="">Technical intervention</TEXT>
  <TEXT id="23007" sym="" lang="en" country="">Packaging material change</TEXT>
  <TEXT id="23008" sym="" lang="en" country="">End of shift</TEXT>
  <TEXT id="23009" sym="" lang="en" country="">Format change</TEXT>
  <TEXT id="23010" sym="" lang="en" country="">Intermediate result</TEXT>
  <TEXT id="23011" sym="" lang="en" country="">Special processes</TEXT>
  <TEXT id="23012" sym="" lang="en" country="">Unplanned meeting / training - Evacuation</TEXT>
  <TEXT id="23013" sym="" lang="en" country="">Start of batch</TEXT>
  <TEXT id="23014" sym="" lang="en" country="">End of batch</TEXT>
  <TEXT id="23015" sym="" lang="en" country="">Ressources shortage</TEXT>
  <TEXT id="23051" sym="" lang="en" country="">User-specific</TEXT>
  <TEXT id="23306" sym="" lang="en" country="">BLISTER MACHINE</TEXT>
  <TEXT id="23478" sym="" lang="en" country="">Line fill up</TEXT>
  <TEXT id="24120" sym="" lang="en" country="">Format version</TEXT>
  <TEXT id="24485" sym="" lang="en" country="">Automatic restart mode</TEXT>
  <TEXT id="25388" sym="" lang="en" country="">Jogging</TEXT>
  <TEXT id="26689" sym="" lang="en" country="">Prod./min</TEXT>
  <TEXT id="27194" sym="" lang="en" country="">Startup HMI, Boot PLC</TEXT>
  <TEXT id="27557" sym="" lang="en" country="">Material Usage</TEXT>
  <TEXT id="30098" sym="" lang="en" country="">Total</TEXT>
  <TEXT id="30099" sym="" lang="en" country="">Good</TEXT>
  <TEXT id="30180" sym="" lang="en" country="">Total Bad Products</TEXT>
  <TEXT id="30181" sym="" lang="en" country="">Single Bad</TEXT>
  <TEXT id="30182" sym="" lang="en" country="">Input</TEXT>
  <TEXT id="30210" sym="" lang="en" country="">Display Only</TEXT>
  <TEXT id="32622" sym="" lang="en" country="">Missing Stop Reason Reporting</TEXT>
  <TEXT id="40317" sym="" lang="en" country="">Palletizer</TEXT>
</TEXTS>

