<?xml version='1.0' encoding="UTF-8" ?>
<?xml-stylesheet type='text/xsl' href="file://C:/vimacon/stylesheets/vico/almanach.xsl" ?>


<HISTORY module="BatchManager_BuRPLC" company="Uhlmann" author="Roland Dreyer" created="2008-07-09">
    <DESC lang="de">Auftragsserver</DESC>
    <DESC lang="en">Batch manager</DESC>
    <RECORD type="vico_generated" user="eichner_p" timestamp="1251725239" date="2009-08-31T15:27:19">
        <USER_COMMENT user="eichner_p" date="2009-08-31T15:27:19">Initial Module Document Generated by Vico Module Management System</USER_COMMENT>
        <MACHINE name="B1660" serialno="1380102" version="3.50.2.1" kind="BLM" type="B1550" subtype="ET"/>
        <MODDESC kind="pda_batchmanager" version="3.50.0"/>
    </RECORD>
</HISTORY>

