<?xml version="1.0" encoding="ISO-8859-1"?>
<!DOCTYPE EQUIPMENT SYSTEM "file://localhost/vimacon/dtds/tc3_0/equipment.dtd">

<EQUIPMENT name="FDS" id="0" text="20393" pingInterval="65000" bootIndex="1" commandLine="c:\pm2004\bin\fds\startFdsJar.cmd,c:\pm2004\bin\fds,FDS,FDS" configPath=".\bin\fds\config">
    <BASE_CONF activated="1" class="67" errorSet="FDS_ErrorReport" errorReset="FDS_ErrorReset"/>
    <FDS_CONF>
        <configuration version="2.0.0">
            <ers>
                <baseErs>
                    <name>FDS</name>
                    <reconnectionPeriod>2</reconnectionPeriod>
                    <synchTimeout>50</synchTimeout>
                    <synchRetry>1</synchRetry>
                    <asynchTimeout>60</asynchTimeout>
                    <formatLoadTimeout>100</formatLoadTimeout>
                    <maxTcpAliveFailures>3</maxTcpAliveFailures>
                    <messageIdPrefix>FDS</messageIdPrefix>
                    <batchData>true</batchData>
                    <CFRP11>true</CFRP11>
                    <integrityCheck>true</integrityCheck>
                    <batchDataTimeout>120</batchDataTimeout>
                    <mFdsTimeout>120</mFdsTimeout>
                </baseErs>
                <connection>
                    <brokerIpAdr>localhost</brokerIpAdr>
                    <brokerTcpPort>5100</brokerTcpPort>
                </connection>
                <dbConnection>
                    <server>localhost</server>
                    <database>ProductionDB</database>
                    <user>FormatDataServer</user>
                    <pwd>BCEICKFCDPEPCLEPDDENDBFCBAEICEFCDJEPCHEPABENCAFCCGEIDDFCCIEPDEEP</pwd>
                </dbConnection>
                <brokerVariablesErs>
                    <providedVar semantic="getFdsConfiguration">FDS_GetFdsConfiguration</providedVar>
                    <providedVar semantic="getAvailableFormats">FDS_GetAvailableFormats</providedVar>
                    <providedVar semantic="getVersionsOfFormat">FDS_GetVersionsOfFormat</providedVar>
                    <providedVar semantic="getAllVersionsOfSystem">FDS_GetAllVersionsOfSystem</providedVar>
                    <providedVar semantic="saveGroundFormat">FDS_SaveGF</providedVar>
                    <providedVar semantic="saveNewFormat">FDS_SaveNewFormat</providedVar>
                    <providedVar semantic="overwriteFormat">FDS_OverwriteFormat</providedVar>
                    <providedVar semantic="loadFormat">FDS_LoadFormat</providedVar>
                    <providedVar semantic="reloadLastFormat">FDS_LoadPreviousFormat</providedVar>
                    <providedVar semantic="deleteFormat">FDS_DeleteFormat</providedVar>
                    <providedVar semantic="renameFormat">FDS_RenameFormat</providedVar>
                    <providedVar semantic="readFormat">FDS_ReadFormat</providedVar>
                    <providedVar semantic="importFormat">FDS_ImportFormat</providedVar>
                    <providedVar semantic="signData">FDS_SignData</providedVar>
                    <providedVar semantic="lineInfo">FDS_LineInfo</providedVar>
                    <providedVar semantic="machineInfo">FDS_MachineInfo</providedVar>
                    <providedVar semantic="stationInfo">FDS_StationInfo</providedVar>
                    <providedVar semantic="deviceInfo">FDS_DeviceInfo</providedVar>
                    <providedVar semantic="formatUpdate">FDS_FormatUpdate</providedVar>
                    <providedVar semantic="deviceInit">FDS_DeviceInit</providedVar>
                    <providedVar semantic="saveElectronicRecord">FDS_SaveER</providedVar>
                    <providedVar semantic="overwriteElectronicRecord">FDS_OverwriteER</providedVar>
                    <providedVar semantic="readAllAvailableElectronicRecords">FDS_ReadAllAvailableERs</providedVar>
                    <providedVar semantic="readElectronicRecord">FDS_ReadER</providedVar>
                    <providedVar semantic="deleteElectronicRecord">FDS_DeleteER</providedVar>
                    <providedVar semantic="getAllFiles">FDS_GetAllFiles</providedVar>
                    <providedVar semantic="checkInFile">FDS_CheckInFile</providedVar>
                    <providedVar semantic="checkOutFile">FDS_CheckOutFile</providedVar>
                    <providedVar semantic="deleteFile">FDS_DeleteFile</providedVar>
                    <providedVar semantic="changeList">FDS_ChangeList</providedVar>
                    <providedVar semantic="changeNotification">FDS_ChangeNotification</providedVar>
                    <providedVar semantic="status">FDS_Status</providedVar>
                    <providedVar semantic="setBatchData">FDS_SetBatchData</providedVar>
                    <providedVar semantic="commitBatchData">FDS_CommitBatchData</providedVar>
                    <providedVar semantic="rollbackBatchData">FDS_RollbackBatchData</providedVar>
                    <providedVar semantic="loadBatchData">FDS_LoadBatchData</providedVar>
                    <providedVar semantic="resetBatchData">FDS_ResetBatchData</providedVar>
                    <providedVar semantic="tcErrorReport">FDS_ErrorReport</providedVar>
                    <providedVar semantic="tcErrorReset">FDS_ErrorReset</providedVar>
                    <providedVar semantic="manageComponent">FDS_ManageComponent</providedVar>
                    <providedVar semantic="saveSinglePV">FDS_SaveSinglePV</providedVar>
                    <providedVar semantic="comparePV">FDS_ComparePV</providedVar>
                    <providedVar semantic="compareFormats">FDS_CompareFormats</providedVar>
                    <providedVar semantic="approveFormats">FDS_ApproveFormats</providedVar>
                    <providedVar semantic="fdsBatchCtrlState">FDS_BatchCtrlState</providedVar>
                    <requestedVar semantic="referencedFormats" namespace="LIB"/>
                    <requestedVar semantic="auditTrail">AUDITMESSAGE</requestedVar>
                    <requestedVar semantic="batchDataAvailable" namespace="LIB">BM_BatchDataAvailable</requestedVar>
                    <requestedVar semantic="batchData" namespace="LIB">BM_BatchData</requestedVar>
                    <requestedVar semantic="formatChangeLock" namespace="LIB">BM_FormatChangeLock</requestedVar>
                    <requestedVar semantic="bmBatchCtrlState" namespace="LIB">BM_BatchCtrlState</requestedVar>
                </brokerVariablesErs>
                <errors>
                    <item name="auditTrail" code="66000"/>
                    <item name="communicationError" code="66001"/>
                    <item name="dbError" code="66002"/>
                    <item name="componentDeactivated" code="66003"/>
                    <item name="writingToDevice" code="66016"/>
                    <item name="batchStateInconsistent" code="66018"/>
                </errors>
            </ers>
        </configuration>
    </FDS_CONF>
    <TC_CONF>
        <SYSCONF category="FDS" sym="sysPathSystem">0</SYSCONF>
        <SYSCONF category="FDS" sym="machineInfo">FDS_MachineInfo</SYSCONF>
        <SYSCONF category="FDS" sym="lineInfo">FDS_LineInfo</SYSCONF>
        <SYSCONF category="FDS" sym="changeList">FDS_ChangeList</SYSCONF>
        <SYSCONF category="FDS" sym="showLineInfo">0</SYSCONF>
        <SYSCONF category="FDS" sym="formatName">PM_FormatName</SYSCONF>
        <SYSCONF category="FDS" sym="readFormat">FDS_ReadFormat</SYSCONF>
        <SYSCONF category="FDS" sym="formatUpdate">FDS_FormatUpdate</SYSCONF>
        <SYSCONF category="PDA" sym="BatchDataVar">FDS_BatchCtrlState</SYSCONF>
    </TC_CONF>
</EQUIPMENT>
