<?xml version='1.0' encoding="UTF-8" ?>
<?xml-stylesheet type='text/xsl' href="file://C:/vimacon/stylesheets/vico/almanach.xsl" ?>


<HISTORY module="LF_CSAT" company="Uhlmann" author="Roland Bartmann" created="2003-11-18">
    <RECORD type="vico_generated" user="ruess" timestamp="1088598019" date="2004-06-30T14:20:19">
        <MACHINE name="53/311" serialno="53/311" version="2.8.1" kind="TFM" type="UPS1070" subtype="MTK"/>
        <MODDESC kind="lidfoil_printing" version="1.0.0"/>
        <USER_COMMENT user="ruess" date="2004-06-30T14:20:19">Initial Module Document Generated by Vico Module Management System</USER_COMMENT>
    </RECORD>
    <RECORD type="imported" user="held_a" timestamp="1112790925" date="2005-04-06T14:35:25">
        <USER_COMMENT user="held_a" date="2005-04-06T14:35:25">Imported into New Platform</USER_COMMENT>
        <MACHINE name="137/001" serialno="137/001" version="2.8.3" kind="TFM" type="B1880" subtype="MTI"/>
        <MODDESC kind="lidfoil_printing" version="1.1.0"/>
    </RECORD>
    <RECORD type="new_machine" user="kreutle" timestamp="1171447297" date="2007-02-14T11:01:37">
        <USER_COMMENT user="kreutle" date="2007-02-14T11:01:37">CSAT auf TCP IP Kommunikation umgestellt
</USER_COMMENT>
        <MACHINE name="51/160" serialno="51/160" version="3.24" kind="TFM" type="UPS1070" subtype="MTI"/>
        <MODDESC kind="lidfoil_printing" version="1.1.2"/>
    </RECORD>
</HISTORY>

