<?xml version="1.0" encoding="ISO-8859-1"?>
<!DOCTYPE EQUIPMENT SYSTEM "file://localhost/vimacon/dtds/tc3_0/equipment.dtd">

<EQUIPMENT name="ATSDbSync" id="0" text="22421" pingInterval="65000" bootIndex="2" commandLine="c:\pm2004\bin\ATSDbSync\ATSDBSync.exe,C:\pm2004\bin\ATSDbSync,ATSDbSync,ATSDbSync" configPath=".\bin\ATSDbSync\config">
    <BASE_CONF activated="1" class="177" errorSet="ATSDbSync_ErrorReport" errorReset="ATSDbSync_ErrorReset"/>
    <LOGGING>
        <Enabled>true</Enabled>
        <Overwrite>true</Overwrite>
        <Level>6</Level>
        <LogFilePath>C:\pm2004\log</LogFilePath>
        <LogFileName>ATSBDSyncLog.txt</LogFileName>
    </LOGGING>
    <DRIVER_CONF>
        <ErrorHandling>
            <autoRemoveErrors>False</autoRemoveErrors>
            <enableDeleteDuplicateIDDeadlock>False</enableDeleteDuplicateIDDeadlock>
        </ErrorHandling>
        <Broker>
            <ReconnectionTime>30</ReconnectionTime>
            <SendSyncTimeout>120</SendSyncTimeout>
        </Broker>
        <SubscribeVars>
            <MIBConnectedToLIB>MIB_ConnectedToLib</MIBConnectedToLIB>
        </SubscribeVars>
        <DataBase>
            <local>
                <ConnectionString>Provider=SQLOLEDB.1; Initial Catalog=ProductionDB;Data Source=localhost; UID=AuditTrailServer; Pwd=BFEIDAFCCJEPCPEPCGENBBFCCGEICEFCCEEPCKEPABENCAFCCGEIDDFCCIEPDEEP</ConnectionString>
            </local>
            <line>
                <ConnectionString>Provider=SQLOLEDB.1; Initial Catalog=ProductionDB;Data Source=192.168.1.1; UID=AuditTrailServer; Pwd=BFEIDAFCCJEPCPEPCGENBBFCCGEICEFCCEEPCKEPABENCAFCCGEIDDFCCIEPDEEP</ConnectionString>
            </line>
        </DataBase>
    </DRIVER_CONF>
    <DEVICE_ERRORS>
        <errNoInsertFailed>66011</errNoInsertFailed>
        <errNoSynchronisation>66012</errNoSynchronisation>
    </DEVICE_ERRORS>
</EQUIPMENT>
