<?xml version="1.0" encoding="ISO-8859-1"?>
<!DOCTYPE PAGES SYSTEM "file://localhost/vimacon/dtds/tc2_8/pages.dtd">

<PAGES>
    <PAGE name="Web_Decurling" text="11884" help="100001" type="3" menu="" cmt="Web_Decurling" rightVisible="24" icon="" stationUse="1">
        <VISLET name="Decurl_SET_guideplate" showSymbol="0" x="0" y="10"/>
        <VISLET name="Decurl_SET_Cover" showSymbol="0" x="0" y="20"/>
        <VISLET name="Decurl_SET_BrakeSetting" showSymbol="0" x="0" y="30"/>
        <VISLET name="Decurl_SET_BLISTER_DECURLING_DEVICE" showSymbol="0" x="0" y="40"/>
        <VISLET name="Decurl_SET_DepthOfImmersion" showSymbol="0" x="0" y="50"/>
        <VISLET name="Decurl_SET_ConveyorBeltTension" showSymbol="0" x="0" y="60"/>
        <VISLET name="Decurl_SET_ReversingGuide" showSymbol="0" x="0" y="70"/>
        <VISLET name="Decurl_SET_PressRoller" showSymbol="0" x="0" y="70"/>
        <VISLET name="Decurl_SET_BrakePlate" showSymbol="0" x="0" y="70"/>
    </PAGE>
</PAGES>
