<?xml version='1.0' encoding="UTF-8" ?>
<?xml-stylesheet type='text/xsl' href="file://C:/vimacon/stylesheets/vico/almanach.xsl" ?>


<HISTORY module="Global" company="Uhlmann" author="J. Preusch" created="2009-03-19">
    <DESC lang="de">Globale Konfiguration fuer TouchControl</DESC>
    <DESC lang="en">global configuration for TouchControl</DESC>
    <RECORD type="vico_generated" user="Kley_m" timestamp="1246963585" date="2009-07-07T12:46:25">
        <USER_COMMENT user="Kley_m" date="2009-07-07T12:46:25">Initial Module Document Generated by Vico Module Management System</USER_COMMENT>
        <MACHINE name="B1660" serialno="1380102" version="" kind="BLM" type="B1550" subtype="ET"/>
        <MODDESC kind="global" version="3.50.0"/>
    </RECORD>
</HISTORY>

