<?xml version="1.0" encoding="UTF-8"?>

<!DOCTYPE TEXTS SYSTEM "file://localhost/vimacon/dtds/tc2_8/texts.dtd">

<TEXTS>
    <TEXT id="20433" sym="" lang="de" country="DEU">Schrittweite Einrichtbetrieb</TEXT>
    <TEXT id="9604" sym="" lang="de" country="DEU">bar</TEXT>
    <TEXT id="11329" sym="" lang="de" country="DEU">VORWÄRTS</TEXT>
    <TEXT id="11330" sym="" lang="de" country="DEU">RÜCKWÄRTS</TEXT>
    <TEXT id="7008" sym="" lang="de" country="DEU">Codeleser</TEXT>
    <TEXT id="14269" sym="" lang="de" country="DEU">Deckfolienabspulung</TEXT>
    <TEXT id="9887" sym="" lang="de" country="DEU">Nullpunkt setzen</TEXT>
    <TEXT id="23820" sym="" lang="de" country="DEU">Tippen +</TEXT>
    <TEXT id="23821" sym="" lang="de" country="DEU">Tippen -</TEXT>
    <TEXT id="7262" sym="" lang="de" country="DEU">mm</TEXT>
    <TEXT id="9028" sym="" lang="de" country="DEU">Ein</TEXT>
    <TEXT id="9029" sym="" lang="de" country="DEU">Aus</TEXT>
    <TEXT id="24301" sym="" lang="de" country="DEU">Einrichtmode des Codelesers</TEXT>
    <TEXT id="24302" sym="" lang="de" country="DEU">Sollposition Codeleser Deckfolie</TEXT>
    <TEXT id="16284" sym="" lang="de" country="DEU">NULLEN</TEXT>
    <TEXT id="10823" sym="" lang="de" country="DEU">Serienfehler Codeleser 1</TEXT>
    <TEXT id="11068" sym="" lang="de" country="DEU">Codeleser</TEXT>
</TEXTS>

