<?xml version="1.0" encoding="UTF-8"?>

<!DOCTYPE TEXTS SYSTEM "file://localhost/vimacon/dtds/tc2_8/texts.dtd">

<TEXTS>
    <TEXT id="11329" sym="" lang="en" country="USA">FORWARD</TEXT>
    <TEXT id="11330" sym="" lang="en" country="USA">BACKWARD</TEXT>
    <TEXT id="7008" sym="" lang="en" country="USA">Code reader</TEXT>
    <TEXT id="14269" sym="" lang="en" country="USA">Lid foil unwind</TEXT>
    <TEXT id="24301" sym="" lang="en" country="USA">Inching mode of the code reader</TEXT>
    <TEXT id="24302" sym="" lang="en" country="USA">setpoint position code reader lid foil</TEXT>
    <TEXT id="16284" sym="" lang="en" country="USA">Set zero</TEXT>
    <TEXT id="20433" sym="" lang="en" country="USA">Step width inching mode</TEXT>
    <TEXT id="9604" sym="" lang="en" country="USA">bar</TEXT>
    <TEXT id="9887" sym="" lang="en" country="USA">Zero point setting</TEXT>
    <TEXT id="23820" sym="" lang="en" country="USA">Inching +</TEXT>
    <TEXT id="23821" sym="" lang="en" country="USA">Inching -</TEXT>
    <TEXT id="9028" sym="" lang="en" country="USA">on</TEXT>
    <TEXT id="9029" sym="" lang="en" country="USA">off</TEXT>
    <TEXT id="10823" sym="" lang="en" country="USA">Serial error code reader 1</TEXT>
    <TEXT id="11068" sym="" lang="en" country="USA">Code reader</TEXT>
</TEXTS>

