<?xml version="1.0" encoding="UTF-8"?>

<!DOCTYPE TEXTS SYSTEM "file://localhost/vimacon/dtds/tc2_8/texts.dtd">

<TEXTS>
    <TEXT id="12759" sym="" lang="en" country="USA">PINHOLE DETECTION</TEXT>
    <TEXT id="12760" sym="" lang="en" country="USA">Light mask</TEXT>
    <TEXT id="12783" sym="" lang="en" country="USA">Offset+</TEXT>
    <TEXT id="12784" sym="" lang="en" country="USA">Offset-</TEXT>
    <TEXT id="17358" sym="" lang="en" country="USA">MSR Pinhole detection LF</TEXT>
    <TEXT id="16038" sym="" lang="en" country="USA">Pinhole detection LF</TEXT>
    <TEXT id="17615" sym="" lang="en" country="USA">Set value light sensitivity</TEXT>
    <TEXT id="17616" sym="" lang="en" country="USA">Actual value light sensitivity</TEXT>
    <TEXT id="16957" sym="" lang="en" country="USA">Blister rows</TEXT>
    <TEXT id="16403" sym="" lang="en" country="USA">Distance to punch</TEXT>
</TEXTS>

