<?xml version="1.0" encoding="ISO-8859-1"?>
<!DOCTYPE EQUIPMENT SYSTEM "file://localhost/vimacon/dtds/tc3_0/equipment.dtd">

<EQUIPMENT name="FreePDFRemote" id="0" text="1" configPath=".\bin\FreePDFRemote\config">
    <LOGGING>
        <enabled>1</enabled>
        <file>C:\pm2004\log\FreePDFRemote.log</file>
    </LOGGING>
    <DRIVER_CONF>
        <keyList>
            <key name="ProcessName">FPassist.exe</key>
            <key name="WindowTitle">FreePDF XP 3.01</key>
        </keyList>
    </DRIVER_CONF>
</EQUIPMENT>
