<?xml version="1.0" encoding="UTF-8"?>
<!DOCTYPE TEXTS SYSTEM "file://localhost/vimacon/dtds/tc2_8/texts.dtd">

<TEXTS>
    <TEXT id="10" sym="" lang="de" country="">Fehler</TEXT>
    <TEXT id="15" sym="" lang="de" country="">Hilfe</TEXT>
    <TEXT id="29" sym="" lang="de" country="">Warnung</TEXT>
    <TEXT id="5007" sym="" lang="de" country="">Stationen</TEXT>
    <TEXT id="8400" sym="" lang="de" country="">Format</TEXT>
    <TEXT id="8442" sym="" lang="de" country="">Drucken</TEXT>
    <TEXT id="8545" sym="" lang="de" country="">Dateiauswahl</TEXT>
    <TEXT id="8577" sym="" lang="de" country="">Formatverwaltung</TEXT>
    <TEXT id="9411" sym="" lang="de" country="">von</TEXT>
    <TEXT id="10670" sym="" lang="de" country="">Klasse</TEXT>
    <TEXT id="12786" sym="" lang="de" country="">Zeit</TEXT>
    <TEXT id="12934" sym="" lang="de" country="">Typ</TEXT>
    <TEXT id="14328" sym="" lang="de" country="">Start</TEXT>
    <TEXT id="20820" sym="" lang="de" country="">Maschinenzustand</TEXT>
    <TEXT id="20831" sym="" lang="de" country="">Alarms</TEXT>
    <TEXT id="21554" sym="" lang="de" country="">Seite</TEXT>
    <TEXT id="21694" sym="" lang="de" country="">Recht Sichtbar:</TEXT>
    <TEXT id="21695" sym="" lang="de" country="">Recht Aktiv:</TEXT>
    <TEXT id="21696" sym="" lang="de" country="">Status Intern:</TEXT>
    <TEXT id="21698" sym="" lang="de" country="">Recht Einzelquittierung</TEXT>
    <TEXT id="22035" sym="" lang="de" country="">Level 0</TEXT>
    <TEXT id="22036" sym="" lang="de" country="">Level 1</TEXT>
    <TEXT id="22037" sym="" lang="de" country="">Level 2</TEXT>
    <TEXT id="22038" sym="" lang="de" country="">Level 3</TEXT>
    <TEXT id="22039" sym="" lang="de" country="">Level 4</TEXT>
    <TEXT id="22040" sym="" lang="de" country="">Level 5</TEXT>
    <TEXT id="22041" sym="" lang="de" country="">Level 6</TEXT>
    <TEXT id="22042" sym="" lang="de" country="">Level 7</TEXT>
    <TEXT id="22043" sym="" lang="de" country="">Level 8</TEXT>
    <TEXT id="22044" sym="" lang="de" country="">Level 9</TEXT>
    <TEXT id="22045" sym="" lang="de" country="">Level 10</TEXT>
    <TEXT id="22046" sym="" lang="de" country="">Level 11</TEXT>
    <TEXT id="22047" sym="" lang="de" country="">Level 12</TEXT>
    <TEXT id="22048" sym="" lang="de" country="">Level 13</TEXT>
    <TEXT id="22049" sym="" lang="de" country="">Level 14</TEXT>
    <TEXT id="22050" sym="" lang="de" country="">Level 15</TEXT>
    <TEXT id="22051" sym="" lang="de" country="">Validierung</TEXT>
    <TEXT id="22052" sym="" lang="de" country="">Protokoll</TEXT>
    <TEXT id="22053" sym="" lang="de" country="">BDE</TEXT>
    <TEXT id="22054" sym="" lang="de" country="">Signatur erforderlich</TEXT>
    <TEXT id="22055" sym="" lang="de" country="">Bedienbar &lt;&gt; 0 Grad</TEXT>
    <TEXT id="22056" sym="" lang="de" country="">Rücksetzen auf Formatwert</TEXT>
    <TEXT id="22057" sym="" lang="de" country="">Keine Sicherheitsprüfung</TEXT>
    <TEXT id="22068" sym="" lang="de" country="">Einzelquittierung</TEXT>
    <TEXT id="22069" sym="" lang="de" country="">Signatur</TEXT>
    <TEXT id="22070" sym="" lang="de" country="">Kritischer Alarm</TEXT>
    <TEXT id="22075" sym="" lang="de" country="">Berechtigung  - Stationen</TEXT>
    <TEXT id="22076" sym="" lang="de" country="">Berechtigung - Menü</TEXT>
    <TEXT id="22077" sym="" lang="de" country="">Berechtigung - Fehler</TEXT>
    <TEXT id="22079" sym="" lang="de" country="">Text</TEXT>
    <TEXT id="24020" sym="" lang="de" country="">Kunden Report</TEXT>
    <TEXT id="24118" sym="" lang="de" country="">von</TEXT>
    <TEXT id="25423" sym="" lang="de" country="">Andere</TEXT>
    <TEXT id="27060" sym="" lang="de" country="">TC Name</TEXT>
    <TEXT id="27061" sym="" lang="de" country="">Text ID</TEXT>
    <TEXT id="27062" sym="" lang="de" country="">Typ_ID</TEXT>
    <TEXT id="27064" sym="" lang="de" country="">phys. Min</TEXT>
    <TEXT id="27065" sym="" lang="de" country="">phys. Max</TEXT>
    <TEXT id="27066" sym="" lang="de" country="">Fehler Nr.</TEXT>
    <TEXT id="27067" sym="" lang="de" country="">Lesen/Schreiben</TEXT>
    <TEXT id="28716" sym="" lang="de" country="">Ihre Berechtigungen für:</TEXT>
    <TEXT id="28717" sym="" lang="de" country="">Ordner erstellen</TEXT>
    <TEXT id="28718" sym="" lang="de" country="">Dateien löschen</TEXT>
    <TEXT id="28719" sym="" lang="de" country="">Ordner löschen</TEXT>
    <TEXT id="28720" sym="" lang="de" country="">Ordner öffnen</TEXT>
    <TEXT id="28721" sym="" lang="de" country="">Dateien überschreiben</TEXT>
    <TEXT id="28724" sym="" lang="de" country="">Level</TEXT>
    <TEXT id="28725" sym="" lang="de" country="">Verzeichnis</TEXT>
    <TEXT id="32834" sym="" lang="de" country="">Elemente ohne Station</TEXT>
    <TEXT id="32835" sym="" lang="de" country="">Menü Elemente</TEXT>
    <TEXT id="32837" sym="" lang="de" country="">Werkzeugleisten</TEXT>
    <TEXT id="32838" sym="" lang="de" country="">Datei Dialog Einstellungen</TEXT>
    <TEXT id="32839" sym="" lang="de" country="">mit Hilfetexten</TEXT>
    <TEXT id="32841" sym="" lang="de" country="">An Drucker senden</TEXT>
    <TEXT id="32842" sym="" lang="de" country="">PDF erstellen</TEXT>
    <TEXT id="32843" sym="" lang="de" country="">CSV erstellen</TEXT>
    <TEXT id="32852" sym="" lang="de" country="">Hauptmenü Seite 1</TEXT>
    <TEXT id="32853" sym="" lang="de" country="">Hauptmenü Seite 2</TEXT>
    <TEXT id="32862" sym="" lang="de" country="">Menü</TEXT>
    <TEXT id="32863" sym="" lang="de" country="">Kontextmenü</TEXT>
</TEXTS>
