<?xml version="1.0" encoding="UTF-8"?>
<!DOCTYPE TEXTS SYSTEM "file://localhost/vimacon/dtds/tc2_8/texts.dtd">

<TEXTS>
    <TEXT id="10" sym="" lang="en" country="">Error</TEXT>
    <TEXT id="15" sym="" lang="en" country="">Help</TEXT>
    <TEXT id="29" sym="" lang="en" country="">Warning</TEXT>
    <TEXT id="5007" sym="" lang="en" country="">Stations</TEXT>
    <TEXT id="8400" sym="" lang="en" country="">Format</TEXT>
    <TEXT id="8442" sym="" lang="en" country="">Print</TEXT>
    <TEXT id="8545" sym="" lang="en" country="">File selection</TEXT>
    <TEXT id="8577" sym="" lang="en" country="">Format management</TEXT>
    <TEXT id="9411" sym="" lang="en" country="">from</TEXT>
    <TEXT id="10670" sym="" lang="en" country="">Class</TEXT>
    <TEXT id="12786" sym="" lang="en" country="">Time</TEXT>
    <TEXT id="12934" sym="" lang="en" country="">Type</TEXT>
    <TEXT id="14328" sym="" lang="en" country="">Start</TEXT>
    <TEXT id="20820" sym="" lang="en" country="">Machine Status</TEXT>
    <TEXT id="20831" sym="" lang="en" country="">Alarms</TEXT>
    <TEXT id="21554" sym="" lang="en" country="">Page</TEXT>
    <TEXT id="21694" sym="" lang="en" country="">right visible:</TEXT>
    <TEXT id="21695" sym="" lang="en" country="">right active:</TEXT>
    <TEXT id="21696" sym="" lang="en" country="">state internal:</TEXT>
    <TEXT id="21698" sym="" lang="en" country="">right single confirmation</TEXT>
    <TEXT id="22035" sym="" lang="en" country="">Level 0</TEXT>
    <TEXT id="22036" sym="" lang="en" country="">Level 1</TEXT>
    <TEXT id="22037" sym="" lang="en" country="">Level 2</TEXT>
    <TEXT id="22038" sym="" lang="en" country="">Level 3</TEXT>
    <TEXT id="22039" sym="" lang="en" country="">Level 4</TEXT>
    <TEXT id="22040" sym="" lang="en" country="">Level 5</TEXT>
    <TEXT id="22041" sym="" lang="en" country="">Level 6</TEXT>
    <TEXT id="22042" sym="" lang="en" country="">Level 7</TEXT>
    <TEXT id="22043" sym="" lang="en" country="">Level 8</TEXT>
    <TEXT id="22044" sym="" lang="en" country="">Level 9</TEXT>
    <TEXT id="22045" sym="" lang="en" country="">Level 10</TEXT>
    <TEXT id="22046" sym="" lang="en" country="">Level 11</TEXT>
    <TEXT id="22047" sym="" lang="en" country="">Level 12</TEXT>
    <TEXT id="22048" sym="" lang="en" country="">Level 13</TEXT>
    <TEXT id="22049" sym="" lang="en" country="">Level 14</TEXT>
    <TEXT id="22050" sym="" lang="en" country="">Level 15</TEXT>
    <TEXT id="22051" sym="" lang="en" country="">validation</TEXT>
    <TEXT id="22052" sym="" lang="en" country="">protocol</TEXT>
    <TEXT id="22053" sym="" lang="en" country="">PDA</TEXT>
    <TEXT id="22054" sym="" lang="en" country="">signature required</TEXT>
    <TEXT id="22055" sym="" lang="en" country="">operate at &lt;&gt; 0 degree</TEXT>
    <TEXT id="22056" sym="" lang="en" country="">Force to format value</TEXT>
    <TEXT id="22057" sym="" lang="en" country="">No safety check</TEXT>
    <TEXT id="22068" sym="" lang="en" country="">single confirmation</TEXT>
    <TEXT id="22069" sym="" lang="en" country="">signature</TEXT>
    <TEXT id="22070" sym="" lang="en" country="">critical alarm</TEXT>
    <TEXT id="22075" sym="" lang="en" country="">Stations rights</TEXT>
    <TEXT id="22076" sym="" lang="en" country="">Menu rights</TEXT>
    <TEXT id="22077" sym="" lang="en" country="">Errors rights</TEXT>
    <TEXT id="22079" sym="" lang="en" country="">Text</TEXT>
    <TEXT id="24020" sym="" lang="en" country="">Customer report</TEXT>
    <TEXT id="24118" sym="" lang="en" country="">of</TEXT>
    <TEXT id="25423" sym="" lang="en" country="">Others</TEXT>
    <TEXT id="27060" sym="" lang="en" country="">TC name</TEXT>
    <TEXT id="27061" sym="" lang="en" country="">text ID</TEXT>
    <TEXT id="27062" sym="" lang="en" country="">typ_ID</TEXT>
    <TEXT id="27064" sym="" lang="en" country="">phys. min</TEXT>
    <TEXT id="27065" sym="" lang="en" country="">phys. max</TEXT>
    <TEXT id="27066" sym="" lang="en" country="">error no.</TEXT>
    <TEXT id="27067" sym="" lang="en" country="">read/write</TEXT>
    <TEXT id="28716" sym="" lang="en" country="">Your permissions for:</TEXT>
    <TEXT id="28717" sym="" lang="en" country="">Create folder</TEXT>
    <TEXT id="28718" sym="" lang="en" country="">Delete files</TEXT>
    <TEXT id="28719" sym="" lang="en" country="">Delete folder</TEXT>
    <TEXT id="28720" sym="" lang="en" country="">Open folder</TEXT>
    <TEXT id="28721" sym="" lang="en" country="">Overwrite files</TEXT>
    <TEXT id="28724" sym="" lang="en" country="">Level</TEXT>
    <TEXT id="28725" sym="" lang="en" country="">Folder</TEXT>
    <TEXT id="32834" sym="" lang="en" country="">Elements without station</TEXT>
    <TEXT id="32835" sym="" lang="en" country="">Menu Elements</TEXT>
    <TEXT id="32837" sym="" lang="en" country="">Toolbars</TEXT>
    <TEXT id="32838" sym="" lang="en" country="">File dialog settings</TEXT>
    <TEXT id="32839" sym="" lang="en" country="">with help texts</TEXT>
    <TEXT id="32841" sym="" lang="en" country="">Send to printer</TEXT>
    <TEXT id="32842" sym="" lang="en" country="">Create PDF</TEXT>
    <TEXT id="32843" sym="" lang="en" country="">Create CSV</TEXT>
    <TEXT id="32852" sym="" lang="en" country="">Main menu page 1</TEXT>
    <TEXT id="32853" sym="" lang="en" country="">Main menu page 2</TEXT>
    <TEXT id="32862" sym="" lang="en" country="">Menu</TEXT>
    <TEXT id="32863" sym="" lang="en" country="">Context menu</TEXT>
</TEXTS>
