<?xml version="1.0" encoding="UTF-8"?>
<!DOCTYPE EQUIPMENT SYSTEM "file://localhost/vimacon/dtds/tc3_0/equipment.dtd">

<EQUIPMENT name="BatchManager" id="0" text="22418" pingInterval="65000" bootIndex="2" commandLine="c:\pm2004\bin\BatchManager\startBM.cmd,C:\pm2004\bin\BatchManager,BatchManager,BatchManager" configPath=".\bin\BatchManager\config">
    <BASE_CONF activated="0" class="6" errorSet="BM_TcErrorReport" errorReset="BM_TcErrorReset"/>
    <BROKER_CONF>
        <BROKER_VARS>
            <remoteMode>BM_RemoteMode</remoteMode>
            <auditTrail owner="EXTERN">AUDITMESSAGE</auditTrail>
            <batchCtrlState>BM_BatchCtrlState</batchCtrlState>
            <batchProgress>BM_BatchProgress</batchProgress>
            <batchStart>BM_BatchStart</batchStart>
            <batchModify>BM_BatchModify</batchModify>
            <batchStop>BM_BatchStop</batchStop>
            <batchDataAvailable>BM_BatchDataAvailable</batchDataAvailable>
            <batchData>BM_BatchData</batchData>
            <formatChangeLock>BM_FormatChangeLock</formatChangeLock>
            <machineState>BM_MachineState</machineState>
            <tcErrorReport>BM_TcErrorReport</tcErrorReport>
            <tcErrorReset>BM_TcErrorReset</tcErrorReset>
            <lineInfo owner="EXTERN">FDS_LineInfo</lineInfo>
            <machineInfo owner="EXTERN">FDS_MachineInfo</machineInfo>
            <loadFormat owner="EXTERN">FDS_LoadFormat</loadFormat>
            <loadBatchData owner="EXTERN">FDS_LoadBatchData</loadBatchData>
            <resetBatchData owner="EXTERN">FDS_ResetBatchData</resetBatchData>
            <saveElectronicRecord owner="EXTERN">FDS_SaveER</saveElectronicRecord>
            <readElectronicRecord owner="EXTERN">FDS_ReadER</readElectronicRecord>
            <deleteElectronicRecord owner="EXTERN">FDS_DeleteER</deleteElectronicRecord>
            <manageComponent owner="EXTERN">FDS_ManageComponent</manageComponent>
            <preparePDA owner="EXTERN">DC_PreparePDA</preparePDA>
            <finalizePDA owner="EXTERN">DC_FinalizePDA</finalizePDA>
            <lineStatus owner="EXTERN">DC_LineStatus</lineStatus>
            <batchCtrlStateValue>BMT_BatchCtrlState</batchCtrlStateValue>
            <setBatchData owner="EXTERN">FDS_SetBatchData</setBatchData>
            <commitBatchData owner="EXTERN">FDS_CommitBatchData</commitBatchData>
            <getFdsConfiguration owner="EXTERN">FDS_GetFdsConfiguration</getFdsConfiguration>
            <controlSystemBatchStart>BMT_BatchStart</controlSystemBatchStart>
            <controlSystemBatchModify>BMT_BatchModify</controlSystemBatchModify>
            <controlSystemBatchStop>BMT_BatchStop</controlSystemBatchStop>
            <controlSystemToggleVariable>BMT_TokenBit_UP</controlSystemToggleVariable>
            <controlSystemConnectionOK>BMT_Connection_OK</controlSystemConnectionOK>
            <reportControlSystemConnectionError owner="EXTERN">BV_ControlSystemLocal</reportControlSystemConnectionError>
            <controlSystemErrorInfo>BMT_ErrorInfo</controlSystemErrorInfo>
            <controlSystemBatchStartSignal>BMT_BatchStartCond</controlSystemBatchStartSignal>
            <rollbackBatchData owner="EXTERN">FDS_RollbackBatchData</rollbackBatchData>
        </BROKER_VARS>
    </BROKER_CONF>
    <BM_CONF>
        <dbConnection>
            <server>localhost</server>
            <database>BDE</database>
            <user>BatchManager</user>
            <pwd>BGEICEFCDJEPCFEPDKENAIFCDFEICLFCCMEPCBEPDHENDHFC</pwd>
        </dbConnection>
        <errors>
            <item name="auditTrail" code="66000"/>
            <item name="communicationError" code="66001"/>
            <item name="dbError" code="66002"/>
            <item name="summaryError" code="100"/>
            <item name="controlSystemConnectionError" code="99"/>
        </errors>
        <baseBM>
            <reconnectionPeriod>5</reconnectionPeriod>
            <synchTimeout>60</synchTimeout>
            <synchRetry>1</synchRetry>
            <asynchTimeout>30</asynchTimeout>
            <lineSetupTimeout>150</lineSetupTimeout>
            <maxTcpAliveFailures>3</maxTcpAliveFailures>
            <messageIdPrefix>BM</messageIdPrefix>
            <testMode>false</testMode>
            <formatChangeLock>true</formatChangeLock>
            <sharedDataDir/>
            <tempDataDir/>
            <PDA_Active>true</PDA_Active>
            <saveLabelsAsER>false</saveLabelsAsER>
            <remoteClient>BMClient_UDS</remoteClient>
            <remoteModeChangeAllowedStates>
                <bcState>1</bcState>
                <bcState>3</bcState>
            </remoteModeChangeAllowedStates>
            <fdsInterfaceDisabled>false</fdsInterfaceDisabled>
            <formatIdFileIfFdsDisabled>..\..\tc\form\Load.xml</formatIdFileIfFdsDisabled>
            <lotAutoIncrement>false</lotAutoIncrement>
        </baseBM>
        <externalControlSystem>
            <enabled>false</enabled>
            <brokerVariablePrefix>BMT_</brokerVariablePrefix>
            <toggleTime>5000</toggleTime>
            <toggleResetTimeout>15000</toggleResetTimeout>
        </externalControlSystem>
    </BM_CONF>
    <TC_CONF>
        <SYSCONF category="PDA" sym="PVName1">Batch_Product</SYSCONF>
        <SYSCONF category="PDA" sym="TextNrPV1">19905</SYSCONF>
        <SYSCONF category="PDA" sym="PVName2">Batch_BLM_LOT</SYSCONF>
        <SYSCONF category="PDA" sym="TextNrPV2">19279</SYSCONF>
        <SYSCONF category="PDA" sym="PVName3">Batch_BLM_EXP</SYSCONF>
        <SYSCONF category="PDA" sym="TextNrPV3">19280</SYSCONF>
    </TC_CONF>
</EQUIPMENT>
