<?xml version='1.0' encoding='ISO-8859-1'?>
<!DOCTYPE EPVS SYSTEM "file://localhost/vimacon/dtds/tc3_0/epvs.dtd">

<EPVS>
    <EPV name="ReasonReporting_Active" item=".HMI_Reason_Report_Active_PDA" address="07:00,01,01,V,@item," rwu="2" cmt="" type="BOOL" dsunit="" changeValue="" size="1"/>
    <EPV name="FaultReporting_TimeThreshold" item=".HMI_UserInfo_TimeOut_PDA" address="07:00,01,01,V,@item," rwu="2" cmt="" type="DINT" dsunit="" changeValue="" size="1"/>
    <EPV name="FeedbackExpected" item=".HMI_UserInfo_State_PDA" address="07:00,01,01,V,@item," rwu="2" cmt="" type="DINT" dsunit="" changeValue="" size="1"/>
    <EPV name="StopReason" item=".HMI_UserInfo_StopReason_PDA" address="07:00,01,01,V,@item," rwu="2" cmt="" type="DINT" dsunit="" changeValue="" size="1"/>
    <EPV name="Current_Mode_PDA" item=".HMI_Current_Mode_PDA" address="07:00,01,01,V,@item," rwu="2" cmt="" type="DINT" dsunit="" changeValue="" size="1"/>
    <EPV name="Current_State_PDA" item=".HMI_Current_State_PDA" address="07:00,01,01,V,@item," rwu="2" cmt="" type="DINT" dsunit="" changeValue="" size="1"/>
    <EPV name="MachineType" item=".HMI_Machine_Type_PDA" address="07:00,01,01,V,@item," rwu="2" cmt="" type="STRING" dsunit="" changeValue="" size="1"/>
    <EPV name="MachineID" item=".HMI_Machine_ID_PDA" address="07:00,01,01,V,@item," rwu="2" cmt="" type="DINT" dsunit="" changeValue="" size="1"/>
    <EPV name="MachineYear" item=".HMI_Machine_Year_PDA" address="07:00,01,01,V,@item," rwu="2" cmt="" type="DINT" dsunit="" changeValue="" size="1"/>
    <EPV name="HourCounterPDA" item=".HMI_HourCounter_PDA" address="07:00,01,01,V,@item," rwu="2" cmt="" type="DINT" dsunit="" changeValue="" size="1"/>
    <EPV name="HourCounterPLC" item=".HMI_HourCounter_PLC" address="07:00,01,01,V,@item," rwu="2" cmt="" type="DINT" dsunit="" changeValue="" size="1"/>
    <EPV name="ActualSpeed" item=".HMI_Cur_Mach_Spd_PDA" address="07:00,01,01,V,@item," rwu="0" cmt="" type="LREAL" dsunit="" changeValue="" size="1"/>
    <EPV name="Pack_Ratio_PDA" item=".HMI_Pack_Ratio_PDA" address="07:00,01,01,V,@item," rwu="2" cmt="" type="DINT" dsunit="" changeValue="" size="1"/>
    <EPV name="MaterialState" item=".HMI_Mat_Status_PDA" address="07:00,01,01,V,@item," rwu="2" cmt="" type="DINT" dsunit="" changeValue="" size="1"/>
    <EPV name="CounterProduction" item=".HMI_Counter_Prod_PDA" address="07:00,01,01,V,@item," rwu="2" cmt="" type="DINT" dsunit="" changeValue="" size="100"/>
</EPVS>
