<?xml version='1.0' encoding='ISO-8859-1'?>
<?xml-stylesheet type='text/xsl' href='..\xml\Error.xsl'?>
<Hilfe id="50176" lang="en">
	<Id>Index:50176</Id>
	<Kommentar>Print image monitoring</Kommentar>
	<Textblock>Description of the parameter</Textblock>
	<Aufzaehlung>Distance between the punch and this station, expressed in blister rows (shift register 1).</Aufzaehlung>
	<Aufzaehlung>Offset+: Number of blister rows which is entered in addition prior to the current position.</Aufzaehlung>
	<Aufzaehlung>Offset-: Number of blister rows which is entered in addition after the current position.</Aufzaehlung>
	<Aufzaehlung>Serial error: If a certain number of blister rows is reached, a serial error is triggered.  If this parameter is set on 0 (zero), the serial error detection is switched off.</Aufzaehlung>
	<Aufzaehlung>Number of print images: The number of print images per single-stroke cycle.</Aufzaehlung>
	<Aufzaehlung>Counting method:</Aufzaehlung>
	<Einzug> * Absolute counting:The number of print images detected must correspond exactly to the number entered for the "Number of print images" parameter.</Einzug>
	<Einzug>* Minimum counting: The number of print images detected must not be lower than the number entered for the "Number of print images" parameter.</Einzug>
</Hilfe>
