<?xml version='1.0'  ?>
<!DOCTYPE EPVS SYSTEM "file://localhost/vimacon/dtds/tc3_0/epvs.dtd">

<EPVS>
    <EPV name="Batch_LineRecipe" item="" address="" rwu="2" cmt="Linienrezept" type="" dsunit="" changeValue="0" size=""/>
    <EPV name="BM_BatchCtrlState" item="" address="" rwu="0" cmt="Batch product" type="" dsunit="" changeValue="0" size="" conv="" conv2=""/>
    <EPV name="BM_BatchProgress" item="" address="" rwu="0" cmt="Batch product" type="" dsunit="" changeValue="0" size="" conv="" conv2=""/>
    <EPV name="BM_BatchStart" item="" address="" rwu="0" cmt="Batch product" type="" dsunit="" changeValue="0" size="" conv="" conv2=""/>
    <EPV name="BM_BatchModify" item="" address="" rwu="0" cmt="Batch product" type="" dsunit="" changeValue="0" size="" conv="" conv2=""/>
    <EPV name="BM_BatchStop" item="" address="" rwu="0" cmt="Batch product" type="" dsunit="" changeValue="0" size="" conv="" conv2=""/>
    <EPV name="BM_BatchDataAvailable" item="" address="" rwu="0" cmt="Batch product" type="" dsunit="" changeValue="0" size="" conv="" conv2=""/>
    <EPV name="BM_BatchData" item="" address="" rwu="0" cmt="Batch product" type="" dsunit="" changeValue="0" size="" conv="" conv2=""/>
    <EPV name="BM_FormatChangeLock" item="" address="" rwu="0" cmt="Batch product" type="" dsunit="" changeValue="0" size="" conv="" conv2=""/>
    <EPV name="BM_MachineState" item="" address="" rwu="0" cmt="Batch product" type="" dsunit="" changeValue="0" size="" conv="" conv2=""/>
    <EPV name="BM_ProductSelection" item="" address="" rwu="0" cmt="Product selection" type="" dsunit="" changeValue="0" size="" conv="" conv2=""/>
    <EPV name="Batch_Product" item="" address="" rwu="2" cmt="" type="STRING" dsunit="" changeValue="" size="1"/>
    <EPV name="Batch_SN" item="" address="" rwu="2" cmt="" type="STRING" dsunit="" changeValue="" size="1"/>
    <EPV name="Batch_BLM_EXP" item="" address="" rwu="2" cmt="" type="STRING" dsunit="" changeValue="" size="1"/>
    <EPV name="Batch_BLM_LOT" item="" address="" rwu="2" cmt="" type="STRING" dsunit="" changeValue="" size="1"/>
    <EPV name="Batch_BLM_MFD" item="" address="" rwu="2" cmt="" type="STRING" dsunit="" changeValue="" size="1"/>
    <EPV name="BMT_TokenBit_UP" item="" address="" rwu="0" cmt="Batch product" type="" dsunit="" changeValue="0" size="1"/>
    <EPV name="BMT_Connection_OK" item="" address="" rwu="0" cmt="Batch product" type="" dsunit="" changeValue="0" size="1"/>
    <EPV name="BMT_BatchCtrlState" item="" address="" rwu="0" cmt="Batch product" type="" dsunit="" changeValue="0" size="1"/>
    <EPV name="BMT_BatchStart" item="" address="" rwu="0" cmt="Batch product" type="" dsunit="" changeValue="0" size="1"/>
    <EPV name="BMT_BatchModify" item="" address="" rwu="0" cmt="Batch Modify" type="" dsunit="" changeValue="0" size="1"/>
    <EPV name="BMT_BatchStartCond" item="" address="" rwu="0" cmt="Batch product" type="" dsunit="" changeValue="0" size="1"/>
    <EPV name="BMT_BatchStop" item="" address="" rwu="0" cmt="Batch product" type="" dsunit="" changeValue="0" size="1"/>
    <EPV name="BMT_ErrorInfo" item="" address="" rwu="0" cmt="BMT_ErrorInfo" type="" dsunit="" changeValue="0" size="1"/>
    <EPV name="BMT_Batch_Product" item="" address="" rwu="0" cmt="Batch product" type="" dsunit="" changeValue="0" size="1"/>
    <EPV name="BMT_Batch_LineRecipe" item="" address="" rwu="0" cmt="Batch product" type="" dsunit="" changeValue="0" size="1"/>
    <EPV name="BMT_Batch_NDC" item="" address="" rwu="0" cmt="Batch product Number" type="" dsunit="" changeValue="0" size="1"/>
    <EPV name="BMT_Batch_SN" item="" address="" rwu="0" cmt="Batch product" type="" dsunit="" changeValue="0" size="1"/>
    <EPV name="BMT_Batch_BLM_EXP" item="" address="" rwu="0" cmt="Batch product" type="" dsunit="" changeValue="0" size="1"/>
    <EPV name="BMT_Batch_BLM_LOT" item="" address="" rwu="0" cmt="Batch product LOT Number" type="" dsunit="" changeValue="0" size="1"/>
    <EPV name="BMT_Batch_BLM_MFD" item="" address="" rwu="0" cmt="Batch product" type="" dsunit="" changeValue="0" size="1"/>
    <EPV name="BMT_CodeLidfoil_Code_RefCode.CODEVALUE" item="" address="" rwu="0" cmt="Batch product" type="" dsunit="" changeValue="0" size="1"/>
    <EPV name="BMT_CodeLidfoil_Code_RefCode.CODETYP" item="" address="" rwu="0" cmt="Batch product" type="" dsunit="" changeValue="0" size="1"/>
    <EPV name="BMT_BLM_VR1_FormatId" item="" address="" rwu="0" cmt="Batch product" type="" dsunit="" changeValue="0" size="1"/>
    <EPV name="BMT_BLM_VC1_FormatId" item="" address="" rwu="0" cmt="Batch product" type="" dsunit="" changeValue="0" size="1"/>
    <EPV name="BMT_Batch_BLM_LayoutName" item="" address="" rwu="0" cmt="" type="" dsunit="" changeValue="0" size="1"/>
    <EPV name="BMT_DesignSpeed" item="" address="" rwu="0" cmt="Batch Machine Design Speed" type="" dsunit="" changeValue="0" size="1"/>
</EPVS>
