<?xml version='1.0' encoding="UTF-8" ?>
<?xml-stylesheet type='text/xsl' href="file://C:/vimacon/stylesheets/vico/almanach.xsl" ?>


<HISTORY module="CodePallet_LLS540" company="Uhlmann" author="Roland Dreyer" created="2009-01-21">
    <DESC lang="de">Palette-Codeleser Laetus LLS540</DESC>
    <DESC lang="en">Pallet codereader Laetus LLS540</DESC>
    <RECORD type="vico_generated" user="Kley_m" timestamp="1246964274" date="2009-07-07T12:57:54">
        <USER_COMMENT user="Kley_m" date="2009-07-07T12:57:55">Initial Module Document Generated by Vico Module Management System</USER_COMMENT>
        <MACHINE name="B1660" serialno="1380102" version="" kind="BLM" type="B1550" subtype="ET"/>
        <MODDESC kind="equip_codereader" version="3.50.0"/>
    </RECORD>
</HISTORY>

