<?xml version='1.0' encoding="UTF-8" ?>
<?xml-stylesheet type='text/xsl' href="file://C:/vimacon/stylesheets/vico/almanach.xsl" ?>


<HISTORY module="EM" company="Uhlmann" author="Roland Dreyer" created="2009-01-11">
    <DESC lang="de">Error Manager</DESC>
    <DESC lang="en">Error manager</DESC>
    <RECORD type="vico_generated" user="ross_e" timestamp="1235400701" date="2009-02-23T15:51:41">
        <USER_COMMENT user="ross_e" date="2009-02-23T15:51:41">Initial Module Document Generated by Vico Module Management System</USER_COMMENT>
        <MACHINE name="132A101" serialno="" version="" kind="CTM" type="C2504" subtype="ET"/>
        <MODDESC kind="equip_em" version="3.50.0"/>
    </RECORD>
</HISTORY>

