<?xml version="1.0" encoding="ISO-8859-1"?>
<!DOCTYPE EQUIPMENT SYSTEM "file://localhost/vimacon/dtds/tc3_0/equipment.dtd">

<EQUIPMENT name="DataCollector" id="0" text="20395" pingInterval="65000" bootIndex="7" commandLine="c:\pm2004\bin\DataCollector\startDC.cmd,C:\pm2004\bin\DataCollector,DataCollector,DataCollector" configPath=".\bin\DataCollector\config">
    <TC_CONF>
        <SYSCONF category="iAgent" sym="Aktiv">0</SYSCONF>
        <SYSCONF category="iAgent" sym="View">c:\pm2004\bin\tc\prog\iAgentView.exe</SYSCONF>
        <SYSCONF category="iAgent" sym="DISPLAY">\Roles\Mechanics\displays\BDE\Overview</SYSCONF>
        <SYSCONF category="iAgent" sym="WebServerIP">10.252.83.60</SYSCONF>
        <SYSCONF category="iAgent" sym="Domain">ServerLocal</SYSCONF>
    </TC_CONF>
</EQUIPMENT>
