<?xml version='1.0' encoding="UTF-8" ?>
<?xml-stylesheet type='text/xsl' href="file://C:/vimacon/stylesheets/vico/almanach.xsl" ?>


<HISTORY module="CodeLidfoil_LLS540" company="Uhlmann" author="Roland Dreyer" created="2009-01-21">
    <DESC lang="de">Deckfolien-Codeleser Laetus LLS540</DESC>
    <DESC lang="en">Lidfoil codereader Laetus LLS540</DESC>
    <RECORD type="vico_generated" user="Kley_m" timestamp="1247056572" date="2009-07-08T14:36:12">
        <USER_COMMENT user="Kley_m" date="2009-07-08T14:36:12">Initial Module Document Generated by Vico Module Management System</USER_COMMENT>
        <MACHINE name="B1660" serialno="1380102" version="3.50" kind="BLM" type="B1550" subtype="ET"/>
        <MODDESC kind="equip_codereader" version="3.50.0"/>
    </RECORD>
</HISTORY>

