<?xml version="1.0" encoding="ISO-8859-1"?>
<!DOCTYPE EQUIPMENT SYSTEM "file://localhost/vimacon/dtds/tc3_0/equipment.dtd">

<EQUIPMENT name="CounterView" id="0" text="15559" pingInterval="65000" configPath=".\bin\CounterView\data">
    <DRIVER_CONF>
        <broker>
            <goodCounterVar>Statistic_CON_CNT_Good</goodCounterVar>
            <badCounterVar>Statistic_CON_CNT_Bad</badCounterVar>
        </broker>
        <view>
            <TextGood>12806</TextGood>
            <TextBad>12807</TextBad>
        </view>
    </DRIVER_CONF>
    <LOGGING>
        <enabled>1</enabled>
        <level>5</level>
        <overwrite>1</overwrite>
        <file>C:\pm2004\log\CounterView.log</file>
    </LOGGING>
</EQUIPMENT>
