<?xml version="1.0" encoding="UTF-8"?>

<!DOCTYPE TEXTS SYSTEM "file://localhost/vimacon/dtds/tc2_8/texts.dtd">

<TEXTS>
    <TEXT id="27267" sym="" lang="de" country="DEU">Abmessungen Versandkarton</TEXT>
    <TEXT id="27268" sym="" lang="de" country="DEU">Produkte/Versandkarton</TEXT>
    <TEXT id="27269" sym="" lang="de" country="DEU">Abmessungen Palette</TEXT>
    <TEXT id="27270" sym="" lang="de" country="DEU">Zeichnungs-Nr</TEXT>
    <TEXT id="4905" sym="" lang="de" country="DEU">Blister</TEXT>
    <TEXT id="28638" sym="" lang="de" country="DEU">Lokaler Auftrag beendet. Linien- und lokaler Auftragszustand sind inkonsistent.</TEXT>
    <TEXT id="13593" sym="" lang="de" country="DEU">Takte/min</TEXT>
    <TEXT id="23162" sym="" lang="de" country="DEU">Lagen/Palette</TEXT>
    <TEXT id="20393" sym="" lang="de" country="DEU">FDS</TEXT>
    <TEXT id="20396" sym="" lang="de" country="DEU">Kommunikation mit Client fehlgeschlagen</TEXT>
    <TEXT id="20397" sym="" lang="de" country="DEU">Datenbankfehler</TEXT>
    <TEXT id="20427" sym="" lang="de" country="DEU">FS/Bündel</TEXT>
    <TEXT id="16617" sym="" lang="de" country="DEU">Signatur</TEXT>
    <TEXT id="16620" sym="" lang="de" country="DEU">Folie</TEXT>
    <TEXT id="16619" sym="" lang="de" country="DEU">Blistergrösse</TEXT>
    <TEXT id="16621" sym="" lang="de" country="DEU">Produkt/Blister</TEXT>
    <TEXT id="41122" sym="" lang="de" country="DEU">Straffbanderolierer</TEXT>
    <TEXT id="31718" sym="" lang="de" country="DEU">Produkte/Flasche</TEXT>
    <TEXT id="22336" sym="" lang="de" country="DEU">Komponente deaktiviert.</TEXT>
    <TEXT id="18524" sym="" lang="de" country="DEU">Produkt</TEXT>
    <TEXT id="19904" sym="" lang="de" country="DEU">Nr</TEXT>
    <TEXT id="19905" sym="" lang="de" country="DEU">Produktname</TEXT>
    <TEXT id="19906" sym="" lang="de" country="DEU">Faltschachtel</TEXT>
    <TEXT id="19907" sym="" lang="de" country="DEU">Prospekt</TEXT>
    <TEXT id="19911" sym="" lang="de" country="DEU">Datum</TEXT>
    <TEXT id="27964" sym="" lang="de" country="DEU">Blistermaschine</TEXT>
    <TEXT id="7167" sym="" lang="de" country="DEU">Kartonierer</TEXT>
    <TEXT id="8546" sym="" lang="de" country="DEU">Dateiname</TEXT>
    <TEXT id="10383" sym="" lang="de" country="DEU">Überschreiben</TEXT>
    <TEXT id="22628" sym="" lang="de" country="DEU">Master PC</TEXT>
    <TEXT id="18796" sym="" lang="de" country="DEU">Faltschachtelmaße</TEXT>
    <TEXT id="30662" sym="" lang="de" country="DEU">Neue Nr</TEXT>
    <TEXT id="24120" sym="" lang="de" country="DEU">Formatversion</TEXT>
    <TEXT id="47200" sym="" lang="de" country="DEU">Kartonseitenpacker</TEXT>
    <TEXT id="28333" sym="" lang="de" country="DEU">Formatladen aktiv. Maschine kann nicht gestartet werden.</TEXT>
    <TEXT id="40317" sym="" lang="de" country="DEU">Palettierer</TEXT>
    <TEXT id="28551" sym="" lang="de" country="DEU">Packgutabmessungen</TEXT>
    <TEXT id="28552" sym="" lang="de" country="DEU">Packgut/Faltschachtel</TEXT>
    <TEXT id="30932" sym="" lang="de" country="DEU">IBC</TEXT>
    <TEXT id="30940" sym="" lang="de" country="DEU">Kappe</TEXT>
    <TEXT id="30939" sym="" lang="de" country="DEU">Flasche</TEXT>
    <TEXT id="16360" sym="" lang="de" country="DEU">Audit Trail-Einträge werden nicht durchgeführt</TEXT>
    <TEXT id="30942" sym="" lang="de" country="DEU">Trockenmittel</TEXT>
    <TEXT id="13683" sym="" lang="de" country="DEU">CSAT Druckwerk</TEXT>
</TEXTS>

