<?xml version="1.0" encoding="UTF-8"?>

<!DOCTYPE TEXTS SYSTEM "file://localhost/vimacon/dtds/tc2_8/texts.dtd">

<TEXTS>
    <TEXT id="27267" sym="" lang="en" country="USA">Case size</TEXT>
    <TEXT id="27268" sym="" lang="en" country="USA">Products/case</TEXT>
    <TEXT id="27269" sym="" lang="en" country="USA">Pallet size</TEXT>
    <TEXT id="27270" sym="" lang="en" country="USA">Drawing no.</TEXT>
    <TEXT id="4905" sym="" lang="en" country="USA">Blister</TEXT>
    <TEXT id="28638" sym="" lang="en" country="USA">Local batch is finished. Line and local batch state are inconsistent.</TEXT>
    <TEXT id="13593" sym="" lang="en" country="USA">Cycles/min</TEXT>
    <TEXT id="23162" sym="" lang="en" country="USA">layers/pallet</TEXT>
    <TEXT id="20393" sym="" lang="en" country="USA">FDS</TEXT>
    <TEXT id="20427" sym="" lang="en" country="USA">cartons/bundle</TEXT>
    <TEXT id="16617" sym="" lang="en" country="USA">Signature</TEXT>
    <TEXT id="16620" sym="" lang="en" country="USA">Foil</TEXT>
    <TEXT id="16619" sym="" lang="en" country="USA">Blister size</TEXT>
    <TEXT id="16621" sym="" lang="en" country="USA">Product/blister</TEXT>
    <TEXT id="41122" sym="" lang="en" country="USA">Stretchbander</TEXT>
    <TEXT id="31718" sym="" lang="en" country="USA">Products/bottle</TEXT>
    <TEXT id="22336" sym="" lang="en" country="USA">Component deactivated.</TEXT>
    <TEXT id="18524" sym="" lang="en" country="USA">Product</TEXT>
    <TEXT id="19904" sym="" lang="en" country="USA">No</TEXT>
    <TEXT id="19906" sym="" lang="en" country="USA">Carton</TEXT>
    <TEXT id="19907" sym="" lang="en" country="USA">Leaflet</TEXT>
    <TEXT id="19911" sym="" lang="en" country="USA">Date</TEXT>
    <TEXT id="27964" sym="" lang="en" country="USA">Blister machine</TEXT>
    <TEXT id="7167" sym="" lang="en" country="USA">Cartoner</TEXT>
    <TEXT id="8546" sym="" lang="en" country="USA">Filename</TEXT>
    <TEXT id="10383" sym="" lang="en" country="USA">Overwriting</TEXT>
    <TEXT id="22628" sym="" lang="en" country="USA">Master PC</TEXT>
    <TEXT id="18796" sym="" lang="en" country="USA">Carton dimensions</TEXT>
    <TEXT id="30662" sym="" lang="en" country="USA">New No</TEXT>
    <TEXT id="24120" sym="" lang="en" country="USA">Format version</TEXT>
    <TEXT id="47200" sym="" lang="en" country="USA">Case packer</TEXT>
    <TEXT id="28333" sym="" lang="en" country="USA">Format load in progress. Machine start is not possible.</TEXT>
    <TEXT id="40317" sym="" lang="en" country="USA">Palletizer</TEXT>
    <TEXT id="28551" sym="" lang="en" country="USA">Product dimensions</TEXT>
    <TEXT id="28552" sym="" lang="en" country="USA">Products/carton</TEXT>
    <TEXT id="30932" sym="" lang="en" country="USA">IBC</TEXT>
    <TEXT id="30940" sym="" lang="en" country="USA">Cap</TEXT>
    <TEXT id="30939" sym="" lang="en" country="USA">Bottle</TEXT>
    <TEXT id="30942" sym="" lang="en" country="USA">Desiccant</TEXT>
    <TEXT id="20396" sym="" lang="en" country="USA">communication with client timed out</TEXT>
    <TEXT id="20397" sym="" lang="en" country="USA">Database error</TEXT>
    <TEXT id="19905" sym="" lang="en" country="USA">Product name</TEXT>
    <TEXT id="13683" sym="" lang="en" country="USA">CSAT printer</TEXT>
</TEXTS>

