<?xml version="1.0" encoding="ISO-8859-1"?>
<!DOCTYPE PAGES SYSTEM "file://localhost/vimacon/dtds/tc2_8/pages.dtd">

<PAGES>
    <PAGE name="Web_DecurlInFrontOfCompLoop" text="11892" help="100001" type="3" menu="" cmt="Web_DecurlInFrontOfCompLoop" rightVisible="-1" icon="" stationUse="1">
        <VISLET name="Web_Loop_SWI_WebDecurling" showSymbol="0" x="0" y="20"/>
        <VISLET name="Web_Loop_CAM_WebDecurlingPressPlate" showSymbol="0" x="" y=""/>
        <VISLET name="Web_Loop_CAM_WebDecurlRoller" showSymbol="0" x="" y=""/>
        <VISLET name="Decurling_SET_PosDecurling" showSymbol="0" x="" y=""/>
        <VISLET name="Decurling_SET_Immersion" showSymbol="0" x="" y=""/>
        <VISLET name="Decurling_SET_PressRoll_Front" showSymbol="0" x="" y=""/>
        <VISLET name="Decurling_SET_PressRoll_Rear" showSymbol="0" x="" y=""/>
    </PAGE>
</PAGES>
