<?xml version='1.0' encoding="UTF-8" ?>
<?xml-stylesheet type='text/xsl' href="file://C:/vimacon/stylesheets/vico/almanach.xsl" ?>


<HISTORY module="HMI_120_SimtapIII" company="Uhlmann" author="Walter Graf" created="2007-03-01">
    <DESC lang="de">120 SimtapIII</DESC>
    <DESC lang="en">120 SimtapIII</DESC>
    <RECORD type="vico_generated" user="graf" timestamp="1205833861" date="2008-03-18T10:51:01">
        <USER_COMMENT user="graf" date="2008-03-18T10:51:01">Initial Module Document Generated by Vico Module Management System</USER_COMMENT>
        <MACHINE name="B1550 - 1200105" serialno="600089340" version="3.38" kind="TFM" type="B1550" subtype="MTK"/>
        <MODDESC kind="fill_filling" version="1.0.0"/>
    </RECORD>
</HISTORY>

