<?xml version="1.0" encoding="ISO-8859-1"?>
<!DOCTYPE ALARMS SYSTEM "file://localhost/vimacon/dtds/tc3_0/alarm.dtd">

<ALARMS>
    <ALARM id="11066" text="12397" help="11066" cmt="�berwachung Deckfolie" type="0" sigLevel="0" cycle="0" singleConfirmation="0" right_confirm="0" criticalAlarm="0"/>
    <ALARM id="11342" text="7847" help="11342" cmt="Druckwerk nicht bereit" type="0" sigLevel="0" cycle="0" singleConfirmation="0" right_confirm="0" criticalAlarm="0"/>
    <ALARM id="11252" text="25718" help="11252" cmt="Druckwerk Abspulung nicht bereit" type="0" sigLevel="0" cycle="0" singleConfirmation="0" right_confirm="0" criticalAlarm="0"/>
    <ALARM id="11485" text="28978" help="11485" cmt="Druckwerk: Absaugung nicht bereit" type="0" sigLevel="0" cycle="0" singleConfirmation="0" right_confirm="0" criticalAlarm="0"/>
    <ALARM id="40001" text="11219" help="40001" cmt="Deckfolie geht zu Ende" type="1" sigLevel="0" cycle="60" singleConfirmation="0" right_confirm="0" criticalAlarm="0"/>
    <ALARM id="100" text="34243" help="1867" cmt="Schneidtischklemme Abwickler aktiv" type="1" cycle="0" rightConfirm="-1"/>
    <ALARM id="101" text="34244" help="1867" cmt="" type="1" cycle="0" rightConfirm="-1"/>
    <ALARM id="102" text="34245" help="1867" cmt="" type="1" cycle="0" rightConfirm="-1"/>
    <ALARM id="103" text="34246" help="1867" cmt="" type="1" cycle="0" rightConfirm="-1"/>
    <ALARM id="104" text="34247" help="1867" cmt="" type="1" cycle="0" rightConfirm="-1"/>
    <ALARM id="105" text="34248" help="1867" cmt="" type="1" cycle="0" rightConfirm="-1"/>
    <ALARM id="106" text="34249" help="1867" cmt="" type="1" cycle="0" rightConfirm="-1"/>
    <ALARM id="107" text="34250" help="1867" cmt="" type="1" cycle="0" rightConfirm="-1"/>
    <ALARM id="108" text="34251" help="1867" cmt="" type="1" cycle="0" rightConfirm="-1"/>
    <ALARM id="109" text="34252" help="1867" cmt="" type="1" cycle="0" rightConfirm="-1"/>
    <ALARM id="110" text="34253" help="1867" cmt="" type="1" cycle="0" rightConfirm="-1"/>
    <ALARM id="111" text="34254" help="1867" cmt="" type="1" cycle="0" rightConfirm="-1"/>
    <ALARM id="112" text="34255" help="1867" cmt="" type="1" cycle="0" rightConfirm="-1"/>
    <ALARM id="113" text="34256" help="1867" cmt="" type="1" cycle="0" rightConfirm="-1"/>
    <ALARM id="114" text="34257" help="1867" cmt="" type="1" cycle="0" rightConfirm="-1"/>
    <ALARM id="115" text="34258" help="1867" cmt="" type="1" cycle="0" rightConfirm="-1"/>
    <ALARM id="116" text="34259" help="1867" cmt="" type="1" cycle="0" rightConfirm="-1"/>
    <ALARM id="117" text="34260" help="1867" cmt="" type="1" cycle="0" rightConfirm="-1"/>
    <ALARM id="118" text="34261" help="1867" cmt="" type="1" cycle="0" rightConfirm="-1"/>
    <ALARM id="119" text="34262" help="1867" cmt="" type="1" cycle="0" rightConfirm="-1"/>
    <ALARM id="120" text="34263" help="1867" cmt="" type="1" cycle="0" rightConfirm="-1"/>
    <ALARM id="121" text="34264" help="1867" cmt="" type="1" cycle="0" rightConfirm="-1"/>
    <ALARM id="122" text="34265" help="1867" cmt="" type="1" cycle="0" rightConfirm="-1"/>
    <ALARM id="123" text="34266" help="1867" cmt="" type="1" cycle="0" rightConfirm="-1"/>
    <ALARM id="124" text="34267" help="1867" cmt="" type="1" cycle="0" rightConfirm="-1"/>
    <ALARM id="125" text="34268" help="1867" cmt="" type="1" cycle="0" rightConfirm="-1"/>
    <ALARM id="126" text="34269" help="1867" cmt="" type="1" cycle="0" rightConfirm="-1"/>
    <ALARM id="127" text="34270" help="1867" cmt="" type="1" cycle="0" rightConfirm="-1"/>
    <ALARM id="128" text="34271" help="1867" cmt="" type="1" cycle="0" rightConfirm="-1"/>
    <ALARM id="129" text="34272" help="1867" cmt="" type="1" cycle="0" rightConfirm="-1"/>
    <ALARM id="130" text="34273" help="1867" cmt="" type="1" cycle="0" rightConfirm="-1"/>
    <ALARM id="131" text="34274" help="1867" cmt="" type="1" cycle="0" rightConfirm="-1"/>
    <ALARM id="132" text="34275" help="1867" cmt="" type="1" cycle="0" rightConfirm="-1"/>
    <ALARM id="133" text="34276" help="1867" cmt="" type="1" cycle="0" rightConfirm="-1"/>
    <ALARM id="134" text="34277" help="1867" cmt="" type="1" cycle="0" rightConfirm="-1"/>
    <ALARM id="135" text="34278" help="1867" cmt="" type="1" cycle="0" rightConfirm="-1"/>
    <ALARM id="136" text="34279" help="1867" cmt="" type="1" cycle="0" rightConfirm="-1"/>
    <ALARM id="137" text="34280" help="1867" cmt="" type="1" cycle="0" rightConfirm="-1"/>
    <ALARM id="138" text="34281" help="1867" cmt="" type="1" cycle="0" rightConfirm="-1"/>
    <ALARM id="139" text="34282" help="1867" cmt="" type="1" cycle="0" rightConfirm="-1"/>
    <ALARM id="140" text="34283" help="1867" cmt="" type="1" cycle="0" rightConfirm="-1"/>
    <ALARM id="141" text="34284" help="1867" cmt="" type="1" cycle="0" rightConfirm="-1"/>
    <ALARM id="142" text="34285" help="1867" cmt="" type="1" cycle="0" rightConfirm="-1"/>
    <ALARM id="143" text="34286" help="1867" cmt="" type="1" cycle="0" rightConfirm="-1"/>
    <ALARM id="144" text="34287" help="1867" cmt="" type="1" cycle="0" rightConfirm="-1"/>
    <ALARM id="145" text="34288" help="1867" cmt="" type="1" cycle="0" rightConfirm="-1"/>
    <ALARM id="146" text="34289" help="1867" cmt="" type="0" cycle="0" rightConfirm="-1"/>
    <ALARM id="147" text="34290" help="1867" cmt="" type="0" cycle="0" rightConfirm="-1"/>
    <ALARM id="148" text="34291" help="1867" cmt="" type="1" cycle="0" rightConfirm="-1"/>
    <ALARM id="149" text="34294" help="1867" cmt="" type="1" cycle="0" rightConfirm="-1"/>
    <ALARM id="150" text="34295" help="1867" cmt="" type="1" cycle="0" rightConfirm="-1"/>
    <ALARM id="151" text="34296" help="1867" cmt="" type="1" cycle="0" rightConfirm="-1"/>
    <ALARM id="152" text="34297" help="1867" cmt="" type="1" cycle="0" rightConfirm="-1"/>
    <ALARM id="153" text="34298" help="1867" cmt="" type="1" cycle="0" rightConfirm="-1"/>
    <ALARM id="154" text="34299" help="1867" cmt="" type="1" cycle="0" rightConfirm="-1"/>
    <ALARM id="155" text="34300" help="1867" cmt="" type="1" cycle="0" rightConfirm="-1"/>
    <ALARM id="156" text="34301" help="1867" cmt="" type="1" cycle="0" rightConfirm="-1"/>
    <ALARM id="157" text="34302" help="1867" cmt="" type="1" cycle="0" rightConfirm="-1"/>
    <ALARM id="158" text="34303" help="1867" cmt="" type="1" cycle="0" rightConfirm="-1"/>
    <ALARM id="159" text="34304" help="1867" cmt="" type="1" cycle="0" rightConfirm="-1"/>
    <ALARM id="160" text="34305" help="1867" cmt="" type="1" cycle="0" rightConfirm="-1"/>
    <ALARM id="161" text="34306" help="1867" cmt="" type="1" cycle="0" rightConfirm="-1"/>
    <ALARM id="162" text="34307" help="1867" cmt="" type="1" cycle="0" rightConfirm="-1"/>
    <ALARM id="163" text="34308" help="1867" cmt="" type="1" cycle="0" rightConfirm="-1"/>
    <ALARM id="164" text="34309" help="1867" cmt="" type="1" cycle="0" rightConfirm="-1"/>
    <ALARM id="165" text="34310" help="1867" cmt="" type="1" cycle="0" rightConfirm="-1"/>
    <ALARM id="166" text="34311" help="1867" cmt="" type="1" cycle="0" rightConfirm="-1"/>
    <ALARM id="167" text="34312" help="1867" cmt="" type="1" cycle="0" rightConfirm="-1"/>
    <ALARM id="168" text="34313" help="1867" cmt="" type="1" cycle="0" rightConfirm="-1"/>
    <ALARM id="169" text="34314" help="1867" cmt="" type="1" cycle="0" rightConfirm="-1"/>
    <ALARM id="170" text="34315" help="1867" cmt="" type="1" cycle="0" rightConfirm="-1"/>
    <ALARM id="171" text="34316" help="1867" cmt="" type="1" cycle="0" rightConfirm="-1"/>
    <ALARM id="172" text="34317" help="1867" cmt="" type="1" cycle="0" rightConfirm="-1"/>
    <ALARM id="173" text="34318" help="1867" cmt="" type="1" cycle="0" rightConfirm="-1"/>
    <ALARM id="174" text="34319" help="1867" cmt="" type="1" cycle="0" rightConfirm="-1"/>
    <ALARM id="175" text="34320" help="1867" cmt="" type="1" cycle="0" rightConfirm="-1"/>
    <ALARM id="176" text="34321" help="1867" cmt="" type="1" cycle="0" rightConfirm="-1"/>
    <ALARM id="177" text="34322" help="1867" cmt="" type="1" cycle="0" rightConfirm="-1"/>
    <ALARM id="178" text="34323" help="1867" cmt="" type="1" cycle="0" rightConfirm="-1"/>
    <ALARM id="179" text="34324" help="1867" cmt="" type="1" cycle="0" rightConfirm="-1"/>
    <ALARM id="180" text="34325" help="1867" cmt="" type="1" cycle="0" rightConfirm="-1"/>
    <ALARM id="181" text="34326" help="1867" cmt="" type="1" cycle="0" rightConfirm="-1"/>
    <ALARM id="182" text="34327" help="1867" cmt="" type="1" cycle="0" rightConfirm="-1"/>
    <ALARM id="183" text="34328" help="1867" cmt="" type="1" cycle="0" rightConfirm="-1"/>
    <ALARM id="184" text="34329" help="1867" cmt="" type="1" cycle="0" rightConfirm="-1"/>
    <ALARM id="185" text="34330" help="1867" cmt="" type="1" cycle="0" rightConfirm="-1"/>
    <ALARM id="186" text="34331" help="1867" cmt="" type="1" cycle="0" rightConfirm="-1"/>
    <ALARM id="187" text="34332" help="1867" cmt="" type="1" cycle="0" rightConfirm="-1"/>
    <ALARM id="188" text="34292" help="1867" cmt="" type="1" cycle="0" rightConfirm="-1"/>
    <ALARM id="189" text="34293" help="1867" cmt="" type="1" cycle="0" singleConfirmation="0" rightConfirm="-1"/>
</ALARMS>
