<?xml version='1.0'  ?>
<!DOCTYPE PPVS SYSTEM "file://localhost/vimacon/dtds/tc3_0/ppvs.dtd">

<PPVS>
    <PPV name="BM_BatchCtrlState" varTxt="0" cmt="BM_BatchCtrlState" unit="" kind="" dataType="" fmtSvr="" fmtTxt="" fmtCat="1" procCat="" protCat="" protTxt="" validate="0" sign="0" protocol="0" logActive="" logMaxItems=""/>
    <PPV name="BM_BatchProgress" varTxt="0" cmt="BM_BatchProgress" unit="" kind="" dataType="" fmtSvr="" fmtTxt="" fmtCat="1" procCat="" protCat="" protTxt="" validate="0" sign="0" protocol="0" logActive="" logMaxItems=""/>
    <PPV name="BM_BatchStart" varTxt="0" cmt="BM_BatchStart" unit="" kind="" dataType="" fmtSvr="" fmtTxt="" fmtCat="1" procCat="" protCat="" protTxt="" validate="0" sign="0" protocol="0" logActive="" logMaxItems=""/>
    <PPV name="BM_BatchModify" varTxt="0" cmt="BM_BatchModify" unit="" kind="" dataType="" fmtSvr="" fmtTxt="" fmtCat="1" procCat="" protCat="" protTxt="" validate="0" sign="0" protocol="0" logActive="" logMaxItems=""/>
    <PPV name="BM_BatchStop" varTxt="0" cmt="BM_BatchStop" unit="" kind="" dataType="" fmtSvr="" fmtTxt="" fmtCat="1" procCat="" protCat="" protTxt="" validate="0" sign="0" protocol="0" logActive="" logMaxItems=""/>
    <PPV name="BM_BatchDataAvailable" varTxt="0" cmt="BM_BatchDataAvailable" unit="" kind="" dataType="" fmtSvr="" fmtTxt="" fmtCat="1" procCat="" protCat="" protTxt="" validate="0" sign="0" protocol="0" logActive="" logMaxItems=""/>
    <PPV name="BM_BatchData" varTxt="0" cmt="BM_BatchData" unit="" kind="" dataType="" fmtSvr="" fmtTxt="" fmtCat="1" procCat="" protCat="" protTxt="" validate="0" sign="0" protocol="0" logActive="" logMaxItems=""/>
    <PPV name="BM_FormatChangeLock" varTxt="0" cmt="BM_FormatChangeLock" unit="" kind="" dataType="" fmtSvr="" fmtTxt="" fmtCat="1" procCat="" protCat="" protTxt="" validate="0" sign="0" protocol="0" logActive="" logMaxItems=""/>
    <PPV name="BM_MachineState" varTxt="0" cmt="BM_MachineState" unit="" kind="" dataType="" fmtSvr="" fmtTxt="" fmtCat="1" procCat="" protCat="" protTxt="" validate="0" sign="0" protocol="0" logActive="" logMaxItems=""/>
    <PPV name="BM_ProductSelection" varTxt="0" cmt="Product selection" unit="" kind="" dataType="" fmtSvr="" fmtTxt="" fmtCat="1" procCat="" protCat="" protTxt="" validate="0" sign="0" protocol="0" logActive="" logMaxItems=""/>
    <PPV name="Batch_Product" varTxt="19905" cmt="Batch_Product" unit="" kind="" dataType="" fmtSvr="" fmtTxt="" fmtCat="1" procCat="" protCat="" protTxt="" validate="0" sign="0" protocol="1" logActive="" logMaxItems=""/>
    <PPV name="Batch_NDC" varTxt="19278" cmt="Batch_NDC" unit="" kind="" dataType="" fmtSvr="" fmtTxt="" fmtCat="1" procCat="" protCat="" protTxt="" validate="0" sign="0" protocol="1" logActive="" logMaxItems=""/>
    <PPV name="Batch_SN" varTxt="31546" cmt="" unit="" kind="" dataType="" fmtSvr="" fmtTxt="" fmtCat="1" procCat="" protCat="" protTxt="" validate="0" sign="0" protocol="1" logActive="" logMaxItems=""/>
    <PPV name="Batch_BLM_GTIN" varTxt="34152" cmt="" unit="" kind="" dataType="" fmtSvr="" fmtTxt="" fmtCat="1" procCat="" protCat="" protTxt="" validate="0" sign="0" protocol="1" logActive="" logMaxItems=""/>
    <PPV name="Batch_BLM_EXP" varTxt="33877" cmt="Batch_MFD" unit="" kind="" dataType="" fmtSvr="" fmtTxt="" fmtCat="1" procCat="" protCat="" protTxt="" validate="0" sign="0" protocol="1" logActive="" logMaxItems=""/>
    <PPV name="Batch_BLM_LOT" varTxt="33876" cmt="Batch_LOT" unit="" kind="" dataType="" fmtSvr="" fmtTxt="" fmtCat="1" procCat="" protCat="" protTxt="" validate="0" sign="0" protocol="1" logActive="" logMaxItems=""/>
    <PPV name="Batch_BLM_MFD" varTxt="33875" cmt="Batch_MFD" unit="" kind="" dataType="" fmtSvr="" fmtTxt="" fmtCat="1" procCat="" protCat="" protTxt="" validate="0" sign="0" protocol="1" logActive="" logMaxItems=""/>
    <PPV name="Counter_Reset_PDA" varTxt="0" cmt="Counter_Reset_PDA" unit="" kind="" dataType="" fmtSvr="" fmtTxt="" fmtCat="1" procCat="" protCat="" protTxt="" validate="0" sign="0" protocol="0" logActive="" logMaxItems="1" semantic="Max4_0.BatchResetVar"/>
    <PPV name="Reset_Confirm_PDA" varTxt="0" cmt="Reset_Confirm_PDA" unit="" kind="" dataType="" fmtSvr="" fmtTxt="" fmtCat="1" procCat="" protCat="" protTxt="" validate="0" sign="0" protocol="0" logActive="" logMaxItems="1" semantic="Max4_0.BatchResetConfirmVar"/>
    <PPV name="BMT_TokenBit_UP" varTxt="0" cmt="BMT_TokenBit_UP" unit="" kind="" dataType="" fmtSvr="" fmtTxt="" fmtCat="1" procCat="" protCat="" protTxt="" validate="0" sign="0" protocol="0" logActive="" logMaxItems="" opcActive="1" opcDataType="BOOL" opcRwu="2"/>
    <PPV name="BMT_Connection_OK" varTxt="0" cmt="BMT_Connection_OK" unit="" kind="" dataType="" fmtSvr="" fmtTxt="" fmtCat="1" procCat="" protCat="" protTxt="" validate="0" sign="0" protocol="0"/>
    <PPV name="BMT_BatchCtrlState" varTxt="0" cmt="BMT_BatchCtrlStat" unit="" kind="" dataType="" fmtSvr="" fmtTxt="" fmtCat="1" procCat="" protCat="" protTxt="" validate="0" sign="0" protocol="0" opcActive="1" opcDataType="INT" opcRwu="0"/>
    <PPV name="BMT_BatchStart" varTxt="0" cmt="BMT_BatchStart" unit="" kind="" dataType="" fmtSvr="" fmtTxt="" fmtCat="1" procCat="" protCat="" protTxt="" validate="1" sign="0" protocol="1" opcActive="1" opcDataType="BOOL" opcRwu="2"/>
    <PPV name="BMT_BatchModify" varTxt="0" cmt="BMT_BatchModify" unit="" kind="" dataType="" fmtSvr="" fmtTxt="" fmtCat="1" procCat="" protCat="" protTxt="" validate="1" sign="0" protocol="1" opcActive="1" opcDataType="BOOL" opcRwu="2"/>
    <PPV name="BMT_BatchStartCond" varTxt="0" cmt="BMT_BatchStartCond" unit="" kind="" dataType="" fmtSvr="" fmtTxt="" fmtCat="1" procCat="" protCat="" protTxt="" validate="1" sign="0" protocol="1" opcDataType="BOOL" opcActive="1" opcRwu="2"/>
    <PPV name="BMT_BatchStop" varTxt="0" cmt="BMT_BatchStop" unit="" kind="" dataType="" fmtSvr="" fmtTxt="" fmtCat="1" procCat="" protCat="" protTxt="" validate="1" sign="0" protocol="1" opcActive="1" opcDataType="BOOL" opcRwu="2"/>
    <PPV name="BMT_ErrorInfo" varTxt="0" cmt="BMT_ErrorInfo" unit="" kind="" dataType="" fmtSvr="" fmtTxt="" fmtCat="1" procCat="" protCat="" protTxt="" validate="1" sign="0" protocol="1" opcDataType="BOOL" opcActive="1" opcRwu="0"/>
    <PPV name="BMT_Batch_Product" varTxt="21676" cmt="BMT_Batch_Product" unit="" kind="" dataType="" fmtSvr="" fmtTxt="" fmtCat="1" procCat="" protCat="" protTxt="" validate="1" sign="0" protocol="1" opcActive="1" opcDataType="STRING" opcRwu="2"/>
    <PPV name="BMT_Batch_LineRecipe" varTxt="21677" cmt="BMT_Batch_LineRecipe" unit="" kind="" dataType="" fmtSvr="" fmtTxt="" fmtCat="1" procCat="" protCat="" protTxt="" validate="1" sign="0" protocol="1" opcActive="1" opcDataType="INT" opcRwu="2"/>
    <PPV name="BMT_Batch_SN" varTxt="31546" cmt="BMT_Batch_SN" unit="" kind="" dataType="" fmtSvr="" fmtTxt="" fmtCat="1" procCat="" protCat="" protTxt="" validate="1" sign="0" protocol="1" opcDataType="STRING" opcActive="1" opcRwu="2"/>
    <PPV name="BMT_Batch_BLM_GTIN" varTxt="34152" cmt="BMT_Batch_GTIN" unit="" kind="" dataType="" fmtSvr="" fmtTxt="" fmtCat="1" procCat="" protCat="" protTxt="" validate="1" sign="0" protocol="1" opcDataType="STRING" opcActive="1" opcRwu="2"/>
    <PPV name="BMT_Batch_BLM_EXP" varTxt="33877" cmt="BMT_Batch_ExpDate" unit="" kind="" dataType="" fmtSvr="" fmtTxt="" fmtCat="1" procCat="" protCat="" protTxt="" validate="1" sign="0" protocol="1" opcDataType="STRING" opcActive="1" opcRwu="2"/>
    <PPV name="BMT_Batch_BLM_LOT" varTxt="33876" cmt="BMT_Batch_LOT" unit="" kind="" dataType="" fmtSvr="" fmtTxt="" fmtCat="1" procCat="" protCat="" protTxt="" validate="1" sign="0" protocol="1" opcDataType="STRING" opcActive="1" opcRwu="2"/>
    <PPV name="BMT_Batch_BLM_MFD" varTxt="33875" cmt="BMT_Batch_MFD" unit="" kind="" dataType="" fmtSvr="" fmtTxt="" fmtCat="1" procCat="" protCat="" protTxt="" validate="1" sign="0" protocol="1" opcDataType="STRING" opcActive="1" opcRwu="2"/>
    <PPV name="BMT_CodeLidfoil_Code_RefCode.CODEVALUE" varTxt="27855" cmt="BMT_Batch_MFD" unit="" kind="" dataType="" fmtSvr="" fmtTxt="" fmtCat="1" procCat="" protCat="" protTxt="" validate="1" sign="0" protocol="1" opcDataType="STRING" opcActive="1" opcRwu="2"/>
    <PPV name="BMT_CodeLidfoil_Code_RefCode.CODETYP" varTxt="27856" cmt="" unit="" kind="" dataType="" fmtSvr="" fmtTxt="" fmtCat="1" procCat="" protCat="" protTxt="" validate="1" sign="0" protocol="1" opcDataType="STRING" opcActive="1" opcRwu="2"/>
    <PPV name="BMT_BLM_VR1_FormatId" varTxt="17681" cmt="" unit="" kind="" dataType="" fmtSvr="" fmtTxt="" fmtCat="1" procCat="" protCat="" protTxt="" validate="1" sign="0" protocol="1" opcDataType="STRING" opcActive="1" opcRwu="2"/>
    <PPV name="BMT_BLM_VC1_FormatId" varTxt="23467" cmt="" unit="" kind="" dataType="" fmtSvr="" fmtTxt="" fmtCat="1" procCat="" protCat="" protTxt="" validate="1" sign="0" protocol="1" opcDataType="STRING" opcActive="1" opcRwu="2"/>
    <PPV name="BMT_Batch_NDC" varTxt="21678" cmt="" unit="" kind="" dataType="" fmtSvr="" fmtTxt="" fmtCat="1" procCat="" protCat="" protTxt="" validate="1" sign="0" protocol="1" opcDataType="STRING" opcActive="1" opcRwu="2"/>
    <PPV name="BMT_DesignSpeed" varTxt="26688" cmt="BMT_DesignSpeed" unit="" kind="" dataType="" fmtSvr="" fmtTxt="" fmtCat="1" procCat="" protCat="" protTxt="" validate="1" sign="0" protocol="1" opcDataType="INT" opcActive="1" opcRwu="2"/>
</PPVS>
