<?xml version='1.0' encoding="ISO-8859-1"?>
<!DOCTYPE EQUIPMENT SYSTEM "file://localhost/vimacon/dtds/tc3_0/pm_meta.dtd">

<PM_META>
    <FORMATDEFINITION>
        <GENERAL>
            <FORMATCOL name="No" colName="FID" text="19904" width="1000" numeric="0"/>
            <FORMATCOL name="ImportAsFID" colName="ImportAsFID" text="30662" width="1500" numeric="false"/>
            <FORMATCOL name="OverwriteExistingFormat" colName="OverwriteExistingFormat" text="10383" width="2000" numeric="false"/>
            <FORMATCOL name="ImportFileName" colName="ImportFileName" text="8546" width="7000" numeric="false"/>
            <FORMATCOL name="ProductName" text="19905" width="4000" numeric="false"/>
        </GENERAL>
        <MACHINES>
            <MACHINETYPE name="BLM" text="27964">
                <FORMATCOL name="BlisterSize" text="16619" width="2060" numeric="false"/>
                <FORMATCOL name="Foil" text="16620" width="1400" numeric="false"/>
                <FORMATCOL name="Products_Blister" text="16621" width="2380" numeric="true"/>
                <FORMATCOL name="Cycles_Min" text="13593" width="1750" numeric="true"/>
                <FORMATCOL name="Blister" text="4905" width="1300" numeric="true"/>
                <FORMATCOL_EXTRA name="ERI" text="24120" width="2400" numeric="false" dynamicSource="Metadata" dynamicParam="ERI"/>
                <FORMATCOL name="Date_Time" colName="Datum" text="19911" width="3000" numeric="false"/>
                <FORMATCOL name="Sign" colName="Signatur" text="16617" width="4000" numeric="false"/>
            </MACHINETYPE>
            <MACHINETYPE name="CTM" text="7167">
                <FORMATCOL name="Carton" text="19906" width="1700" numeric="false"/>
                <FORMATCOL name="Leaflet" text="19907" width="2100" numeric="false"/>
                <FORMATCOL name="Products_Carton" text="28552" width="3000" numeric="true"/>
                <FORMATCOL name="Cycles_Min" text="13593" width="1500" numeric="true"/>
                <FORMATCOL name="ProductDimensions" text="28551" width="3000" numeric="false"/>
                <FORMATCOL_EXTRA name="ERI" text="24120" width="2400" numeric="false" dynamicSource="Metadata" dynamicParam="ERI"/>
                <FORMATCOL name="Date_Time" colName="Datum" text="19911" width="3000" numeric="false"/>
                <FORMATCOL name="Sign" colName="Signatur" text="16617" width="4000" numeric="false"/>
            </MACHINETYPE>
            <MACHINETYPE name="CPM" text="47200">
                <FORMATCOL name="CaseDimensions" text="27267" width="3000" numeric="false"/>
                <FORMATCOL name="Products_Case" text="27268" width="3000" numeric="true"/>
                <FORMATCOL name="Cycles_Min" text="13593" width="1750" numeric="true"/>
                <FORMATCOL name="DrawingNo" text="27270" width="3000" numeric="false"/>
                <FORMATCOL_EXTRA name="ERI" text="24120" width="2400" numeric="false" dynamicSource="Metadata" dynamicParam="ERI"/>
                <FORMATCOL name="Date_Time" colName="Datum" text="19911" width="3000" numeric="false"/>
                <FORMATCOL name="Sign" colName="Signatur" text="16617" width="4000" numeric="false"/>
            </MACHINETYPE>
            <MACHINETYPE name="SBM" text="41122">
                <FORMATCOL name="Foil" text="16620" width="2060" numeric="false"/>
                <FORMATCOL name="Cartons_Bundle" text="20427" width="1750" numeric="true"/>
                <FORMATCOL name="Cycles_Min" text="13593" width="1750" numeric="true"/>
                <FORMATCOL name="CartonDimensions" text="18796" width="2700" numeric="false"/>
                <FORMATCOL name="DrawingNo" text="27270" width="3000" numeric="false"/>
                <FORMATCOL_EXTRA name="ERI" text="24120" width="2400" numeric="false" dynamicSource="Metadata" dynamicParam="ERI"/>
                <FORMATCOL name="Date_Time" colName="Datum" text="19911" width="3000" numeric="false"/>
                <FORMATCOL name="Sign" colName="Signatur" text="16617" width="4000" numeric="false"/>
            </MACHINETYPE>
            <MACHINETYPE name="PAM" text="40317">
                <FORMATCOL name="CaseDimensions" text="27267" width="3000" numeric="false"/>
                <FORMATCOL name="Layers_Pallet" text="23162" width="2000" numeric="true"/>
                <FORMATCOL name="PalletSize" text="27269" width="2700" numeric="false"/>
                <FORMATCOL name="DrawingNo" text="27270" width="3000" numeric="false"/>
                <FORMATCOL_EXTRA name="ERI" text="24120" width="2400" numeric="false" dynamicSource="Metadata" dynamicParam="ERI"/>
                <FORMATCOL name="Date_Time" colName="Datum" text="19911" width="3000" numeric="false"/>
                <FORMATCOL name="Sign" colName="Signatur" text="16617" width="4000" numeric="false"/>
            </MACHINETYPE>
            <MACHINETYPE name="IBC" text="30932">
                <FORMATCOL name="Products_Bottle" text="31718" width="2400" numeric="true"/>
                <FORMATCOL name="Bottle" text="30939" width="2100" numeric="false"/>
                <FORMATCOL name="Cap" text="30940" width="2100" numeric="false"/>
                <FORMATCOL name="Product" text="18524" width="2100" numeric="false"/>
                <FORMATCOL name="Cycles_Min" text="13593" width="1750" numeric="true"/>
                <FORMATCOL name="Desiccant" text="30942" width="2400" numeric="false"/>
                <FORMATCOL_EXTRA name="ERI" text="24120" width="2400" numeric="false" dynamicSource="Metadata" dynamicParam="ERI"/>
                <FORMATCOL name="Date_Time" colName="Datum" text="19911" width="3000" numeric="false"/>
                <FORMATCOL name="Sign" colName="Signatur" text="16617" width="4000" numeric="false"/>
            </MACHINETYPE>
            <MACHINETYPE name="Master" text="22628">
                <FORMATCOL_EXTRA name="ERI" text="24120" width="2400" numeric="false" dynamicSource="Metadata" dynamicParam="ERI"/>
                <FORMATCOL name="Date_Time" colName="Datum" text="19911" width="3000" numeric="false"/>
                <FORMATCOL name="Sign" colName="Signatur" text="16617" width="4000" numeric="false"/>
            </MACHINETYPE>
        </MACHINES>
        <SUBFORMATS>
            <SUBFORMATDEF name="CSAT">
                <FORMATCOL name="CSAT" text="13683" width="3000" numeric="false"/>
                <FORMATCOL name="Cycles_Min" text="13593" width="1750" numeric="true"/>
                <FORMATCOL name="Date_Time" colName="Datum" text="19911" width="3000" numeric="false"/>
                <FORMATCOL name="Sign" colName="Signatur" text="16617" width="4000" numeric="false"/>
            </SUBFORMATDEF>
        </SUBFORMATS>
    </FORMATDEFINITION>
</PM_META>
