<?xml version='1.0' encoding="UTF-8" ?>
<?xml-stylesheet type='text/xsl' href="file://C:/vimacon/stylesheets/vico/almanach.xsl" ?>


<HISTORY module="FDS" company="Uhlmann" author="Roland Dreyer" created="2008-10-31">
    <DESC lang="de">Formatdatenserver</DESC>
    <DESC lang="en">Electronic record server</DESC>
    <RECORD type="vico_generated" user="preusch" timestamp="1234457229" date="2009-02-12T17:47:09">
        <USER_COMMENT user="preusch" date="2009-02-12T17:47:09">Initial Module Document Generated by Vico Module Management System</USER_COMMENT>
        <MACHINE name="B1880 139/307" serialno="139/307" version="3.29" kind="BLM" type="B1880" subtype="MTK"/>
        <MODDESC kind="equip_fds" version="3.50.0"/>
    </RECORD>
</HISTORY>

