<?xml version="1.0" encoding="ISO-8859-1"?>
<!DOCTYPE HMI_CONTROLS SYSTEM "file://localhost/vimacon/dtds/tc3_0/hmi_controls.dtd">

<HMI_CONTROLS>
    <GROUP name="FF_PinHole_GRP_MSR_PinHole" pvPrefix="" text="13706" help="100001" cmt="MSR_Risserkennung_FF" stateActive="16760735" category="" rightVisible="2072" rightActive="2064" icon="" controlSwitch="FF_PinHole_SWI_MSR_PinHole_Active">
        <CONFIG name="FF_PinHole_GRP_MSR_PinHole.CON_Section" pvName="FF_PinHole_CON_MSR_PinHole_Section" cmt="MSR_Risserkennung_FF_Strecke" text="12782" help="100002" stateActive="16760735" pdcActive="0" anyPosActive="1" unit="0" format="" formula="" category="" rightVisible="2072" rightActive="2064"/>
        <CONFIG name="FF_PinHole_GRP_MSR_PinHole.CON_OffsetPlus" pvName="FF_PinHole_CON_MSR_PinHole_OffsetPlus" cmt="MSR_Risserkennung_FF_Offset+" text="12783" help="100002" stateActive="16760735" pdcActive="0" anyPosActive="1" unit="0" format="" formula="" category="" rightVisible="2072" rightActive="2064"/>
        <CONFIG name="FF_PinHole_GRP_MSR_PinHole.CON_OffsetMinus" pvName="FF_PinHole_CON_MSR_PinHole_OffsetMinus" cmt="MSR_Risserkennung_FF_Offset-" text="12784" help="100002" stateActive="16760735" pdcActive="0" anyPosActive="1" unit="0" format="" formula="" category="" rightVisible="2072" rightActive="2064"/>
        <CONFIG name="FF_PinHole_GRP_MSR_PinHole.CON_SerialError" pvName="FF_PinHole_CON_MSR_PinHole_SerialError" cmt="MSR_Risserkennung_FF_Serienfehler" text="12788" help="100002" stateActive="16760735" pdcActive="0" anyPosActive="1" unit="0" format="" formula="" category="" rightVisible="2072" rightActive="2064"/>
        <CONFIG name="FF_PinHole_GRP_MSR_PinHole.CON_I_SerialError" pvName="FF_PinHole_CON_MSR_PinHole_I_SerialError" cmt="Z�hlung Risserkennung FF" text="32909" help="100001" stateActive="0" pdcActive="0" anyPosActive="0" unit="" format="" formula="" category="" rightVisible="2072" rightActive="2064"/>
    </GROUP>
    <SWITCH name="FF_PinHole_SWI_MSR_PinHole_Active" pvName="FF_PinHole_SWI_MSR_PinHole_Active" type="1" text="13706" help="50169" cmt="MSR_Risserkennung_FF_EIN_AUS" stateActive="16760735" pdcActive="0" anyPosActive="1" category="" rightVisible="2072" rightActive="2064" icon="">
        <STATE index="0" text="7101" value="0"/>
        <STATE index="1" text="7102" value="1"/>
    </SWITCH>
    <CONFIG name="FF_PinHole_I_StatCount_PinHole" pvName="FF_PinHole_I_StatCount_PinHole" cmt="Statistikz�hler Folienriss" text="16366" help="100001" stateActive="0" pdcActive="0" anyPosActive="0" unit="" format="" formula="" category="" rightVisible="2076" rightActive="2076"/>
</HMI_CONTROLS>
