<?xml version="1.0" encoding="UTF-8"?>
<!DOCTYPE TEXTS SYSTEM "file://localhost/vimacon/dtds/tc2_8/texts.dtd">

<TEXTS>
  <TEXT id="19210" sym="" lang="en" country="">Batch Manager configuration error.</TEXT>
  <TEXT id="19211" sym="" lang="en" country="">Communication error. No response from broker client.</TEXT>
  <TEXT id="19212" sym="" lang="en" country="">Batch start aborted. The batch controller is not in state „Ready for new batch“.</TEXT>
  <TEXT id="19213" sym="" lang="en" country="">Batch start aborted. The label files could not be read.</TEXT>
  <TEXT id="19214" sym="" lang="en" country="">Batch start aborted. The batch data are incomplete.</TEXT>
  <TEXT id="19215" sym="" lang="en" country="">Batch start aborted. The PDA counters on the PLC could not be reset.</TEXT>
  <TEXT id="19216" sym="" lang="en" country="">Batch start aborted. The PDA component signals a error.</TEXT>
  <TEXT id="19217" sym="" lang="en" country="">Batch start aborted. The batch data could not be saved as Electronic Record.</TEXT>
  <TEXT id="19218" sym="" lang="en" country="">Batch start aborted. A error occured while writing the label files to the destination directory.</TEXT>
  <TEXT id="19219" sym="" lang="en" country="">Batch start aborted. The batch and format data can currently not be loaded.</TEXT>
  <TEXT id="19220" sym="" lang="en" country="">Batch start aborted. A error occured while loading the batch and format data.</TEXT>
  <TEXT id="19221" sym="" lang="en" country="">Batch start aborted. The new batch can not be saved to the PDA database.</TEXT>
  <TEXT id="19222" sym="" lang="en" country="">Batch modification aborted. The batch controller is not in state „Batch started“.</TEXT>
  <TEXT id="19223" sym="" lang="en" country="">Batch modification aborted. The label files could not be read.</TEXT>
  <TEXT id="19224" sym="" lang="en" country="">Batch modification aborted. Some batch data must not be modified after a batch is started.</TEXT>
  <TEXT id="19225" sym="" lang="en" country="">Batch modification aborted. The batch data could not be saved as Electronic Record.</TEXT>
  <TEXT id="19226" sym="" lang="en" country="">Batch modification aborted. A error occured while writing the label files to the destination directory.</TEXT>
  <TEXT id="19227" sym="" lang="en" country="">Batch modification aborted. The batch and format data can currently not be loaded.</TEXT>
  <TEXT id="19228" sym="" lang="en" country="">Batch modification aborted. A error occured while loading the batch and format data.</TEXT>
  <TEXT id="19229" sym="" lang="en" country="">Batch modification aborted. The modified batch can not be saved to the PDA database.</TEXT>
  <TEXT id="19230" sym="" lang="en" country="">Batch finazlization aborted. No batch started..</TEXT>
  <TEXT id="19231" sym="" lang="en" country="">Batch finazlization aborted. The line is actually „Running“.</TEXT>
  <TEXT id="19232" sym="" lang="en" country="">Batch finazlization aborted. The PDA component indicates a error while finalizing the batch.</TEXT>
  <TEXT id="19233" sym="" lang="en" country="">Batch finazlization aborted. A erro occured while finalizing the batch in PDA database.</TEXT>
  <TEXT id="19234" sym="" lang="en" country="">The label files in the destination directories can not be deleted.</TEXT>
  <TEXT id="19235" sym="" lang="en" country="">The PDA counters on the PLC could not be reset.</TEXT>
  <TEXT id="19236" sym="" lang="en" country="">Begin of batch start.</TEXT>
  <TEXT id="19237" sym="" lang="en" country="">New batch started successfully.</TEXT>
  <TEXT id="19238" sym="" lang="en" country="">Batch parameter set.</TEXT>
  <TEXT id="19239" sym="" lang="en" country="">Begin of batch modification.</TEXT>
  <TEXT id="19240" sym="" lang="en" country="">Batch parameter modified.</TEXT>
  <TEXT id="19241" sym="" lang="en" country="">Batch modified successfully.</TEXT>
  <TEXT id="19242" sym="" lang="en" country="">Begin of batch finalization.</TEXT>
  <TEXT id="19243" sym="" lang="en" country="">Batch finalized.</TEXT>
  <TEXT id="19298" sym="" lang="en" country="">Batch start aborted. A batch with the batch ID does already exist.</TEXT>
  <TEXT id="20991" sym="" lang="en" country="">Start Batch</TEXT>
  <TEXT id="20992" sym="" lang="en" country="">Clear Batch</TEXT>
  <TEXT id="20993" sym="" lang="en" country="">Stop Batch</TEXT>
  <TEXT id="23439" sym="" lang="en" country="">Batch finalized. However, system could not be completely reset.</TEXT>
  <TEXT id="24147" sym="" lang="en" country="">Batch start aborted. Error while sending the batch data to the format data server.</TEXT>
  <TEXT id="24148" sym="" lang="en" country="">Batch modification aborted. Error while sending the batch data to the format data server.</TEXT>
  <TEXT id="24464" sym="" lang="en" country="">No response from Format Data Server</TEXT>
  <TEXT id="25005" sym="" lang="en" country="">Batch start aborted. Please ensure that all machines are stopped.</TEXT>
  <TEXT id="25006" sym="" lang="en" country="">Machine is not stopped. Data can not be loaded.</TEXT>
  <TEXT id="25022" sym="" lang="en" country="">Batch modification aborted. Please ensure that all machines are stopped.</TEXT>
  <TEXT id="25023" sym="" lang="en" country="">Batch stop aborted. Please ensure that all machines are stopped.</TEXT>
  <TEXT id="25938" sym="" lang="en" country="">Batch Manager is in local mode. Action not allowed.</TEXT>
  <TEXT id="25939" sym="" lang="en" country="">Batch Manager is in remote mode. Action not allowed.</TEXT>
  <TEXT id="25940" sym="" lang="en" country="">Local Mode</TEXT>
  <TEXT id="25941" sym="" lang="en" country="">Remote Mode</TEXT>
  <TEXT id="25944" sym="" lang="en" country="">Local/Remote mode must not be changed in current batch state.</TEXT>
  <TEXT id="25945" sym="" lang="en" country="">Internal error while setting local/remote mode. See bm.log.</TEXT>
  <TEXT id="27602" sym="" lang="en" country="">Change of batch status. Machine start is blocked.</TEXT>
  <TEXT id="28291" sym="" lang="en" country="">Error while de-/activating the components</TEXT>
  <TEXT id="28303" sym="" lang="en" country="">The external guidance system is not ready.</TEXT>
  <TEXT id="28328" sym="" lang="en" country="">Batch stop not possible. Not all critical alarms have been reported to external guidance system.</TEXT>
  <TEXT id="28345" sym="" lang="en" country="">Local Mode is activated. Machine start without connection to control system is possible.</TEXT>
  <TEXT id="28358" sym="" lang="en" country="">Batch start aborted. The guidance system is not ready.</TEXT>
  <TEXT id="31615" sym="" lang="en" country="">No response from data provider.</TEXT>
  <TEXT id="31616" sym="" lang="en" country="">The data received from provider is not conform with specification.</TEXT>
  <TEXT id="31617" sym="" lang="en" country="">Error at data provider. Unable to provide data.</TEXT>
  <TEXT id="32757" sym="" lang="en" country="">Batch start aborted. The batch ID already exists and can not be incremented automatically.</TEXT>
  <TEXT id="32850" sym="" lang="en" country="">Wait for input a stop reason</TEXT>
  <TEXT id="32854" sym="" lang="en" country="">Batch stop aborted. Please ensure that all stop reasons are reported.</TEXT>
  <TEXT id="32857" sym="" lang="en" country="">Batch stop aborted. The tracking system blocks the batch stop action.</TEXT>
  <TEXT id="33160" sym="" lang="en" country="">Transfer of production data failed.</TEXT>
  <TEXT id="33222" sym="" lang="en" country="">Transfer of production data was aborted by the user.</TEXT>
  <TEXT id="23309" sym="" lang="en" country="">Server not accessible</TEXT>
  <TEXT id="33227" sym="" lang="en" country="">Error while sending batch state to the site server.</TEXT>
  <TEXT id="33228" sym="" lang="en" country="">Update batch state</TEXT>
</TEXTS>

