<?xml version="1.0" encoding="UTF-8"?>
<!DOCTYPE PAGES SYSTEM "file://localhost/vimacon/dtds/tc2_8/pages.dtd">

<PAGES>
    <PAGE name="LF_VR_PrintControl" text="10487" help="0" type="3" menu="" cmt="LF OCR1PrintControl" rightVisible="-1" icon="" stationUse="1">
        <VISLET name="VR1_TXT_FormatId" showSymbol="0" x="" y=""/>
        <VISLET name="LF_VR_PrintControl_CAM_TriggerOCR" showSymbol="0" x="0" y="10"/>
        <VISLET name="LF_VR_PrintControl_GRP_MSR" showSymbol="0" x="" y=""/>
        <VISLET name="LF_VR_PrintControl_SET_LongSetting" showSymbol="0" x="0" y="20"/>
        <VISLET name="LF_VR_PrintControl_SET_HeighSetting" showSymbol="0" x="0" y="20"/>
        <VISLET name="LF_VR_PrintControl_SET_TransversSetting" showSymbol="0" x="0" y="20"/>
        <VISLET name="LF_VR_PrintControl_SET_QuerSetting" showSymbol="0" x="0" y="20"/>
    </PAGE>
</PAGES>
