<?xml version="1.0" encoding="ISO-8859-1"?>
<!DOCTYPE EQUIPMENT SYSTEM "file://localhost/vimacon/dtds/tc3_0/equipment.dtd">

<EQUIPMENT name="ElauPLCDiag" id="0" text="30607" configPath=".\bin\Max4Diagnose\config">
    <ACC_CONF>
        <acc name="ElauPLCDiag" mode="deactivated" startAccClient="no" debug="no" mainAppPrefix="TC_" sysAdminLevel="" bootIndex="" commTimeout=""/>
    </ACC_CONF>
    <LOGGING>
        <enabled>1</enabled>
        <file>C:\pm2004\log\Max4Diagnose.log</file>
    </LOGGING>
    <DRIVER_CONF>
        <commonKeyList>
            <key name="globalSettings">c:\pm2004\bin\GlobalConf\GlobalCfg.xml</key>
            <key name="RightForCanModification">2048</key>
            <key name="WorkingTableAvailable">1</key>
            <key name="CanDiagnoseAvailable">1</key>
        </commonKeyList>
    </DRIVER_CONF>
</EQUIPMENT>
