<?xml version="1.0" encoding="UTF-8"?>
<!DOCTYPE TEXTS SYSTEM "file://localhost/vimacon/dtds/tc2_8/texts.dtd">

<TEXTS>
    <TEXT id="8310" sym="" lang="de" country="DEU">FF Risserkennung</TEXT>
    <TEXT id="16957" sym="" lang="de" country="DEU">Blisterreihen</TEXT>
    <TEXT id="12783" sym="" lang="de" country="DEU">Offset+</TEXT>
    <TEXT id="12784" sym="" lang="de" country="DEU">Offset-</TEXT>
    <TEXT id="8474" sym="" lang="de" country="DEU">Serienfehler</TEXT>
    <TEXT id="9028" sym="" lang="de" country="DEU">Ein</TEXT>
    <TEXT id="9029" sym="" lang="de" country="DEU">Aus</TEXT>
    <TEXT id="16366" sym="" lang="de" country="DEU">Folienrisserkennung FF</TEXT>
    <TEXT id="16403" sym="" lang="de" country="DEU">Abstand zur Stanze</TEXT>
    <TEXT id="17615" sym="" lang="de" country="DEU">Sollwert Lichtempfindlichkeit</TEXT>
    <TEXT id="17616" sym="" lang="de" country="DEU">Istwert Lichtempfindlichkeit</TEXT>
    <TEXT id="12760" sym="" lang="de" country="DEU">Lichtblende</TEXT>
    <TEXT id="12759" sym="" lang="de" country="DEU">FOLIENRISSKONTROLLE</TEXT>
    <TEXT id="20106" sym="" lang="de" country="DEU">MSR Folienrisserkennung FF</TEXT>
</TEXTS>
