<?xml version="1.0" encoding="UTF-8"?>
<!DOCTYPE TEXTS SYSTEM "file://localhost/vimacon/dtds/tc2_8/texts.dtd">

<TEXTS>
    <TEXT id="8310" sym="" lang="en" country="USA">Pinhole detection forming film</TEXT>
    <TEXT id="16366" sym="" lang="en" country="USA">Pinhole detection ff</TEXT>
    <TEXT id="20106" sym="" lang="en" country="USA">MSR Pinhole detection FF</TEXT>
    <TEXT id="12759" sym="" lang="en" country="USA">PINHOLE DETECTION</TEXT>
    <TEXT id="12760" sym="" lang="en" country="USA">Light mask</TEXT>
</TEXTS>
