<?xml version="1.0" encoding="UTF-8"?>

<!DOCTYPE TEXTS SYSTEM "file://localhost/vimacon/dtds/tc2_8/texts.dtd">

<TEXTS>
    <TEXT id="8310" sym="" lang="en" country="USA">Pinhole detection forming film</TEXT>
    <TEXT id="20106" sym="" lang="en" country="USA">MSR Pinhole detection FF</TEXT>
    <TEXT id="16403" sym="" lang="en" country="USA">Distance to punch</TEXT>
    <TEXT id="32909" sym="" lang="en" country="USA">Pinhole counting  FF</TEXT>
    <TEXT id="16366" sym="" lang="en" country="USA">Pinhole detection ff</TEXT>
</TEXTS>

