<?xml version="1.0" encoding="UTF-8"?>
<!DOCTYPE TEXTS SYSTEM "file://localhost/vimacon/dtds/tc2_8/texts.dtd">

<TEXTS>
    <TEXT id="19923" sym="" lang="en" country="">Pharmacode</TEXT>
    <TEXT id="19926" sym="" lang="en" country="">Code39</TEXT>
    <TEXT id="19928" sym="" lang="en" country="">EAN</TEXT>
    <TEXT id="19931" sym="" lang="en" country="">Code93</TEXT>
    <TEXT id="19929" sym="" lang="en" country="">2/5 Interleaved</TEXT>
    <TEXT id="19925" sym="" lang="en" country="">CodaBar</TEXT>
    <TEXT id="19927" sym="" lang="en" country="">UPC</TEXT>
    <TEXT id="19932" sym="" lang="en" country="">Code128</TEXT>
    <TEXT id="19930" sym="" lang="en" country="">MSI</TEXT>
</TEXTS>
