<?xml version="1.0" encoding="ISO-8859-1"?>
<!DOCTYPE EQUIPMENT SYSTEM "file://localhost/vimacon/dtds/tc3_0/equipment.dtd">

<EQUIPMENT name="FDSView" id="0" text="20393" pingInterval="65000" bootIndex="7" commandLine="c:\pm2004\bin\FDSView\FDSView.exe,c:\pm2004\bin\FDSView,FDSView,TCExtFormatVerwaltung" configPath=".\bin\FDSView\config">
    <ACC_CONF>
        <acc name="FDSView" mode="deactivated" startAccClient="no" debug="no" mainAppPrefix="TC_" sysAdminLevel="" bootIndex="" commTimeout=""/>
    </ACC_CONF>
    <FDSView_CONF>
        <FDS_View_Configuration>
            <Settings>
                <SaveMachineFormatsWithLineFormatNumber>1</SaveMachineFormatsWithLineFormatNumber>                              
                <!-- specifies action, if a new line format is created.                                                         
                     0=Ask if machine formats should have the same number like the new line format                                   
                     1=save machine formats with new number                                                                          
                     2=Don't save machine formats -->                                                                                
                <SubscribeVars>
                    <FDS_DeviceInfoVar>FDS_DeviceInfo</FDS_DeviceInfoVar>
      	            <FDSMapping>FDS_GetFdsConfiguration</FDSMapping>
                    <BatchManagerOK>MIB_ConnectedToLib</BatchManagerOK>
                    <BatchCtrlState>FDS_BatchCtrlState</BatchCtrlState>
                </SubscribeVars>
                <BrokerVariablesFDSView>
                    <getAvailableFormats owner="FDS">FDS_GetAvailableFormats</getAvailableFormats>
                    <getVersionsOfFormat owner="FDS">FDS_GetVersionsOfFormat</getVersionsOfFormat>
                    <getAllVersionsOfSystem owner="FDS">FDS_GetAllVersionsOfSystem</getAllVersionsOfSystem>
                    <saveGF owner="FDS">FDS_SaveGF</saveGF>
                    <saveNewFormat owner="FDS">FDS_SaveNewFormat</saveNewFormat>
                    <overwriteFormat owner="FDS">FDS_OverwriteFormat</overwriteFormat>
                    <loadFormat owner="FDS">FDS_LoadFormat</loadFormat>
                    <loadPreviousFormat owner="FDS">FDS_LoadPreviousFormat</loadPreviousFormat>
                    <deleteFormat owner="FDS">FDS_DeleteFormat</deleteFormat>
                    <renameFormat owner="FDS">FDS_RenameFormat</renameFormat>
                    <readFormat owner="FDS">FDS_ReadFormat</readFormat>
                    <importFormat owner="FDS">FDS_ImportFormat</importFormat>
                    <signData owner="FDS">FDS_SignData</signData>
                    <lineInfo owner="FDS">FDS_LineInfo</lineInfo>
                    <machineInfo owner="FDS">FDS_MachineInfo</machineInfo>
                    <stationInfo owner="FDS">FDS_StationInfo</stationInfo>
                    <deviceInfo owner="FDS">FDS_DeviceInfo</deviceInfo>
                    <formatUpdate owner="FDS">FDS_FormatUpdate</formatUpdate>
                    <saveElectronicRecord owner="FDS">FDS_SaveER</saveElectronicRecord>
                    <overwriteElectronicRecord owner="FDS">FDS_OverwriteER</overwriteElectronicRecord>
                    <readAllAvailableElectronicRecords owner="FDS">FDS_ReadAllAvailableERs</readAllAvailableElectronicRecords>
                    <readElectronicRecord owner="FDS">FDS_ReadER</readElectronicRecord>
                    <deleteElectronicRecord owner="FDS">FDS_DeleteER</deleteElectronicRecord>
                    <getAllFiles owner="FDS">FDS_GetAllFiles</getAllFiles>
                    <checkInFile owner="FDS">FDS_CheckInFile</checkInFile>
                    <checkOutFile owner="FDS">FDS_CheckOutFile</checkOutFile>
                    <deleteFile owner="FDS">FDS_DeleteFile</deleteFile>
                    <changeList owner="FDS">FDS_ChangeList</changeList>
                    <status owner="FDS">FDS_Status</status>
                    <loadBatchData owner="FDS">FDS_LoadBatchData</loadBatchData>
                    <compareFormats owner="FDS">FDS_CompareFormats</compareFormats>
                    <approveFormat owner="FDS">FDS_ApproveFormat</approveFormat>
                    <saveSinglePV owner="FDS">FDS_SaveSinglePV</saveSinglePV>
                    <resetBatchData owner="FDS">FDS_ResetBatchData</resetBatchData>
                </BrokerVariablesFDSView>
                <Broker>
                    <ClientName>FDSView</ClientName>
                    <IP>localhost</IP>
                    <Port>5100</Port>
                    <ReconnectionTime>10</ReconnectionTime>
                    <SendSyncTimeout>120</SendSyncTimeout>
                </Broker>
                <DebugLog>
                    <LogFilePath>C:\pm2004\log</LogFilePath>
                    <LogFileName>FDSViewLog.txt</LogFileName>
                    <Enabled>true</Enabled>
                    <Level>6</Level>
                    <Overwrite>true</Overwrite>
                </DebugLog>
                <Signature>
                    <Active>1</Active>
                    <VerifyUserVar>ACS_UserVerification</VerifyUserVar>
                </Signature>
                <Rechte>
                    <Active>1</Active>
                </Rechte>
                <Report>
                    <caption>18758</caption>
                    <GlobalConfigFile>c:\pm2004\bin\GlobalConf\GlobalCfg.xml</GlobalConfigFile>
                    <ShowERI>false</ShowERI>
                    <ShowThumbnails>true</ShowThumbnails>
                    <ZoomTimes2>true</ZoomTimes2>
                </Report>
                <DaV>
                    <LeaveRootUpwards>true</LeaveRootUpwards>
                    <AllowDelete>false</AllowDelete>
                    <ShowDrives>true</ShowDrives>
                    <NewDir>true</NewDir>
                </DaV>
                <DefaultLanguage>
                    <Language>Englisch</Language>
                    <KeybLayout>00000409</KeybLayout>
                </DefaultLanguage>
                <Directories>
                    <!-- Comments for <ExportFileName>: Enter the filename for exported formats without path and extension. 
                         The following tags may be used:
                         %NO = Machine number 
                         %SP = System Path Name
                         %FID = Format ID
                         %SD = Date when the format was saved last time (in Format YYYY-MM-DD)
                         %ED = Date when the format was exported (in Format YYYY-MM-DD)
                         %Nx = One of the N-columns. Replace the x by column number. 
                               (Attention: Use input validation for the column to exclude characters which aren't allowed in file names) 
                         %ERI = Electronic Record Identifier -->
                    <ExportFileName>%SP_%FID_%SD</ExportFileName>
                    <Export>ExportFolder</Export>
                    <Import>ImportFolder</Import>
                    <Pictures>c:\pm2004\bin\tc\form\pictures\</Pictures>
                </Directories>
                <DisplayHelpBeforeLoadFormat></DisplayHelpBeforeLoadFormat>
                <DisplayHelpBeforeImportGF></DisplayHelpBeforeImportGF>
            </Settings>
        </FDS_View_Configuration>
    </FDSView_CONF>
    <TC_CONF>
        <SYSCONF category="FDS" sym="FDSView">c:\pm2004\bin\fdsview\fdsview.exe</SYSCONF>
    </TC_CONF>
</EQUIPMENT>
