<?xml version='1.0' encoding="ISO-8859-1"?>
<!DOCTYPE PPVS SYSTEM "file://localhost/vimacon/dtds/tc3_0/ppvs.dtd">

<PPVS>
    <PPV name="ElauPLC_StateMachine" varTxt="1" cmt="Machine state" kind="" dataType="" fmtSvr="" fmtTxt="" fmtCat="0" procCat="" protCat="" protTxt="" validate="0" sign="0" protocol="0"/>
    <PPV name="ElauPLC_SyncUp" varTxt="1" cmt="State device to HMI" kind="" dataType="" fmtSvr="" fmtTxt="" fmtCat="0" procCat="" protCat="" protTxt="" validate="0" sign="0" protocol="0"/>
    <PPV name="ElauPLC_SyncDown" varTxt="1" cmt="State HMI to device" kind="" dataType="" fmtSvr="" fmtTxt="" fmtCat="0" procCat="" protCat="" protTxt="" validate="0" sign="0" protocol="0"/>
    <PPV name="ElauPLC_ErrorReport" varTxt="1" cmt="Alarm reporting variable" kind="" dataType="" fmtSvr="" fmtTxt="" fmtCat="0" procCat="" protCat="" protTxt="" validate="0" sign="0" protocol="0"/>
    <PPV name="ElauPLC_ErrorReset" varTxt="1" cmt="Alarm reset variable" kind="" dataType="" fmtSvr="" fmtTxt="" fmtCat="0" procCat="" protCat="" protTxt="" validate="0" sign="0" protocol="0"/>
    <PPV name="ElauPLC_FormatLoadLock" varTxt="1" cmt="Lock format loading for equipment" kind="" dataType="" fmtSvr="" fmtTxt="" fmtCat="0" procCat="" protCat="" protTxt="" validate="0" sign="0" protocol="0"/>
    <PPV name="ElauPLC_SWI_ON_OFF" varTxt="27531" cmt="On/off switch" kind="" dataType="" fmtSvr="format" semantic="ElauPLC_1.OnOffSwitch:1" procCat="" protTxt="0" protCat="" fmtTxt="0" fmtCat="1" validate="1" sign="0" protocol="1" unit="">2</PPV>
</PPVS>
