<?xml version="1.0" encoding="ISO-8859-1"?>
<!DOCTYPE EQUIPMENT SYSTEM "file://localhost/vimacon/dtds/tc3_0/equipment.dtd">

<EQUIPMENT name="AuditTrailServer" id="0" text="20810" pingInterval="65000" bootIndex="0" commandLine="c:\pm2004\bin\ats\AuditTrailServer.exe,C:\pm2004\bin\ats,AuditTrailServer,Audit-Trail Server" configPath=".\bin\ats">
    <BASE_CONF activated="1" class="178" errorSet="ATS_ErrorReport" errorReset="ATS_ErrorReset"/>
    <BROKER_CONF>
        <BROKER_VARS>
            <MessageVar>AUDITMESSAGE</MessageVar>
            <TcpAliveCheckVar>AtsTcpAliveCheckVar</TcpAliveCheckVar>
        </BROKER_VARS>
    </BROKER_CONF>
    <LOGGING>
        <Enabled>true</Enabled>
        <Overwrite>true</Overwrite>
        <Level>6</Level>
        <LogFilePath>C:\pm2004\log</LogFilePath>
        <LogFileName>ATSLog.txt</LogFileName>
    </LOGGING>
    <ATS_CONF>
        <StartUpDelayTime>500</StartUpDelayTime>
        <DataBase>
            <ConnectionString>Provider=SQLOLEDB.1; Initial Catalog=ProductionDB;Data Source=localhost; UID=AuditTrailServer; Pwd=BFEIDAFCCJEPCPEPCGENBBFCCGEICEFCCEEPCKEPABENCAFCCGEIDDFCCIEPDEEP</ConnectionString>
            <DBSERVER>MS-SQL</DBSERVER>
            <MaxRecordCount>-1</MaxRecordCount>
            <MaxRecordsToDelete>0</MaxRecordsToDelete>
        </DataBase>
    </ATS_CONF>
    <DEVICE_ERRORS>
        <errNoProgError>66010</errNoProgError>
    </DEVICE_ERRORS>
    <TC_CONF>
        <SYSCONF category="AuditTrailServer" sym="AuditMsgVar">AUDITMESSAGE</SYSCONF>
        <SYSCONF category="Protokoll" sym="Aktiv">0</SYSCONF>
    </TC_CONF>
</EQUIPMENT>
