<?xml version="1.0" encoding="ISO-8859-1"?>
<!DOCTYPE EQUIPMENT SYSTEM "file://localhost/vimacon/dtds/tc3_0/equipment.dtd">

<EQUIPMENT name="ATV" id="0" text="22414" pingInterval="65000" bootIndex="7" commandLine="c:\pm2004\bin\atv\ATV.exe,C:\pm2004\bin\atv,ATV,ATV" configPath=".\bin\atv">
    <BROKER_CONF>
        <BROKER_VARS>
            <MessageVar owner="EXTERN">AUDITMESSAGE</MessageVar>
            <TcpAliveCheckVar owner="EXTERN">AtsTcpAliveCheckVar</TcpAliveCheckVar>
        </BROKER_VARS>
        <SUBSCRIBE_VARS>
            <ConnectedToLib>MIB_ConnectedToLib</ConnectedToLib>
        </SUBSCRIBE_VARS>
    </BROKER_CONF>
    <LOGGING>
        <Enabled>true</Enabled>
        <Overwrite>true</Overwrite>
        <Level>6</Level>
        <LogFilePath>C:\pm2004\log</LogFilePath>
        <LogFileName>ATVLog.txt</LogFileName>
    </LOGGING>
    <FILE_HANDLING>
        <LeaveRootUpwards>true</LeaveRootUpwards>
        <AllowDelete>false</AllowDelete>
        <ShowDrives>true</ShowDrives>
        <NewDir>true</NewDir>
    </FILE_HANDLING>
    <ATV_CONF>
        <AuditTrail>AUDITMESSAGE</AuditTrail>
        <OriginalText>0</OriginalText>
        <RightSignatureColumns>0</RightSignatureColumns>
        <ImportDirectory>C:\pm2004\bin\tc\Import</ImportDirectory>
        <ExportDirectory>C:\pm2004\bin\tc\Export</ExportDirectory>
        <FilterDirectory>C:\pm2004\bin\tc\Filter</FilterDirectory>
        <DataBase>
            <ConnectionString>Provider=SQLOLEDB.1; Initial Catalog=ProductionDB; Data Source=localhost; UID=AuditTrailServer; Pwd=BFEIDAFCCJEPCPEPCGENBBFCCGEICEFCCEEPCKEPABENCAFCCGEIDDFCCIEPDEEP</ConnectionString>
            <ConnectionStringLineDB>Provider=SQLOLEDB.1; Initial Catalog=ProductionDB; Data Source=192.168.1.1; UID=AuditTrailServer; Pwd=BFEIDAFCCJEPCPEPCGENBBFCCGEICEFCCEEPCKEPABENCAFCCGEIDDFCCIEPDEEP</ConnectionStringLineDB>
            <DBSERVER>MS-SQL</DBSERVER>
            <MaxRecords>1000</MaxRecords>
        </DataBase>
        <Report>
            <TxtAuditTrail>20810</TxtAuditTrail>
            <Designer>0</Designer>
            <GlobalConfigFile>c:\pm2004\bin\GlobalConf\GlobalCfg.xml</GlobalConfigFile>
        </Report>
    </ATV_CONF>
</EQUIPMENT>
