<?xml version='1.0' encoding="UTF-8" ?>
<?xml-stylesheet type='text/xsl' href="file://C:/vimacon/stylesheets/vico/almanach.xsl" ?>


<HISTORY module="ElauPLC" company="Uhlmann" author="Roland Dreyer" created="2007-05-14">
    <DESC lang="de">Elau SPS</DESC>
    <DESC lang="en">Elau PLC</DESC>
    <RECORD type="vico_generated" user="held_a" timestamp="1204555590" date="2008-03-03T15:46:30">
        <USER_COMMENT user="held_a" date="2008-03-03T15:46:30">Initial Module Document Generated by Vico Module Management System</USER_COMMENT>
        <MACHINE name="591401" serialno="" version="" kind="TFM" type="B1880" subtype="MTI"/>
        <MODDESC kind="equip_plc" version="3.34.0"/>
    </RECORD>
</HISTORY>

