<?xml version="1.0" encoding="UTF-8"?>
<!DOCTYPE TEXTS SYSTEM "file://localhost/vimacon/dtds/tc2_8/texts.dtd">

<TEXTS>
    <TEXT id="5" sym="" lang="de" country="">Gerät</TEXT>
    <TEXT id="6" sym="" lang="de" country="">Nummer</TEXT>
    <TEXT id="9409" sym="" lang="de" country="">Hiermit bestätigen Sie die nachfolgende Aktion mit Ihrer rechtlich-verbindlichen Unterschrift:</TEXT>
    <TEXT id="9416" sym="" lang="de" country="">Sie haben nicht die notwendige Berechtigung zum Durchführen dieser Aktion.</TEXT>
    <TEXT id="11680" sym="" lang="de" country="">Bezeichnung</TEXT>
    <TEXT id="12000" sym="" lang="de" country="">Typ</TEXT>
    <TEXT id="22466" sym="" lang="de" country="">Status</TEXT>
    <TEXT id="30601" sym="" lang="de" country="">Alle anpingen</TEXT>
    <TEXT id="30602" sym="" lang="de" country="">Knoten</TEXT>
    <TEXT id="30603" sym="" lang="de" country="">Knoten aktiv</TEXT>
    <TEXT id="30604" sym="" lang="de" country="">Überwachungsstatus</TEXT>
    <TEXT id="30605" sym="" lang="de" country="">Ping</TEXT>
    <TEXT id="30606" sym="" lang="de" country="">Senden</TEXT>
    <TEXT id="30607" sym="" lang="de" country="">CAN Diagnose</TEXT>
    <TEXT id="30608" sym="" lang="de" country="">Zustands-
tabelle</TEXT>
    <TEXT id="30642" sym="" lang="de" country="">CAN-Bus Status</TEXT>
    <TEXT id="30668" sym="" lang="de" country="">Alle anzeigen</TEXT>
    <TEXT id="30669" sym="" lang="de" country="">Fehler anzeigen</TEXT>
    <TEXT id="30670" sym="" lang="de" country="">Neustart CAN-Bus</TEXT>
    <TEXT id="30736" sym="" lang="de" country="">Ändern</TEXT>
    <TEXT id="30894" sym="" lang="de" country="">Deaktiviert anzeigen</TEXT>
    <TEXT id="32141" sym="" lang="de" country="">Funktionsmodul</TEXT>
    <TEXT id="32608" sym="" lang="de" country="">Diese Funktion ist nicht verfügbar.</TEXT>
</TEXTS>
