<?xml version="1.0" encoding="UTF-8"?>
<!DOCTYPE TEXTS SYSTEM "file://localhost/vimacon/dtds/tc2_8/texts.dtd">

<TEXTS>
    <TEXT id="8448" sym="" lang="de" country="">Fehler</TEXT>
    <TEXT id="11270" sym="" lang="de" country="">SPS</TEXT>
    <TEXT id="11271" sym="" lang="de" country="">Frequenzumrichter</TEXT>
    <TEXT id="18638" sym="" lang="de" country="">Initialisierung</TEXT>
    <TEXT id="19252" sym="" lang="de" country="">Unbekannt</TEXT>
    <TEXT id="20815" sym="" lang="de" country="">Konfiguration</TEXT>
    <TEXT id="23591" sym="" lang="de" country="">Drehgeber</TEXT>
    <TEXT id="27681" sym="" lang="de" country="">Senden fehlgeschlagen</TEXT>
    <TEXT id="28185" sym="" lang="de" country="">Deaktiviert</TEXT>
    <TEXT id="30300" sym="" lang="de" country="">Warten auf Daten</TEXT>
    <TEXT id="30643" sym="" lang="de" country="">In Betrieb</TEXT>
    <TEXT id="30644" sym="" lang="de" country="">Parametrierung</TEXT>
    <TEXT id="30645" sym="" lang="de" country="">Simulation</TEXT>
    <TEXT id="30646" sym="" lang="de" country="">Ein-/Ausg.-Knoten</TEXT>
    <TEXT id="30647" sym="" lang="de" country="">Stellmotor</TEXT>
    <TEXT id="30648" sym="" lang="de" country="">AS-i Gateway</TEXT>
    <TEXT id="30649" sym="" lang="de" country="">Ventilinsel</TEXT>
    <TEXT id="30650" sym="" lang="de" country="">nicht angefordert</TEXT>
    <TEXT id="30651" sym="" lang="de" country="">erfolgreich</TEXT>
    <TEXT id="30652" sym="" lang="de" country="">keine Antwort</TEXT>
    <TEXT id="30653" sym="" lang="de" country="">Senden nicht möglich</TEXT>
    <TEXT id="11497" sym="" lang="de" country="">Ausgangsdiagnose Nockenwerk</TEXT>
</TEXTS>
