<?xml version="1.0" encoding="UTF-8"?>
<!DOCTYPE TEXTS SYSTEM "file://localhost/vimacon/dtds/tc2_8/texts.dtd">

<TEXTS>
    <TEXT id="8448" sym="" lang="en" country="">Error</TEXT>
    <TEXT id="11270" sym="" lang="en" country="">PLC</TEXT>
    <TEXT id="11271" sym="" lang="en" country="">Frequency converter</TEXT>
    <TEXT id="18638" sym="" lang="en" country="">Initialization</TEXT>
    <TEXT id="19252" sym="" lang="en" country="">Unknown</TEXT>
    <TEXT id="20815" sym="" lang="en" country="">Configuration</TEXT>
    <TEXT id="23591" sym="" lang="en" country="">Solver</TEXT>
    <TEXT id="27681" sym="" lang="en" country="">Sending failed</TEXT>
    <TEXT id="28185" sym="" lang="en" country="">Disabled</TEXT>
    <TEXT id="30300" sym="" lang="en" country="">Waiting for Data</TEXT>
    <TEXT id="30643" sym="" lang="en" country="">operational</TEXT>
    <TEXT id="30644" sym="" lang="en" country="">pre-operational</TEXT>
    <TEXT id="30645" sym="" lang="en" country="">simulation</TEXT>
    <TEXT id="30646" sym="" lang="en" country="">I/O device</TEXT>
    <TEXT id="30647" sym="" lang="en" country="">positioning drive</TEXT>
    <TEXT id="30648" sym="" lang="en" country="">AS-i gateway</TEXT>
    <TEXT id="30649" sym="" lang="en" country="">valve block</TEXT>
    <TEXT id="30650" sym="" lang="en" country="">not requested</TEXT>
    <TEXT id="30651" sym="" lang="en" country="">successful</TEXT>
    <TEXT id="30652" sym="" lang="en" country="">no answer</TEXT>
    <TEXT id="30653" sym="" lang="en" country="">sending not possible</TEXT>
    <TEXT id="11497" sym="" lang="en" country="">Cam encoder output diagnostic</TEXT>
</TEXTS>
