<?xml version="1.0" encoding="ISO-8859-1"?>
<!DOCTYPE EQUIPMENT SYSTEM "file://localhost/vimacon/dtds/tc3_0/equipment.dtd">

<EQUIPMENT name="ACS" id="0" text="16361" pingInterval="65000" bootIndex="2" commandLine="c:\pm2004\bin\acs\startAcsJar.cmd,c:\pm2004\bin\acs,ACS,ACS" configPath=".\bin\acs\config">
    <BASE_CONF activated="1" class="66" format="ACS_FormatData" formatLoadLock="ACS_FormatLoadLock" stateFormatProgress="ACS_FormatProgress" fdsDeviceInit="FDS_DeviceInit" fdsChangeNotification="FDS_ChangeNotification" errorSet="ACS_ErrorReport" errorReset="ACS_ErrorReset"/>
    <BROKER_CONF>
        <BROKER_VARS>
            <login>ACS_Login</login>
            <logoutUserTriggered>ACS_LogoutUserTriggered</logoutUserTriggered>
            <logoutInactivityTriggered>ACS_LogoutInactivityTriggered</logoutInactivityTriggered>
            <changePwd>ACS_ChangePwd</changePwd>
            <changeInactivityTime>ACS_ChangeInactivityTime</changeInactivityTime>
            <accessSettings>ACS_Settings</accessSettings>
            <auditTrail owner="EXTERN">AUDITMESSAGE</auditTrail>
            <verifyUser>ACS_UserVerification</verifyUser>
            <accErrorReport>ACS_AccErrorReport</accErrorReport>
            <errorReport>ACS_ErrorReport</errorReport>
            <errorReset>ACS_ErrorReset</errorReset>
            <tcpAliveCheck>ACS_TcpAliveCheck</tcpAliveCheck>
            <LIBconnected owner="EXTERN">MIB_ConnectedToLib</LIBconnected>
            <deviceInit owner="EXTERN">FDS_DeviceInit</deviceInit>
            <changeNotification owner="EXTERN">FDS_ChangeNotification</changeNotification>
            <formatData owner="EXTERN">ACS_FormatData</formatData>
            <formatProgress owner="EXTERN">ACS_FormatProgress</formatProgress>
        </BROKER_VARS>
    </BROKER_CONF>
    <ACS_CONF>
        <baseAcs>
            <signalEmergencyMode>false</signalEmergencyMode>
            <pwdRemindPeriod>14</pwdRemindPeriod>
            <timeoutPeriod>60</timeoutPeriod>
            <tcpAliveCheckPeriod>30</tcpAliveCheckPeriod>
            <maxTcpAliveFailures>3</maxTcpAliveFailures>
            <inactivityTime>10</inactivityTime>
        </baseAcs>
        <errors>
            <item name="auditTrail" code="66000" critical="1"/>
            <item name="remoteAccLogin" code="1001" critical="0"/>
            <item name="remoteAccLogout" code="1002" critical="0"/>
            <item name="resetAcc" code="1003" critical="0"/>
            <item name="signalEmergencyMode" code="66006" critical="1"/>
            <item name="noDataFromFDS" code="66007" critical="1"/>
        </errors>
    </ACS_CONF>
    <TC_CONF>
        <SYSCONF category="Rechte" sym="Aktiv">1</SYSCONF>
        <SYSCONF category="Rechte" sym="AutoLogout">0</SYSCONF>
        <SYSCONF category="Rechte" sym="AutoLogoutTime">500000</SYSCONF>
        <SYSCONF category="Rechte" sym="MeldeDauer">300</SYSCONF>
        <SYSCONF category="Signature" sym="Active">1</SYSCONF>
        <SYSCONF category="Signature" sym="VerifyUserVar">ACS_UserVerification</SYSCONF>
        <SYSCONF category="Signature" sym="Timeout">120</SYSCONF>
    </TC_CONF>
</EQUIPMENT>
