<?xml version="1.0" encoding="UTF-8"?>

<!DOCTYPE TEXTS SYSTEM "file://localhost/vimacon/dtds/tc2_8/texts.dtd">

<TEXTS>
    <TEXT id="1" sym="" lang="de" country="DEU">#### Text ist nicht eingegeben ####</TEXT>
    <TEXT id="32573" sym="" lang="de" country="DEU">Zeitsprung festgestellt</TEXT>
    <TEXT id="28305" sym="" lang="de" country="DEU">Maschine ist nicht verfügbar</TEXT>
    <TEXT id="21492" sym="" lang="de" country="DEU">Error Manager</TEXT>
    <TEXT id="28549" sym="" lang="de" country="DEU">Linie ist nicht verfügbar</TEXT>
    <TEXT id="16360" sym="" lang="de" country="DEU">Audit Trail-Einträge werden nicht durchgeführt</TEXT>
</TEXTS>

