<?xml version="1.0" encoding="UTF-8"?>
<!DOCTYPE TEXTS SYSTEM "file://localhost/vimacon/dtds/tc2_8/texts.dtd">

<TEXTS>
    <TEXT id="16445" sym="" lang="de" country="DEU">Konfigurationsfehler - Variable unbekannt (Treiber)</TEXT>
    <TEXT id="5026" sym="" lang="de" country="DEU">%</TEXT>
    <TEXT id="1" sym="" lang="de" country="DEU">#### Text ist nicht eingegeben ####</TEXT>
    <TEXT id="12360" sym="" lang="de" country="DEU">Proportionalbereich Betrieb</TEXT>
    <TEXT id="12361" sym="" lang="de" country="DEU">Proportionalbereich Stillstand</TEXT>
    <TEXT id="12362" sym="" lang="de" country="DEU">Nachstellzeit Betrieb</TEXT>
    <TEXT id="12363" sym="" lang="de" country="DEU">Nachstellzeit Stillstand</TEXT>
    <TEXT id="12364" sym="" lang="de" country="DEU">Vorhaltzeit Betrieb</TEXT>
    <TEXT id="12365" sym="" lang="de" country="DEU">Vorhaltzeit Stillstand</TEXT>
    <TEXT id="12366" sym="" lang="de" country="DEU">Stellgradbegrenzung Betrieb</TEXT>
    <TEXT id="12367" sym="" lang="de" country="DEU">Stellgradbegrenzung Stillstand</TEXT>
    <TEXT id="12368" sym="" lang="de" country="DEU">Temperaturoffset</TEXT>
    <TEXT id="12369" sym="" lang="de" country="DEU">Schaltzykluszeit</TEXT>
    <TEXT id="12371" sym="" lang="de" country="DEU">Hysterese</TEXT>
    <TEXT id="11017" sym="" lang="de" country="DEU">INAKTIV</TEXT>
    <TEXT id="16579" sym="" lang="de" country="DEU">Stellgrad (Reglerausgang)</TEXT>
    <TEXT id="20439" sym="" lang="de" country="DEU">unbekannte Variable</TEXT>
    <TEXT id="20440" sym="" lang="de" country="DEU">Parsevorgang zum Treiber gescheitert</TEXT>
    <TEXT id="20441" sym="" lang="de" country="DEU">interner Treiberfehler</TEXT>
    <TEXT id="20442" sym="" lang="de" country="DEU">Keine Default - Formatdaten vom FDS</TEXT>
    <TEXT id="10968" sym="" lang="de" country="DEU">Verbindung zum Gerät abgebrochen</TEXT>
    <TEXT id="24673" sym="" lang="de" country="DEU">K</TEXT>
    <TEXT id="27531" sym="" lang="de" country="DEU">SPS-Anbindung</TEXT>
    <TEXT id="9505" sym="" lang="de" country="DEU">Fehler bei Überwachung CAN-Knoten</TEXT>
    <TEXT id="9506" sym="" lang="de" country="DEU">Diagnosemeldung von CAN-Knoten</TEXT>
    <TEXT id="9507" sym="" lang="de" country="DEU">Warnung von CAN-Knoten</TEXT>
    <TEXT id="9508" sym="" lang="de" country="DEU">Fehler in Konfiguration CAN-Bus</TEXT>
    <TEXT id="9510" sym="" lang="de" country="DEU">Systemfehler CAN-Bus</TEXT>
    <TEXT id="9511" sym="" lang="de" country="DEU">Fehler CAN-Bus</TEXT>
    <TEXT id="9512" sym="" lang="de" country="DEU">Systemfehler Fehlerbehandlung</TEXT>
    <TEXT id="9513" sym="" lang="de" country="DEU">Fehlerbehandlung: unbekanntes Fehlerbit</TEXT>
    <TEXT id="23403" sym="" lang="de" country="DEU">Parameteränderung im Offlinemodus</TEXT>
    <TEXT id="24914" sym="" lang="de" country="DEU">Stellgrad Start</TEXT>
    <TEXT id="10040" sym="" lang="de" country="DEU">[C]</TEXT>
    <TEXT id="7037" sym="" lang="de" country="DEU">Soll-Temperatur</TEXT>
    <TEXT id="7038" sym="" lang="de" country="DEU">Untere Toleranzgrenze</TEXT>
    <TEXT id="7039" sym="" lang="de" country="DEU">Obere Toleranzgrenze</TEXT>
    <TEXT id="7042" sym="" lang="de" country="DEU">Isttemperatur</TEXT>
    <TEXT id="7048" sym="" lang="de" country="DEU">Stellgrad (Reglerausgang)</TEXT>
    <TEXT id="7050" sym="" lang="de" country="DEU">Offset Ist-Temperatur 0T/min</TEXT>
    <TEXT id="19943" sym="" lang="de" country="DEU">Keine Antwort vom Geraet. Bitte Format erneut senden !!!</TEXT>
    <TEXT id="7263" sym="" lang="de" country="DEU">s</TEXT>
    <TEXT id="28207" sym="" lang="de" country="DEU">Gerät im Offlinemodus</TEXT>
    <TEXT id="28304" sym="" lang="de" country="DEU">ELAU SPS</TEXT>
    <TEXT id="26901" sym="" lang="de" country="DEU">Sollwert Bereitschaft</TEXT>
    <TEXT id="25539" sym="" lang="de" country="DEU">Sollwert</TEXT>
    <TEXT id="25540" sym="" lang="de" country="DEU">Istwert</TEXT>
    <TEXT id="17565" sym="" lang="de" country="DEU">°C</TEXT>
    <TEXT id="11963" sym="" lang="de" country="DEU">AKTIV</TEXT>
    <TEXT id="16360" sym="" lang="de" country="DEU">Audit Trail-Einträge werden nicht durchgeführt</TEXT>
    <TEXT id="16367" sym="" lang="de" country="DEU">Toleranz +/-</TEXT>
</TEXTS>
