<?xml version="1.0" encoding="UTF-8"?>
<!DOCTYPE TEXTS SYSTEM "file://localhost/vimacon/dtds/tc2_8/texts.dtd">

<TEXTS>
    <TEXT id="11017" sym="" lang="en" country="USA">INACTIVE</TEXT>
    <TEXT id="27531" sym="" lang="en" country="USA">PLC connection</TEXT>
    <TEXT id="9505" sym="" lang="en" country="USA">Error on CAN node guarding</TEXT>
    <TEXT id="9506" sym="" lang="en" country="USA">Diagnostic message of CAN node</TEXT>
    <TEXT id="9507" sym="" lang="en" country="USA">Warning of CAN node</TEXT>
    <TEXT id="9508" sym="" lang="en" country="USA">Error in configuration of CAN bus</TEXT>
    <TEXT id="9510" sym="" lang="en" country="USA">System error on CAN bus</TEXT>
    <TEXT id="9511" sym="" lang="en" country="USA">Error on CAN bus</TEXT>
    <TEXT id="9512" sym="" lang="en" country="USA">System error error-handler</TEXT>
    <TEXT id="9513" sym="" lang="en" country="USA">error-handler: unknown error bit</TEXT>
    <TEXT id="23403" sym="" lang="en" country="USA">Parameter change at offline mode</TEXT>
    <TEXT id="24914" sym="" lang="en" country="USA">Regulation ratio start</TEXT>
    <TEXT id="7050" sym="" lang="en" country="USA">Offset actual temperature</TEXT>
    <TEXT id="28304" sym="" lang="en" country="USA">ELAU PLC</TEXT>
    <TEXT id="26901" sym="" lang="en" country="USA">Set value standby</TEXT>
    <TEXT id="25539" sym="" lang="en" country="USA">Set value</TEXT>
    <TEXT id="25540" sym="" lang="en" country="USA">Actual value</TEXT>
    <TEXT id="11963" sym="" lang="en" country="USA">ACTIVE</TEXT>
    <TEXT id="10968" sym="" lang="en" country="USA">Connection to unit interrupted</TEXT>
    <TEXT id="28207" sym="" lang="en" country="USA">Device is in offline mode</TEXT>
    <TEXT id="24673" sym="" lang="en" country="USA">K</TEXT>
    <TEXT id="10040" sym="" lang="en" country="USA">[C]</TEXT>
    <TEXT id="7048" sym="" lang="en" country="USA">Regulation ratio  (controller output)</TEXT>
    <TEXT id="17565" sym="" lang="en" country="USA">°C</TEXT>
    <TEXT id="30608" sym="" lang="en" country="USA">Working Table</TEXT>
</TEXTS>
