<?xml version="1.0" encoding="UTF-8"?>
<!DOCTYPE TEXTS SYSTEM "file://localhost/vimacon/dtds/tc2_8/texts.dtd">

<TEXTS>
    <TEXT id="5" sym="" lang="de" country="">Gerät</TEXT>
    <TEXT id="6001" sym="" lang="de" country="">Abbrechen</TEXT>
    <TEXT id="8084" sym="" lang="de" country="">Ja</TEXT>
    <TEXT id="8154" sym="" lang="de" country="">Nein</TEXT>
    <TEXT id="8168" sym="" lang="de" country="">Information</TEXT>
    <TEXT id="8173" sym="" lang="de" country="">Maschine</TEXT>
    <TEXT id="8394" sym="" lang="de" country="">Start</TEXT>
    <TEXT id="8395" sym="" lang="de" country="">Ende</TEXT>
    <TEXT id="8442" sym="" lang="de" country="">Drucken</TEXT>
    <TEXT id="8532" sym="" lang="de" country="">Seitenanzahl</TEXT>
    <TEXT id="9042" sym="" lang="de" country="">zeige</TEXT>
    <TEXT id="9043" sym="" lang="de" country="">Bediener</TEXT>
    <TEXT id="9044" sym="" lang="de" country="">Fehler</TEXT>
    <TEXT id="9045" sym="" lang="de" country="">Charge</TEXT>
    <TEXT id="9046" sym="" lang="de" country="">Filter</TEXT>
    <TEXT id="9047" sym="" lang="de" country="">Filter Aus</TEXT>
    <TEXT id="9048" sym="" lang="de" country="">Drucken</TEXT>
    <TEXT id="9049" sym="" lang="de" country="">Sichern</TEXT>
    <TEXT id="9050" sym="" lang="de" country="">Laden</TEXT>
    <TEXT id="9051" sym="" lang="de" country="">Start:</TEXT>
    <TEXT id="9052" sym="" lang="de" country="">Stop:</TEXT>
    <TEXT id="9053" sym="" lang="de" country="">Charge:</TEXT>
    <TEXT id="9054" sym="" lang="de" country="">Kategorie</TEXT>
    <TEXT id="9055" sym="" lang="de" country="">Quelle</TEXT>
    <TEXT id="9056" sym="" lang="de" country="">Bediener</TEXT>
    <TEXT id="9057" sym="" lang="de" country="">Datum/Zeit</TEXT>
    <TEXT id="9058" sym="" lang="de" country="">Speichern</TEXT>
    <TEXT id="9059" sym="" lang="de" country="">Laden</TEXT>
    <TEXT id="9060" sym="" lang="de" country="">Datum und Zeitauswahl</TEXT>
    <TEXT id="9063" sym="" lang="de" country="">Abbruch</TEXT>
    <TEXT id="9065" sym="" lang="de" country="">-</TEXT>
    <TEXT id="9069" sym="" lang="de" country="">Datum</TEXT>
    <TEXT id="12728" sym="" lang="de" country="">Texte</TEXT>
    <TEXT id="12786" sym="" lang="de" country="">Zeit</TEXT>
    <TEXT id="17350" sym="" lang="de" country="">Index</TEXT>
    <TEXT id="17351" sym="" lang="de" country="">Alter Wert</TEXT>
    <TEXT id="17352" sym="" lang="de" country="">Neuer Wert</TEXT>
    <TEXT id="17353" sym="" lang="de" country="">Zusatztext</TEXT>
    <TEXT id="17354" sym="" lang="de" country="">Unterschrift ID</TEXT>
    <TEXT id="17355" sym="" lang="de" country="">Unterschrift Name</TEXT>
    <TEXT id="17356" sym="" lang="de" country="">Unterschrift Bedeutung</TEXT>
    <TEXT id="17547" sym="" lang="de" country="">Anzahl der angezeigten Audit Trail Einträge:</TEXT>
    <TEXT id="17548" sym="" lang="de" country="">Drücken Sie OK, um die angezeigten Audit Trail Daten auszudrucken.</TEXT>
    <TEXT id="17549" sym="" lang="de" country="">Es wurden keine Daten ausgewählt. Der Druckvorgang wird abgebrochen.</TEXT>
    <TEXT id="21554" sym="" lang="de" country="">Seite</TEXT>
    <TEXT id="28306" sym="" lang="de" country="">Notfallbetrieb: Es werden nur lokale Daten angezeigt.</TEXT>
</TEXTS>
