<?xml version="1.0" encoding="UTF-8"?>
<!DOCTYPE TEXTS SYSTEM "file://localhost/vimacon/dtds/tc2_8/texts.dtd">

<TEXTS>
    <TEXT id="22394" sym="" lang="de" country="">Auftragsdaten</TEXT>
    <TEXT id="22395" sym="" lang="de" country="">Audittrail  Viewer</TEXT>
    <TEXT id="22396" sym="" lang="de" country="">Kritischer Alarm</TEXT>
    <TEXT id="22397" sym="" lang="de" country="">Betriebsart</TEXT>
    <TEXT id="22398" sym="" lang="de" country="">Textänderung</TEXT>
    <TEXT id="22399" sym="" lang="de" country="">Fehler</TEXT>
    <TEXT id="22400" sym="" lang="de" country="">Validierter Zustand</TEXT>
    <TEXT id="22401" sym="" lang="de" country="">Zugangskontrolle</TEXT>
    <TEXT id="22402" sym="" lang="de" country="">Parameteränderung</TEXT>
    <TEXT id="22403" sym="" lang="de" country="">BDE</TEXT>
    <TEXT id="22404" sym="" lang="de" country="">Test</TEXT>
    <TEXT id="22405" sym="" lang="de" country="">Berechtigungsänderung</TEXT>
    <TEXT id="22406" sym="" lang="de" country="">Kommentar</TEXT>
    <TEXT id="22407" sym="" lang="de" country="">System</TEXT>
    <TEXT id="22408" sym="" lang="de" country="">Parameter Grenzenänderung</TEXT>
    <TEXT id="22409" sym="" lang="de" country="">Formatdaten</TEXT>
    <TEXT id="22410" sym="" lang="de" country="">Electronic Record</TEXT>
    <TEXT id="22411" sym="" lang="de" country="">unbekannt</TEXT>
</TEXTS>
