<?xml version="1.0" encoding="UTF-8"?>
<!DOCTYPE TEXTS SYSTEM "file://localhost/vimacon/dtds/tc2_8/texts.dtd">

<TEXTS>
    <TEXT id="22394" sym="" lang="en" country="">Batch order</TEXT>
    <TEXT id="22395" sym="" lang="en" country="">Audit trail viewer</TEXT>
    <TEXT id="22396" sym="" lang="en" country="">Critical alarm</TEXT>
    <TEXT id="22397" sym="" lang="en" country="">Run State</TEXT>
    <TEXT id="22398" sym="" lang="en" country="">Text change</TEXT>
    <TEXT id="22399" sym="" lang="en" country="">Error</TEXT>
    <TEXT id="22400" sym="" lang="en" country="">Validated state</TEXT>
    <TEXT id="22401" sym="" lang="en" country="">Access control</TEXT>
    <TEXT id="22402" sym="" lang="en" country="">Parameter change</TEXT>
    <TEXT id="22403" sym="" lang="en" country="">PDA</TEXT>
    <TEXT id="22404" sym="" lang="en" country="">Test</TEXT>
    <TEXT id="22405" sym="" lang="en" country="">Privilege change</TEXT>
    <TEXT id="22406" sym="" lang="en" country="">Comment</TEXT>
    <TEXT id="22407" sym="" lang="en" country="">System</TEXT>
    <TEXT id="22408" sym="" lang="en" country="">Parameter limit change</TEXT>
    <TEXT id="22409" sym="" lang="en" country="">Format data</TEXT>
    <TEXT id="22410" sym="" lang="en" country="">Electronic record</TEXT>
    <TEXT id="22411" sym="" lang="en" country="">unknown</TEXT>
</TEXTS>
