<?xml version="1.0" encoding="UTF-8"?>
<!DOCTYPE TEXTS SYSTEM "file://localhost/vimacon/dtds/tc2_8/texts.dtd">

<TEXTS>
    <TEXT id="5" sym="" lang="en" country="">Device</TEXT>
    <TEXT id="6001" sym="" lang="en" country="">Cancel</TEXT>
    <TEXT id="8084" sym="" lang="en" country="">Yes</TEXT>
    <TEXT id="8154" sym="" lang="en" country="">No</TEXT>
    <TEXT id="8168" sym="" lang="en" country="">Information</TEXT>
    <TEXT id="8173" sym="" lang="en" country="">Machine</TEXT>
    <TEXT id="8394" sym="" lang="en" country="">Start</TEXT>
    <TEXT id="8395" sym="" lang="en" country="">End</TEXT>
    <TEXT id="8442" sym="" lang="en" country="">Print</TEXT>
    <TEXT id="8532" sym="" lang="en" country="">Number of pages</TEXT>
    <TEXT id="9042" sym="" lang="en" country="">show</TEXT>
    <TEXT id="9043" sym="" lang="en" country="">User</TEXT>
    <TEXT id="9044" sym="" lang="en" country="">error</TEXT>
    <TEXT id="9045" sym="" lang="en" country="">batch</TEXT>
    <TEXT id="9046" sym="" lang="en" country="">filter</TEXT>
    <TEXT id="9047" sym="" lang="en" country="">reset filter</TEXT>
    <TEXT id="9048" sym="" lang="en" country="">print</TEXT>
    <TEXT id="9049" sym="" lang="en" country="">save</TEXT>
    <TEXT id="9050" sym="" lang="en" country="">load</TEXT>
    <TEXT id="9051" sym="" lang="en" country="">start:</TEXT>
    <TEXT id="9052" sym="" lang="en" country="">stop:</TEXT>
    <TEXT id="9053" sym="" lang="en" country="">batch:</TEXT>
    <TEXT id="9054" sym="" lang="en" country="">Category</TEXT>
    <TEXT id="9055" sym="" lang="en" country="">Device</TEXT>
    <TEXT id="9056" sym="" lang="en" country="">User</TEXT>
    <TEXT id="9057" sym="" lang="en" country="">Date/time</TEXT>
    <TEXT id="9058" sym="" lang="en" country="">Save</TEXT>
    <TEXT id="9059" sym="" lang="en" country="">Load</TEXT>
    <TEXT id="9060" sym="" lang="en" country="">Date/time</TEXT>
    <TEXT id="9063" sym="" lang="en" country="">Cancel</TEXT>
    <TEXT id="9065" sym="" lang="en" country="">-</TEXT>
    <TEXT id="9069" sym="" lang="en" country="">Date</TEXT>
    <TEXT id="12728" sym="" lang="en" country="">Text</TEXT>
    <TEXT id="12786" sym="" lang="en" country="">Time</TEXT>
    <TEXT id="17350" sym="" lang="en" country="">Index</TEXT>
    <TEXT id="17351" sym="" lang="en" country="">Old Value</TEXT>
    <TEXT id="17352" sym="" lang="en" country="">New Value</TEXT>
    <TEXT id="17353" sym="" lang="en" country="">Additional Text</TEXT>
    <TEXT id="17354" sym="" lang="en" country="">Signature ID</TEXT>
    <TEXT id="17355" sym="" lang="en" country="">Signature Name</TEXT>
    <TEXT id="17356" sym="" lang="en" country="">Signature Meaning</TEXT>
    <TEXT id="17547" sym="" lang="en" country="">Number of Audit Trail entries to be printed:</TEXT>
    <TEXT id="17548" sym="" lang="en" country="">Press OK to print the displayed Audit Trail data.</TEXT>
    <TEXT id="17549" sym="" lang="en" country="">No data selected for printing. The action is canceled.</TEXT>
    <TEXT id="21554" sym="" lang="en" country="">Page</TEXT>
    <TEXT id="28306" sym="" lang="en" country="">Emergency Mode: Only local data is shown.</TEXT>
</TEXTS>
