<?xml version='1.0' encoding="ISO-8859-1"?>
<!DOCTYPE PPVS SYSTEM "file://localhost/vimacon/dtds/tc3_0/ppvs.dtd">

<PPVS>
    <PPV name="CodeLidfoil_Code_RefCode.CODEVALUE" varTxt="27854" cmt="Referenzcode Deckfolie" kind="" dataType="" fmtSvr="" procCat="" protTxt="0" protCat="" fmtTxt="0" fmtCat="0" validate="0" sign="0" protocol="1">645</PPV>
    <PPV name="CodeLidfoil_Code_RefCode.CODETYP" varTxt="27855" cmt="Reference code type" kind="" dataType="" fmtSvr="" procCat="" protTxt="0" protCat="" fmtTxt="0" fmtCat="0" validate="0" sign="0" protocol="1" unit="">8</PPV>
    <PPV name="CodeLidfoil_Code_ActCode.CODEVALUE" varTxt="27856" cmt="Actual code value" kind="" dataType="" fmtSvr="" procCat="" protTxt="0" protCat="" fmtTxt="0" fmtCat="1" validate="0" sign="0" protocol="0">645</PPV>
    <PPV name="CodeLidfoil_Code_ActCode.CODETYP" varTxt="27856" cmt="Actual code type" kind="" dataType="" fmtSvr="" procCat="" protTxt="0" protCat="" fmtTxt="0" fmtCat="1" validate="0" sign="0" protocol="0" unit="">8</PPV>
    <PPV name="CodeLidfoil_SWI_ON_OFF" varTxt="17560" cmt="Device on/off switch" unit="" kind="" dataType="" fmtSvr="format" fmtTxt="" fmtCat="1" procCat="" protCat="" protTxt="" validate="1" sign="0" protocol="1" semantic="LLS540_51.OnOffSwitch:1">1</PPV>
    <PPV name="Lidfoil_LLS540_FormatData" varTxt="19992" cmt="Formatdata" kind="" dataType="" contentType="BLOB" fmtSvr="format" procCat="" protTxt="0" protCat="" fmtTxt="0" fmtCat="0" validate="1" sign="0" protocol="1">&lt;Format&gt;&lt;Structure&gt;&lt;Type&gt;Sensor.iBox-LLS540.ProductData&lt;/Type&gt;&lt;Version&gt;V1.0&lt;/Version&gt;&lt;/Structure&gt;&lt;Signature&gt;a7f88f8be7115f1e4e76760337fda5e&lt;/Signature&gt;&lt;Datas&gt;&lt;Data&gt;&lt;Index&gt;0&lt;/Index&gt;&lt;Name&gt;ProductData&lt;/Name&gt;&lt;Value&gt;&lt;Directory&gt;1,13,71&lt;/Directory&gt;&lt;/Value&gt;&lt;/Data&gt;&lt;Data&gt;&lt;Index&gt;1&lt;/Index&gt;&lt;Name&gt;ConfigData&lt;/Name&gt;&lt;Value&gt;&lt;Directory&gt;2-12&lt;/Directory&gt;&lt;/Value&gt;&lt;/Data&gt;&lt;Data&gt;&lt;Index&gt;2&lt;/Index&gt;&lt;Name&gt;BypassOutputMode&lt;/Name&gt;&lt;Value&gt;&lt;Integer&gt;0&lt;/Integer&gt;&lt;/Value&gt;&lt;/Data&gt;&lt;Data&gt;&lt;Index&gt;3&lt;/Index&gt;&lt;Name&gt;GateEndTimer&lt;/Name&gt;&lt;Value&gt;&lt;Integer&gt;0&lt;/Integer&gt;&lt;/Value&gt;&lt;/Data&gt;&lt;Data&gt;&lt;Index&gt;4&lt;/Index&gt;&lt;Name&gt;GateTimer&lt;/Name&gt;&lt;Value&gt;&lt;Integer&gt;0&lt;/Integer&gt;&lt;/Value&gt;&lt;/Data&gt;&lt;Data&gt;&lt;Index&gt;5&lt;/Index&gt;&lt;Name&gt;GatePolarity&lt;/Name&gt;&lt;Value&gt;&lt;Integer&gt;1&lt;/Integer&gt;&lt;/Value&gt;&lt;/Data&gt;&lt;Data&gt;&lt;Index&gt;6&lt;/Index&gt;&lt;Name&gt;ResultPulseOutput&lt;/Name&gt;&lt;Value&gt;&lt;Integer&gt;0&lt;/Integer&gt;&lt;/Value&gt;&lt;/Data&gt;&lt;Data&gt;&lt;Index&gt;7&lt;/Index&gt;&lt;Name&gt;ResultPulseLength&lt;/Name&gt;&lt;Value&gt;&lt;Integer&gt;2&lt;/Integer&gt;&lt;/Value&gt;&lt;/Data&gt;&lt;Data&gt;&lt;Index&gt;8&lt;/Index&gt;&lt;Name&gt;ResultPulseStaticMode&lt;/Name&gt;&lt;Value&gt;&lt;Integer&gt;0&lt;/Integer&gt;&lt;/Value&gt;&lt;/Data&gt;&lt;Data&gt;&lt;Index&gt;9&lt;/Index&gt;&lt;Name&gt;FaultOutputConfig&lt;/Name&gt;&lt;Value&gt;&lt;Integer&gt;0&lt;/Integer&gt;&lt;/Value&gt;&lt;/Data&gt;&lt;Data&gt;&lt;Index&gt;10&lt;/Index&gt;&lt;Name&gt;ReadingDistance&lt;/Name&gt;&lt;Value&gt;&lt;Integer&gt;40&lt;/Integer&gt;&lt;/Value&gt;&lt;/Data&gt;&lt;Data&gt;&lt;Index&gt;11&lt;/Index&gt;&lt;Name&gt;ScanningFrequency&lt;/Name&gt;&lt;Value&gt;&lt;Integer&gt;8&lt;/Integer&gt;&lt;/Value&gt;&lt;/Data&gt;&lt;Data&gt;&lt;Index&gt;12&lt;/Index&gt;&lt;Name&gt;ApplicationOption&lt;/Name&gt;&lt;Value&gt;&lt;Integer&gt;0&lt;/Integer&gt;&lt;/Value&gt;&lt;/Data&gt;&lt;Data&gt;&lt;Index&gt;13&lt;/Index&gt;&lt;Name&gt;SetupData&lt;/Name&gt;&lt;Value&gt;&lt;Directory&gt;14-23,26,31,37,43,48,53,58,62,64,66&lt;/Directory&gt;&lt;/Value&gt;&lt;/Data&gt;&lt;Data&gt;&lt;Index&gt;14&lt;/Index&gt;&lt;Name&gt;EvaluationStatus&lt;/Name&gt;&lt;Value&gt;&lt;Integer&gt;1&lt;/Integer&gt;&lt;/Value&gt;&lt;/Data&gt;&lt;Data&gt;&lt;Index&gt;15&lt;/Index&gt;&lt;Name&gt;MinCodePos&lt;/Name&gt;&lt;Value&gt;&lt;Integer&gt;0&lt;/Integer&gt;&lt;/Value&gt;&lt;/Data&gt;&lt;Data&gt;&lt;Index&gt;16&lt;/Index&gt;&lt;Name&gt;MaxCodePos&lt;/Name&gt;&lt;Value&gt;&lt;Integer&gt;100&lt;/Integer&gt;&lt;/Value&gt;&lt;/Data&gt;&lt;Data&gt;&lt;Index&gt;17&lt;/Index&gt;&lt;Name&gt;MinBarWidth&lt;/Name&gt;&lt;Value&gt;&lt;Integer&gt;50&lt;/Integer&gt;&lt;/Value&gt;&lt;/Data&gt;&lt;Data&gt;&lt;Index&gt;18&lt;/Index&gt;&lt;Name&gt;SegmentationMode&lt;/Name&gt;&lt;Value&gt;&lt;Integer&gt;0&lt;/Integer&gt;&lt;/Value&gt;&lt;/Data&gt;&lt;Data&gt;&lt;Index&gt;19&lt;/Index&gt;&lt;Name&gt;SegmentationParam&lt;/Name&gt;&lt;Value&gt;&lt;Integer&gt;8&lt;/Integer&gt;&lt;/Value&gt;&lt;/Data&gt;&lt;Data&gt;&lt;Index&gt;20&lt;/Index&gt;&lt;Name&gt;CodePrintInvers&lt;/Name&gt;&lt;Value&gt;&lt;Integer&gt;0&lt;/Integer&gt;&lt;/Value&gt;&lt;/Data&gt;&lt;Data&gt;&lt;Index&gt;21&lt;/Index&gt;&lt;Name&gt;MultipleRead&lt;/Name&gt;&lt;Value&gt;&lt;Integer&gt;3&lt;/Integer&gt;&lt;/Value&gt;&lt;/Data&gt;&lt;Data&gt;&lt;Index&gt;22&lt;/Index&gt;&lt;Name&gt;AllCodesActive&lt;/Name&gt;&lt;Value&gt;&lt;Integer&gt;0&lt;/Integer&gt;&lt;/Value&gt;&lt;/Data&gt;&lt;Data&gt;&lt;Index&gt;23&lt;/Index&gt;&lt;Name&gt;MatchCode1&lt;/Name&gt;&lt;Value&gt;&lt;Directory&gt;24,25&lt;/Directory&gt;&lt;/Value&gt;&lt;/Data&gt;&lt;Data&gt;&lt;Index&gt;24&lt;/Index&gt;&lt;Name&gt;RefCodeString&lt;/Name&gt;&lt;Value&gt;&lt;String&gt;010000110&lt;/String&gt;&lt;/Value&gt;&lt;/Data&gt;&lt;Data&gt;&lt;Index&gt;25&lt;/Index&gt;&lt;Name&gt;Symbology&lt;/Name&gt;&lt;Value&gt;&lt;Integer&gt;8&lt;/Integer&gt;&lt;/Value&gt;&lt;/Data&gt;&lt;Data&gt;&lt;Index&gt;26&lt;/Index&gt;&lt;Name&gt;MatchCode2&lt;/Name&gt;&lt;Value&gt;&lt;Directory&gt;27-30&lt;/Directory&gt;&lt;/Value&gt;&lt;/Data&gt;&lt;Data&gt;&lt;Index&gt;27&lt;/Index&gt;&lt;Name&gt;RefCodeString&lt;/Name&gt;&lt;Value&gt;&lt;String&gt;&lt;/String&gt;&lt;/Value&gt;&lt;/Data&gt;&lt;Data&gt;&lt;Index&gt;28&lt;/Index&gt;&lt;Name&gt;Symbology&lt;/Name&gt;&lt;Value&gt;&lt;Integer&gt;9&lt;/Integer&gt;&lt;/Value&gt;&lt;/Data&gt;&lt;Data&gt;&lt;Index&gt;29&lt;/Index&gt;&lt;Name&gt;Match2Enabled&lt;/Name&gt;&lt;Value&gt;&lt;Integer&gt;0&lt;/Integer&gt;&lt;/Value&gt;&lt;/Data&gt;&lt;Data&gt;&lt;Index&gt;30&lt;/Index&gt;&lt;Name&gt;Match2Mode&lt;/Name&gt;&lt;Value&gt;&lt;Integer&gt;0&lt;/Integer&gt;&lt;/Value&gt;&lt;/Data&gt;&lt;Data&gt;&lt;Index&gt;31&lt;/Index&gt;&lt;Name&gt;Code_CodaBar&lt;/Name&gt;&lt;Value&gt;&lt;Directory&gt;32-36&lt;/Directory&gt;&lt;/Value&gt;&lt;/Data&gt;&lt;Data&gt;&lt;Index&gt;32&lt;/Index&gt;&lt;Name&gt;FixedLength&lt;/Name&gt;&lt;Value&gt;&lt;Integer&gt;0&lt;/Integer&gt;&lt;/Value&gt;&lt;/Data&gt;&lt;Data&gt;&lt;Index&gt;33&lt;/Index&gt;&lt;Name&gt;TransmitCheckDigit&lt;/Name&gt;&lt;Value&gt;&lt;Integer&gt;1&lt;/Integer&gt;&lt;/Value&gt;&lt;/Data&gt;&lt;Data&gt;&lt;Index&gt;34&lt;/Index&gt;&lt;Name&gt;StartStopIdentical&lt;/Name&gt;&lt;Value&gt;&lt;Integer&gt;0&lt;/Integer&gt;&lt;/Value&gt;&lt;/Data&gt;&lt;Data&gt;&lt;Index&gt;35&lt;/Index&gt;&lt;Name&gt;TransmitStartStop&lt;/Name&gt;&lt;Value&gt;&lt;Integer&gt;0&lt;/Integer&gt;&lt;/Value&gt;&lt;/Data&gt;&lt;Data&gt;&lt;Index&gt;36&lt;/Index&gt;&lt;Name&gt;CheckDigitTest&lt;/Name&gt;&lt;Value&gt;&lt;Integer&gt;0&lt;/Integer&gt;&lt;/Value&gt;&lt;/Data&gt;&lt;Data&gt;&lt;Index&gt;37&lt;/Index&gt;&lt;Name&gt;Code_Code39&lt;/Name&gt;&lt;Value&gt;&lt;Directory&gt;38-42&lt;/Directory&gt;&lt;/Value&gt;&lt;/Data&gt;&lt;Data&gt;&lt;Index&gt;38&lt;/Index&gt;&lt;Name&gt;FixedLength&lt;/Name&gt;&lt;Value&gt;&lt;Integer&gt;0&lt;/Integer&gt;&lt;/Value&gt;&lt;/Data&gt;&lt;Data&gt;&lt;Index&gt;39&lt;/Index&gt;&lt;Name&gt;TransmitCheckDigit&lt;/Name&gt;&lt;Value&gt;&lt;Integer&gt;1&lt;/Integer&gt;&lt;/Value&gt;&lt;/Data&gt;&lt;Data&gt;&lt;Index&gt;40&lt;/Index&gt;&lt;Name&gt;TransmitStartStop&lt;/Name&gt;&lt;Value&gt;&lt;Integer&gt;0&lt;/Integer&gt;&lt;/Value&gt;&lt;/Data&gt;&lt;Data&gt;&lt;Index&gt;41&lt;/Index&gt;&lt;Name&gt;CheckDigitTest&lt;/Name&gt;&lt;Value&gt;&lt;Integer&gt;0&lt;/Integer&gt;&lt;/Value&gt;&lt;/Data&gt;&lt;Data&gt;&lt;Index&gt;42&lt;/Index&gt;&lt;Name&gt;Code32&lt;/Name&gt;&lt;Value&gt;&lt;Integer&gt;0&lt;/Integer&gt;&lt;/Value&gt;&lt;/Data&gt;&lt;Data&gt;&lt;Index&gt;43&lt;/Index&gt;&lt;Name&gt;Code_UPC&lt;/Name&gt;&lt;Value&gt;&lt;Directory&gt;44-47&lt;/Directory&gt;&lt;/Value&gt;&lt;/Data&gt;&lt;Data&gt;&lt;Index&gt;44&lt;/Index&gt;&lt;Name&gt;FixedLength&lt;/Name&gt;&lt;Value&gt;&lt;Integer&gt;1&lt;/Integer&gt;&lt;/Value&gt;&lt;/Data&gt;&lt;Data&gt;&lt;Index&gt;45&lt;/Index&gt;&lt;Name&gt;DecodeVersionA&lt;/Name&gt;&lt;Value&gt;&lt;Integer&gt;1&lt;/Integer&gt;&lt;/Value&gt;&lt;/Data&gt;&lt;Data&gt;&lt;Index&gt;46&lt;/Index&gt;&lt;Name&gt;DecodeVersionE&lt;/Name&gt;&lt;Value&gt;&lt;Integer&gt;1&lt;/Integer&gt;&lt;/Value&gt;&lt;/Data&gt;&lt;Data&gt;&lt;Index&gt;47&lt;/Index&gt;&lt;Name&gt;AddOn&lt;/Name&gt;&lt;Value&gt;&lt;Integer&gt;0&lt;/Integer&gt;&lt;/Value&gt;&lt;/Data&gt;&lt;Data&gt;&lt;Index&gt;48&lt;/Index&gt;&lt;Name&gt;Code_EAN&lt;/Name&gt;&lt;Value&gt;&lt;Directory&gt;49-52&lt;/Directory&gt;&lt;/Value&gt;&lt;/Data&gt;&lt;Data&gt;&lt;Index&gt;49&lt;/Index&gt;&lt;Name&gt;FixedLength&lt;/Name&gt;&lt;Value&gt;&lt;Integer&gt;1&lt;/Integer&gt;&lt;/Value&gt;&lt;/Data&gt;&lt;Data&gt;&lt;Index&gt;50&lt;/Index&gt;&lt;Name&gt;DecodeVersion13Digit&lt;/Name&gt;&lt;Value&gt;&lt;Integer&gt;1&lt;/Integer&gt;&lt;/Value&gt;&lt;/Data&gt;&lt;Data&gt;&lt;Index&gt;51&lt;/Index&gt;&lt;Name&gt;DecodeVersion8Digit&lt;/Name&gt;&lt;Value&gt;&lt;Integer&gt;1&lt;/Integer&gt;&lt;/Value&gt;&lt;/Data&gt;&lt;Data&gt;&lt;Index&gt;52&lt;/Index&gt;&lt;Name&gt;AddOn&lt;/Name&gt;&lt;Value&gt;&lt;Integer&gt;0&lt;/Integer&gt;&lt;/Value&gt;&lt;/Data&gt;&lt;Data&gt;&lt;Index&gt;53&lt;/Index&gt;&lt;Name&gt;Code_2Of5Interleaved&lt;/Name&gt;&lt;Value&gt;&lt;Directory&gt;54-57&lt;/Directory&gt;&lt;/Value&gt;&lt;/Data&gt;&lt;Data&gt;&lt;Index&gt;54&lt;/Index&gt;&lt;Name&gt;FixedLength&lt;/Name&gt;&lt;Value&gt;&lt;Integer&gt;0&lt;/Integer&gt;&lt;/Value&gt;&lt;/Data&gt;&lt;Data&gt;&lt;Index&gt;55&lt;/Index&gt;&lt;Name&gt;TransmitCheckDigit&lt;/Name&gt;&lt;Value&gt;&lt;Integer&gt;1&lt;/Integer&gt;&lt;/Value&gt;&lt;/Data&gt;&lt;Data&gt;&lt;Index&gt;56&lt;/Index&gt;&lt;Name&gt;TransmitLeadingZero&lt;/Name&gt;&lt;Value&gt;&lt;Integer&gt;1&lt;/Integer&gt;&lt;/Value&gt;&lt;/Data&gt;&lt;Data&gt;&lt;Index&gt;57&lt;/Index&gt;&lt;Name&gt;CheckDigitTest&lt;/Name&gt;&lt;Value&gt;&lt;Integer&gt;0&lt;/Integer&gt;&lt;/Value&gt;&lt;/Data&gt;&lt;Data&gt;&lt;Index&gt;58&lt;/Index&gt;&lt;Name&gt;Code_MSI&lt;/Name&gt;&lt;Value&gt;&lt;Directory&gt;59-61&lt;/Directory&gt;&lt;/Value&gt;&lt;/Data&gt;&lt;Data&gt;&lt;Index&gt;59&lt;/Index&gt;&lt;Name&gt;FixedLength&lt;/Name&gt;&lt;Value&gt;&lt;Integer&gt;0&lt;/Integer&gt;&lt;/Value&gt;&lt;/Data&gt;&lt;Data&gt;&lt;Index&gt;60&lt;/Index&gt;&lt;Name&gt;TransmitCheckDigit&lt;/Name&gt;&lt;Value&gt;&lt;Integer&gt;1&lt;/Integer&gt;&lt;/Value&gt;&lt;/Data&gt;&lt;Data&gt;&lt;Index&gt;61&lt;/Index&gt;&lt;Name&gt;CheckDigitTest&lt;/Name&gt;&lt;Value&gt;&lt;Integer&gt;0&lt;/Integer&gt;&lt;/Value&gt;&lt;/Data&gt;&lt;Data&gt;&lt;Index&gt;62&lt;/Index&gt;&lt;Name&gt;Code_Code93&lt;/Name&gt;&lt;Value&gt;&lt;Directory&gt;63&lt;/Directory&gt;&lt;/Value&gt;&lt;/Data&gt;&lt;Data&gt;&lt;Index&gt;63&lt;/Index&gt;&lt;Name&gt;FixedLength&lt;/Name&gt;&lt;Value&gt;&lt;Integer&gt;0&lt;/Integer&gt;&lt;/Value&gt;&lt;/Data&gt;&lt;Data&gt;&lt;Index&gt;64&lt;/Index&gt;&lt;Name&gt;Code_Code128&lt;/Name&gt;&lt;Value&gt;&lt;Directory&gt;65&lt;/Directory&gt;&lt;/Value&gt;&lt;/Data&gt;&lt;Data&gt;&lt;Index&gt;65&lt;/Index&gt;&lt;Name&gt;FixedLength&lt;/Name&gt;&lt;Value&gt;&lt;Integer&gt;0&lt;/Integer&gt;&lt;/Value&gt;&lt;/Data&gt;&lt;Data&gt;&lt;Index&gt;66&lt;/Index&gt;&lt;Name&gt;Code_Pharma&lt;/Name&gt;&lt;Value&gt;&lt;Directory&gt;67-70&lt;/Directory&gt;&lt;/Value&gt;&lt;/Data&gt;&lt;Data&gt;&lt;Index&gt;67&lt;/Index&gt;&lt;Name&gt;FixedLength&lt;/Name&gt;&lt;Value&gt;&lt;Integer&gt;1&lt;/Integer&gt;&lt;/Value&gt;&lt;/Data&gt;&lt;Data&gt;&lt;Index&gt;68&lt;/Index&gt;&lt;Name&gt;ModuleWidth&lt;/Name&gt;&lt;Value&gt;&lt;Integer&gt;0&lt;/Integer&gt;&lt;/Value&gt;&lt;/Data&gt;&lt;Data&gt;&lt;Index&gt;69&lt;/Index&gt;&lt;Name&gt;Direction&lt;/Name&gt;&lt;Value&gt;&lt;Integer&gt;0&lt;/Integer&gt;&lt;/Value&gt;&lt;/Data&gt;&lt;Data&gt;&lt;Index&gt;70&lt;/Index&gt;&lt;Name&gt;AbsModuleWidth&lt;/Name&gt;&lt;Value&gt;&lt;Integer&gt;50&lt;/Integer&gt;&lt;/Value&gt;&lt;/Data&gt;&lt;Data&gt;&lt;Index&gt;71&lt;/Index&gt;&lt;Name&gt;TemporaryData&lt;/Name&gt;&lt;Value&gt;&lt;Directory&gt;72&lt;/Directory&gt;&lt;/Value&gt;&lt;/Data&gt;&lt;Data&gt;&lt;Index&gt;72&lt;/Index&gt;&lt;Name&gt;EvaluationTempBypassed&lt;/Name&gt;&lt;Value&gt;&lt;Integer&gt;0&lt;/Integer&gt;&lt;/Value&gt;&lt;/Data&gt;&lt;/Datas&gt;&lt;/Format&gt;</PPV>
</PPVS>
