<?xml version='1.0' encoding="ISO-8859-1"?>
<!DOCTYPE PPVS SYSTEM "file://localhost/vimacon/dtds/tc3_0/ppvs.dtd">

<PPVS>
    <PPV name="ElauPLC_CanDiagNames" varTxt="1" cmt="" kind="" fmtSvr="" fmtTxt="" fmtCat="0" validate="0" sign="0" protocol="0" semantic="Max4_0.CanDiagNames"/>
    <PPV name="ElauPLC_CanDiagActGuardState" varTxt="1" cmt="" kind="" fmtSvr="" fmtTxt="" fmtCat="0" validate="0" sign="0" protocol="0" semantic="Max4_0.CanDiagActGuardState"/>
    <PPV name="ElauPLC_CanDiagDeviceType" varTxt="1" cmt="" kind="" fmtSvr="" fmtTxt="" fmtCat="0" validate="0" sign="0" protocol="0" semantic="Max4_0.CanDiagDeviceType"/>
    <PPV name="ElauPLC_CanDiagNodeActive" varTxt="1" cmt="" kind="" fmtSvr="" fmtTxt="" fmtCat="0" validate="0" sign="0" protocol="0" semantic="Max4_0.CanDiagNodeActive"/>
    <PPV name="ElauPLC_CanDiagNodeNumber" varTxt="1" cmt="" kind="" fmtSvr="" fmtTxt="" fmtCat="0" validate="0" sign="0" protocol="0" semantic="Max4_0.CanDiagNodeNumber"/>
    <PPV name="ElauPLC_CanDiagPingState" varTxt="1" cmt="" kind="" fmtSvr="" fmtTxt="" fmtCat="0" validate="0" sign="0" protocol="0" semantic="Max4_0.CanDiagPingState"/>
    <PPV name="ElauPLC_CanDiagSetGuardState" varTxt="1" cmt="" kind="" fmtSvr="" fmtTxt="" fmtCat="0" validate="0" sign="0" protocol="0" semantic="Max4_0.CanDiagSetGuardState"/>
    <PPV name="ElauPLC_CanDiagSwNodeActive" varTxt="1" cmt="" kind="" fmtSvr="" fmtTxt="" fmtCat="0" validate="0" sign="0" protocol="0" semantic="Max4_0.CanDiagSwNodeActive"/>
    <PPV name="ElauPLC_CanDiagSwSendPing" varTxt="1" cmt="" kind="" fmtSvr="" fmtTxt="" fmtCat="0" validate="0" sign="0" protocol="0" semantic="Max4_0.CanDiagSwSendPing"/>
    <PPV name="ElauPLC_CanDiagNodesUsed" varTxt="1" cmt="" kind="" fmtSvr="" fmtTxt="" fmtCat="0" validate="0" sign="0" protocol="0" semantic="Max4_0.CanDiagNodesUsed"/>
    <PPV name="ElauPLC_CanDiagStateCanBus" varTxt="1" cmt="" kind="" fmtSvr="" fmtTxt="" fmtCat="0" validate="0" sign="0" protocol="0" semantic="Max4_0.CanDiagStateCanBus"/>
    <PPV name="ElauPLC_CanDiagPingAllNodes" varTxt="1" cmt="" kind="" fmtSvr="" fmtTxt="" fmtCat="0" validate="0" sign="0" protocol="0" semantic="Max4_0.CanDiagPingAllNodes"/>
    <PPV name="ElauPLC_CanDiagRestart" varTxt="1" cmt="" kind="" fmtSvr="" fmtTxt="" fmtCat="0" validate="0" sign="0" protocol="0" semantic="Max4_0.CanDiagRestart"/>
    <PPV name="ElauPLC_WorkingTable" varTxt="1" cmt="" kind="" fmtSvr="" fmtTxt="" fmtCat="0" validate="0" sign="0" protocol="0" semantic="Max4_0.PlcDiagTaskWorkingTable"/>
</PPVS>
